{"type": "FeatureCollection", "features": [{"type": "Feature", "geometry": {"type": "Point", "coordinates": [-170.27078, -2.32782]}, "properties": {"case_id": "case_5066f16df4c9", "severity": "high", "confidence": 0.8, "corroborated": false, "n_sensors": 1, "sources": ["ais"], "iuu_listed": false, "ship_name": "", "flag": "", "eez_iso_sov": "KIR", "summary": "high severity; seen by ais", "time_start_utc": "2014-06-04T03:53:41Z", "review_status": "new"}}, {"type": "Feature", "geometry": {"type": "Point", "coordinates": [-171.50932, -2.20805]}, "properties": {"case_id": "case_bbc316edf4f0", "severity": "high", "confidence": 0.8, "corroborated": false, "n_sensors": 1, "sources": ["ais"], "iuu_listed": false, "ship_name": "", "flag": "", "eez_iso_sov": "KIR", "summary": "high severity; seen by ais", "time_start_utc": "2014-08-15T06:38:37Z", "review_status": "new"}}, {"type": "Feature", "geometry": {"type": "Point", "coordinates": [-170.98219, -2.63163]}, "properties": {"case_id": "case_e62c7b0c067b", "severity": "high", "confidence": 0.8, "corroborated": false, "n_sensors": 1, "sources": ["ais"], "iuu_listed": false, "ship_name": "", "flag": "", "eez_iso_sov": "KIR", "summary": "high severity; seen by ais", "time_start_utc": "2014-08-19T05:46:11Z", "review_status": "new"}}, {"type": "Feature", "geometry": {"type": "Point", "coordinates": [-172.55793, -2.53959]}, "properties": {"case_id": "case_b7113a327d82", "severity": "high", "confidence": 0.8, "corroborated": false, "n_sensors": 1, "sources": ["ais"], "iuu_listed": false, "ship_name": "", "flag": "", "eez_iso_sov": "KIR", "summary": "high severity; seen by ais", "time_start_utc": "2014-11-27T23:44:50Z", "review_status": "new"}}, {"type": "Feature", "geometry": {"type": "Point", "coordinates": [-173.95039, -3.09387]}, "properties": {"case_id": "case_b507dd5b92e3", "severity": "high", "confidence": 0.8, "corroborated": false, "n_sensors": 1, "sources": ["ais"], "iuu_listed": false, "ship_name": "", "flag": "", "eez_iso_sov": "KIR", "summary": "high severity; seen by ais", "time_start_utc": "2014-12-02T10:19:38Z", "review_status": "new"}}, {"type": "Feature", "geometry": {"type": "Point", "coordinates": [-174.19743, -3.96986]}, "properties": {"case_id": "case_3d79ec8d6d94", "severity": "high", "confidence": 0.8, "corroborated": false, "n_sensors": 1, "sources": ["ais"], "iuu_listed": false, "ship_name": "", "flag": "", "eez_iso_sov": "KIR", "summary": "high severity; seen by ais", "time_start_utc": "2014-12-02T23:51:10Z", "review_status": "new"}}, {"type": "Feature", "geometry": {"type": "Point", "coordinates": [-174.24413, -3.9494]}, "properties": {"case_id": "case_aa53413f30d7", "severity": "high", "confidence": 0.8, "corroborated": false, "n_sensors": 1, "sources": ["ais"], "iuu_listed": false, "ship_name": "", "flag": "", "eez_iso_sov": "KIR", "summary": "high severity; seen by ais", "time_start_utc": "2014-12-03T11:06:38Z", "review_status": "new"}}, {"type": "Feature", "geometry": {"type": "Point", "coordinates": [-171.0216, -3.62715]}, "properties": {"case_id": "case_e7869c8d2efe", "severity": "high", "confidence": 0.8, "corroborated": false, "n_sensors": 1, "sources": ["ais"], "iuu_listed": false, "ship_name": "", "flag": "", "eez_iso_sov": "KIR", "summary": "high severity; seen by ais", "time_start_utc": "2014-12-04T17:12:23Z", "review_status": "new"}}, {"type": "Feature", "geometry": {"type": "Point", "coordinates": [-170.20144, -3.26376]}, "properties": {"case_id": "case_c263266e8282", "severity": "high", "confidence": 0.8, "corroborated": false, "n_sensors": 1, "sources": ["ais"], "iuu_listed": false, "ship_name": "", "flag": "", "eez_iso_sov": "KIR", "summary": "high severity; seen by ais", "time_start_utc": "2014-12-05T09:54:39Z", "review_status": "new"}}, {"type": "Feature", "geometry": {"type": "Point", "coordinates": [-171.05846, -3.48345]}, "properties": {"case_id": "case_8693f5699d47", "severity": "high", "confidence": 0.8, "corroborated": false, "n_sensors": 1, "sources": ["ais"], "iuu_listed": false, "ship_name": "", "flag": "", "eez_iso_sov": "KIR", "summary": "high severity; seen by ais", "time_start_utc": "2014-12-05T22:31:41Z", "review_status": "new"}}, {"type": "Feature", "geometry": {"type": "Point", "coordinates": [-170.62585, -3.35273]}, "properties": {"case_id": "case_d317de9fabbc", "severity": "high", "confidence": 0.8, "corroborated": false, "n_sensors": 1, "sources": ["ais"], "iuu_listed": false, "ship_name": "", "flag": "", "eez_iso_sov": "KIR", "summary": "high severity; seen by ais", "time_start_utc": "2014-12-06T10:07:06Z", "review_status": "new"}}, {"type": "Feature", "geometry": {"type": "Point", "coordinates": [-170.75818, -3.37933]}, "properties": {"case_id": "case_c9dfabad9062", "severity": "high", "confidence": 0.8, "corroborated": false, "n_sensors": 1, "sources": ["ais"], "iuu_listed": false, "ship_name": "", "flag": "", "eez_iso_sov": "KIR", "summary": "high severity; seen by ais", "time_start_utc": "2014-12-07T09:24:41Z", "review_status": "new"}}, {"type": "Feature", "geometry": {"type": "Point", "coordinates": [-170.41237, -3.32163]}, "properties": {"case_id": "case_0ed6702bbaec", "severity": "high", "confidence": 0.8, "corroborated": false, "n_sensors": 1, "sources": ["ais"], "iuu_listed": false, "ship_name": "", "flag": "", "eez_iso_sov": "KIR", "summary": "high severity; seen by ais", "time_start_utc": "2014-12-07T21:40:47Z", "review_status": "new"}}, {"type": "Feature", "geometry": {"type": "Point", "coordinates": [-171.03715, -3.48247]}, "properties": {"case_id": "case_4fcd807038f7", "severity": "high", "confidence": 0.8, "corroborated": false, "n_sensors": 1, "sources": ["ais"], "iuu_listed": false, "ship_name": "", "flag": "", "eez_iso_sov": "KIR", "summary": "high severity; seen by ais", "time_start_utc": "2014-12-13T06:48:46Z", "review_status": "new"}}, {"type": "Feature", "geometry": {"type": "Point", "coordinates": [-170.25107, -3.47078]}, "properties": {"case_id": "case_9761ffb8041c", "severity": "high", "confidence": 0.8, "corroborated": false, "n_sensors": 1, "sources": ["ais"], "iuu_listed": false, "ship_name": "", "flag": "", "eez_iso_sov": "KIR", "summary": "high severity; seen by ais", "time_start_utc": "2014-12-14T06:56:25Z", "review_status": "new"}}, {"type": "Feature", "geometry": {"type": "Point", "coordinates": [-170.16771, -3.46619]}, "properties": {"case_id": "case_aa2347a1211e", "severity": "high", "confidence": 0.8, "corroborated": false, "n_sensors": 1, "sources": ["ais"], "iuu_listed": false, "ship_name": "", "flag": "", "eez_iso_sov": "KIR", "summary": "high severity; seen by ais", "time_start_utc": "2014-12-14T19:02:23Z", "review_status": "new"}}, {"type": "Feature", "geometry": {"type": "Point", "coordinates": [-170.91491, -3.47485]}, "properties": {"case_id": "case_7b3476952b2d", "severity": "high", "confidence": 0.8, "corroborated": false, "n_sensors": 1, "sources": ["ais"], "iuu_listed": false, "ship_name": "", "flag": "", "eez_iso_sov": "KIR", "summary": "high severity; seen by ais", "time_start_utc": "2014-12-15T06:25:57Z", "review_status": "new"}}, {"type": "Feature", "geometry": {"type": "Point", "coordinates": [-163.43353, 28.22453]}, "properties": {"case_id": "case_5bed85a1f206", "severity": "high", "confidence": 0.8, "corroborated": false, "n_sensors": 1, "sources": ["ais"], "iuu_listed": false, "ship_name": "", "flag": "", "eez_iso_sov": "", "summary": "high severity; seen by ais", "time_start_utc": "2014-09-30T21:54:30Z", "review_status": "new"}}, {"type": "Feature", "geometry": {"type": "Point", "coordinates": [-171.86424, -4.10163]}, "properties": {"case_id": "case_601e59bc7c89", "severity": "high", "confidence": 0.8, "corroborated": false, "n_sensors": 1, "sources": ["ais"], "iuu_listed": false, "ship_name": "", "flag": "", "eez_iso_sov": "KIR", "summary": "high severity; seen by ais", "time_start_utc": "2014-06-06T01:39:29Z", "review_status": "new"}}, {"type": "Feature", "geometry": {"type": "Point", "coordinates": [-171.33611, -3.027]}, "properties": {"case_id": "case_e7ac7c39b93e", "severity": "high", "confidence": 0.8, "corroborated": false, "n_sensors": 1, "sources": ["ais"], "iuu_listed": false, "ship_name": "", "flag": "", "eez_iso_sov": "KIR", "summary": "high severity; seen by ais", "time_start_utc": "2014-06-21T02:01:39Z", "review_status": "new"}}, {"type": "Feature", "geometry": {"type": "Point", "coordinates": [-170.09177, -4.36437]}, "properties": {"case_id": "case_9a69e84f7003", "severity": "high", "confidence": 0.8, "corroborated": false, "n_sensors": 1, "sources": ["ais"], "iuu_listed": false, "ship_name": "", "flag": "", "eez_iso_sov": "KIR", "summary": "high severity; seen by ais", "time_start_utc": "2013-11-28T18:50:55Z", "review_status": "new"}}, {"type": "Feature", "geometry": {"type": "Point", "coordinates": [-171.91565, -3.47655]}, "properties": {"case_id": "case_708672d8729b", "severity": "high", "confidence": 0.8, "corroborated": false, "n_sensors": 1, "sources": ["ais"], "iuu_listed": false, "ship_name": "", "flag": "", "eez_iso_sov": "KIR", "summary": "high severity; seen by ais", "time_start_utc": "2013-11-07T03:03:07Z", "review_status": "new"}}, {"type": "Feature", "geometry": {"type": "Point", "coordinates": [-172.74154, -3.39057]}, "properties": {"case_id": "case_b755283395a4", "severity": "high", "confidence": 0.8, "corroborated": false, "n_sensors": 1, "sources": ["ais"], "iuu_listed": false, "ship_name": "", "flag": "", "eez_iso_sov": "KIR", "summary": "high severity; seen by ais", "time_start_utc": "2013-11-11T04:38:02Z", "review_status": "new"}}, {"type": "Feature", "geometry": {"type": "Point", "coordinates": [-172.86593, -3.31778]}, "properties": {"case_id": "case_5a15a92cef49", "severity": "high", "confidence": 0.8, "corroborated": false, "n_sensors": 1, "sources": ["ais"], "iuu_listed": false, "ship_name": "", "flag": "", "eez_iso_sov": "KIR", "summary": "high severity; seen by ais", "time_start_utc": "2013-11-11T11:07:33Z", "review_status": "new"}}, {"type": "Feature", "geometry": {"type": "Point", "coordinates": [-172.77185, -3.37157]}, "properties": {"case_id": "case_14a8c0d1c0aa", "severity": "high", "confidence": 0.8, "corroborated": false, "n_sensors": 1, "sources": ["ais"], "iuu_listed": false, "ship_name": "", "flag": "", "eez_iso_sov": "KIR", "summary": "high severity; seen by ais", "time_start_utc": "2013-11-11T21:23:25Z", "review_status": "new"}}, {"type": "Feature", "geometry": {"type": "Point", "coordinates": [148.92999, -10.62]}, "properties": {"case_id": "case_1f0b0ad22000", "severity": "low", "confidence": 0.3, "corroborated": false, "n_sensors": 1, "sources": ["sar"], "iuu_listed": false, "ship_name": "", "flag": "", "eez_iso_sov": "PNG", "summary": "low severity; seen by sar", "time_start_utc": "2024-01-01T08:29:59Z", "review_status": "new"}}, {"type": "Feature", "geometry": {"type": "Point", "coordinates": [151.46556, -23.91444]}, "properties": {"case_id": "case_746c432d781b", "severity": "low", "confidence": 0.3, "corroborated": false, "n_sensors": 1, "sources": ["sar"], "iuu_listed": false, "ship_name": "", "flag": "", "eez_iso_sov": "AUS", "summary": "low severity; seen by sar", "time_start_utc": "2024-01-01T08:29:59Z", "review_status": "new"}}, {"type": "Feature", "geometry": {"type": "Point", "coordinates": [150.5, -22.42]}, "properties": {"case_id": "case_4ae63c9b33e0", "severity": "low", "confidence": 0.3, "corroborated": false, "n_sensors": 1, "sources": ["sar"], "iuu_listed": false, "ship_name": "", "flag": "", "eez_iso_sov": "AUS", "summary": "low severity; seen by sar", "time_start_utc": "2024-01-01T08:29:59Z", "review_status": "new"}}, {"type": "Feature", "geometry": {"type": "Point", "coordinates": [151.21001, -23.8]}, "properties": {"case_id": "case_8a2db0a55395", "severity": "low", "confidence": 0.3, "corroborated": false, "n_sensors": 1, "sources": ["sar"], "iuu_listed": false, "ship_name": "", "flag": "", "eez_iso_sov": "AUS", "summary": "low severity; seen by sar", "time_start_utc": "2024-01-01T08:29:59Z", "review_status": "new"}}, {"type": "Feature", "geometry": {"type": "Point", "coordinates": [148.065, -19.705]}, "properties": {"case_id": "case_ec05e832565b", "severity": "low", "confidence": 0.3, "corroborated": false, "n_sensors": 1, "sources": ["sar"], "iuu_listed": false, "ship_name": "", "flag": "", "eez_iso_sov": "AUS", "summary": "low severity; seen by sar", "time_start_utc": "2024-01-01T08:29:59Z", "review_status": "new"}}, {"type": "Feature", "geometry": {"type": "Point", "coordinates": [150.32001, -22.2]}, "properties": {"case_id": "case_3be0b1faecd4", "severity": "low", "confidence": 0.3, "corroborated": false, "n_sensors": 1, "sources": ["sar"], "iuu_listed": false, "ship_name": "", "flag": "", "eez_iso_sov": "AUS", "summary": "low severity; seen by sar", "time_start_utc": "2024-01-01T08:29:59Z", "review_status": "new"}}, {"type": "Feature", "geometry": {"type": "Point", "coordinates": [146.85667, -19.2]}, "properties": {"case_id": "case_8fe854fab50b", "severity": "low", "confidence": 0.3, "corroborated": false, "n_sensors": 1, "sources": ["sar"], "iuu_listed": false, "ship_name": "", "flag": "", "eez_iso_sov": "AUS", "summary": "low severity; seen by sar", "time_start_utc": "2024-01-01T08:29:59Z", "review_status": "new"}}, {"type": "Feature", "geometry": {"type": "Point", "coordinates": [146.74001, -16.67]}, "properties": {"case_id": "case_99ec760fd261", "severity": "low", "confidence": 0.3, "corroborated": false, "n_sensors": 1, "sources": ["sar"], "iuu_listed": false, "ship_name": "", "flag": "", "eez_iso_sov": "AUS", "summary": "low severity; seen by sar", "time_start_utc": "2024-01-01T08:29:59Z", "review_status": "new"}}, {"type": "Feature", "geometry": {"type": "Point", "coordinates": [146.16, -17.57]}, "properties": {"case_id": "case_9b80d8ec243c", "severity": "low", "confidence": 0.3, "corroborated": false, "n_sensors": 1, "sources": ["sar"], "iuu_listed": false, "ship_name": "", "flag": "", "eez_iso_sov": "AUS", "summary": "low severity; seen by sar", "time_start_utc": "2024-01-01T08:29:59Z", "review_status": "new"}}, {"type": "Feature", "geometry": {"type": "Point", "coordinates": [146.07001, -18.29]}, "properties": {"case_id": "case_3f15e1b9b01d", "severity": "low", "confidence": 0.3, "corroborated": false, "n_sensors": 1, "sources": ["sar"], "iuu_listed": false, "ship_name": "", "flag": "", "eez_iso_sov": "AUS", "summary": "low severity; seen by sar", "time_start_utc": "2024-01-01T08:29:59Z", "review_status": "new"}}, {"type": "Feature", "geometry": {"type": "Point", "coordinates": [148.08666, -19.59333]}, "properties": {"case_id": "case_6a04760337f5", "severity": "low", "confidence": 0.3, "corroborated": false, "n_sensors": 1, "sources": ["sar"], "iuu_listed": false, "ship_name": "", "flag": "", "eez_iso_sov": "AUS", "summary": "low severity; seen by sar", "time_start_utc": "2024-01-01T08:29:59Z", "review_status": "new"}}, {"type": "Feature", "geometry": {"type": "Point", "coordinates": [149.60666, -22.24667]}, "properties": {"case_id": "case_05e15e2ff312", "severity": "low", "confidence": 0.3, "corroborated": false, "n_sensors": 1, "sources": ["sar"], "iuu_listed": false, "ship_name": "", "flag": "", "eez_iso_sov": "AUS", "summary": "low severity; seen by sar", "time_start_utc": "2024-01-01T08:29:59Z", "review_status": "new"}}, {"type": "Feature", "geometry": {"type": "Point", "coordinates": [150.0, -22.04]}, "properties": {"case_id": "case_25f21ad4b87e", "severity": "low", "confidence": 0.3, "corroborated": false, "n_sensors": 1, "sources": ["sar"], "iuu_listed": false, "ship_name": "", "flag": "", "eez_iso_sov": "AUS", "summary": "low severity; seen by sar", "time_start_utc": "2024-01-01T08:29:59Z", "review_status": "new"}}, {"type": "Feature", "geometry": {"type": "Point", "coordinates": [147.05, -17.07]}, "properties": {"case_id": "case_104e67b3c708", "severity": "low", "confidence": 0.3, "corroborated": false, "n_sensors": 1, "sources": ["sar"], "iuu_listed": false, "ship_name": "", "flag": "", "eez_iso_sov": "AUS", "summary": "low severity; seen by sar", "time_start_utc": "2024-01-01T08:29:59Z", "review_status": "new"}}, {"type": "Feature", "geometry": {"type": "Point", "coordinates": [149.45, -21.2]}, "properties": {"case_id": "case_130a9325dc78", "severity": "low", "confidence": 0.3, "corroborated": false, "n_sensors": 1, "sources": ["sar"], "iuu_listed": false, "ship_name": "", "flag": "", "eez_iso_sov": "AUS", "summary": "low severity; seen by sar", "time_start_utc": "2024-02-23T19:28:52Z", "review_status": "new"}}, {"type": "Feature", "geometry": {"type": "Point", "coordinates": [149.99001, -21.05]}, "properties": {"case_id": "case_308e66f1b950", "severity": "low", "confidence": 0.3, "corroborated": false, "n_sensors": 1, "sources": ["sar"], "iuu_listed": false, "ship_name": "", "flag": "", "eez_iso_sov": "AUS", "summary": "low severity; seen by sar", "time_start_utc": "2024-01-01T08:29:59Z", "review_status": "new"}}, {"type": "Feature", "geometry": {"type": "Point", "coordinates": [146.86, -17.55]}, "properties": {"case_id": "case_381f7da73b00", "severity": "low", "confidence": 0.3, "corroborated": false, "n_sensors": 1, "sources": ["sar"], "iuu_listed": false, "ship_name": "", "flag": "", "eez_iso_sov": "AUS", "summary": "low severity; seen by sar", "time_start_utc": "2024-01-01T08:29:59Z", "review_status": "new"}}, {"type": "Feature", "geometry": {"type": "Point", "coordinates": [146.03, -17.34]}, "properties": {"case_id": "case_dd40c904ceb7", "severity": "low", "confidence": 0.3, "corroborated": false, "n_sensors": 1, "sources": ["sar"], "iuu_listed": false, "ship_name": "", "flag": "", "eez_iso_sov": "AUS", "summary": "low severity; seen by sar", "time_start_utc": "2024-01-01T08:29:59Z", "review_status": "new"}}, {"type": "Feature", "geometry": {"type": "Point", "coordinates": [145.49001, -16.4]}, "properties": {"case_id": "case_42c2ca0d5aea", "severity": "low", "confidence": 0.3, "corroborated": false, "n_sensors": 1, "sources": ["sar"], "iuu_listed": false, "ship_name": "", "flag": "", "eez_iso_sov": "AUS", "summary": "low severity; seen by sar", "time_start_utc": "2024-01-01T08:29:59Z", "review_status": "new"}}, {"type": "Feature", "geometry": {"type": "Point", "coordinates": [146.78, -17.36]}, "properties": {"case_id": "case_a93b605fc538", "severity": "low", "confidence": 0.3, "corroborated": false, "n_sensors": 1, "sources": ["sar"], "iuu_listed": false, "ship_name": "", "flag": "", "eez_iso_sov": "AUS", "summary": "low severity; seen by sar", "time_start_utc": "2024-01-01T08:29:59Z", "review_status": "new"}}, {"type": "Feature", "geometry": {"type": "Point", "coordinates": [150.7, -21.5]}, "properties": {"case_id": "case_8466d636dca7", "severity": "low", "confidence": 0.3, "corroborated": false, "n_sensors": 1, "sources": ["sar"], "iuu_listed": false, "ship_name": "", "flag": "", "eez_iso_sov": "AUS", "summary": "low severity; seen by sar", "time_start_utc": "2024-01-01T08:29:59Z", "review_status": "new"}}, {"type": "Feature", "geometry": {"type": "Point", "coordinates": [149.41, -21.13]}, "properties": {"case_id": "case_66d564d8a656", "severity": "low", "confidence": 0.3, "corroborated": false, "n_sensors": 1, "sources": ["sar"], "iuu_listed": false, "ship_name": "", "flag": "", "eez_iso_sov": "AUS", "summary": "low severity; seen by sar", "time_start_utc": "2024-01-01T08:29:59Z", "review_status": "new"}}, {"type": "Feature", "geometry": {"type": "Point", "coordinates": [-90.26, -0.38]}, "properties": {"case_id": "case_f86f9d3c2240", "severity": "high", "confidence": 0.8, "corroborated": false, "n_sensors": 1, "sources": ["sar"], "iuu_listed": false, "ship_name": "", "flag": "", "eez_iso_sov": "ECU", "summary": "high severity; seen by sar", "time_start_utc": "2024-01-02T11:42:31Z", "review_status": "new"}}, {"type": "Feature", "geometry": {"type": "Point", "coordinates": [-89.36, -0.89]}, "properties": {"case_id": "case_23a55db91422", "severity": "high", "confidence": 0.8, "corroborated": false, "n_sensors": 1, "sources": ["sar"], "iuu_listed": false, "ship_name": "", "flag": "", "eez_iso_sov": "ECU", "summary": "high severity; seen by sar", "time_start_utc": "2024-01-02T11:42:31Z", "review_status": "new"}}, {"type": "Feature", "geometry": {"type": "Point", "coordinates": [-89.63, -0.86]}, "properties": {"case_id": "case_f6501f1ba2a7", "severity": "high", "confidence": 0.8, "corroborated": false, "n_sensors": 1, "sources": ["sar"], "iuu_listed": false, "ship_name": "", "flag": "", "eez_iso_sov": "ECU", "summary": "high severity; seen by sar", "time_start_utc": "2024-01-02T11:42:31Z", "review_status": "new"}}, {"type": "Feature", "geometry": {"type": "Point", "coordinates": [-92.45, -0.34]}, "properties": {"case_id": "case_c63866815ffa", "severity": "high", "confidence": 0.8, "corroborated": false, "n_sensors": 1, "sources": ["sar"], "iuu_listed": false, "ship_name": "", "flag": "", "eez_iso_sov": "ECU", "summary": "high severity; seen by sar", "time_start_utc": "2024-01-02T11:42:31Z", "review_status": "new"}}, {"type": "Feature", "geometry": {"type": "Point", "coordinates": [149.38, -21.2]}, "properties": {"case_id": "case_35527d36fbaa", "severity": "low", "confidence": 0.3, "corroborated": false, "n_sensors": 1, "sources": ["sar"], "iuu_listed": false, "ship_name": "", "flag": "", "eez_iso_sov": "AUS", "summary": "low severity; seen by sar", "time_start_utc": "2024-01-01T08:29:59Z", "review_status": "new"}}, {"type": "Feature", "geometry": {"type": "Point", "coordinates": [143.69, -13.63]}, "properties": {"case_id": "case_d41d02ad5754", "severity": "low", "confidence": 0.3, "corroborated": false, "n_sensors": 1, "sources": ["sar"], "iuu_listed": false, "ship_name": "", "flag": "", "eez_iso_sov": "AUS", "summary": "low severity; seen by sar", "time_start_utc": "2024-01-01T08:29:59Z", "review_status": "new"}}, {"type": "Feature", "geometry": {"type": "Point", "coordinates": [150.47, -21.46]}, "properties": {"case_id": "case_0c3623a3f4bc", "severity": "low", "confidence": 0.3, "corroborated": false, "n_sensors": 1, "sources": ["sar"], "iuu_listed": false, "ship_name": "", "flag": "", "eez_iso_sov": "AUS", "summary": "low severity; seen by sar", "time_start_utc": "2024-01-01T08:29:59Z", "review_status": "new"}}, {"type": "Feature", "geometry": {"type": "Point", "coordinates": [150.45, -22.37]}, "properties": {"case_id": "case_bd827572a565", "severity": "low", "confidence": 0.3, "corroborated": false, "n_sensors": 1, "sources": ["sar"], "iuu_listed": false, "ship_name": "", "flag": "", "eez_iso_sov": "AUS", "summary": "low severity; seen by sar", "time_start_utc": "2024-01-01T08:29:59Z", "review_status": "new"}}, {"type": "Feature", "geometry": {"type": "Point", "coordinates": [149.49001, -21.13]}, "properties": {"case_id": "case_04854e81c440", "severity": "low", "confidence": 0.3, "corroborated": false, "n_sensors": 1, "sources": ["sar"], "iuu_listed": false, "ship_name": "", "flag": "", "eez_iso_sov": "AUS", "summary": "low severity; seen by sar", "time_start_utc": "2024-01-01T08:29:59Z", "review_status": "new"}}, {"type": "Feature", "geometry": {"type": "Point", "coordinates": [152.77, -24.49]}, "properties": {"case_id": "case_3ba564935951", "severity": "low", "confidence": 0.3, "corroborated": false, "n_sensors": 1, "sources": ["sar"], "iuu_listed": false, "ship_name": "", "flag": "", "eez_iso_sov": "AUS", "summary": "low severity; seen by sar", "time_start_utc": "2024-01-01T08:29:59Z", "review_status": "new"}}, {"type": "Feature", "geometry": {"type": "Point", "coordinates": [148.06, -19.85]}, "properties": {"case_id": "case_4bd244b8002d", "severity": "low", "confidence": 0.3, "corroborated": false, "n_sensors": 1, "sources": ["sar"], "iuu_listed": false, "ship_name": "", "flag": "", "eez_iso_sov": "AUS", "summary": "low severity; seen by sar", "time_start_utc": "2024-01-01T08:29:59Z", "review_status": "new"}}, {"type": "Feature", "geometry": {"type": "Point", "coordinates": [149.05, -19.83]}, "properties": {"case_id": "case_6af5effd0080", "severity": "low", "confidence": 0.3, "corroborated": false, "n_sensors": 1, "sources": ["sar"], "iuu_listed": false, "ship_name": "", "flag": "", "eez_iso_sov": "AUS", "summary": "low severity; seen by sar", "time_start_utc": "2024-01-01T08:29:59Z", "review_status": "new"}}, {"type": "Feature", "geometry": {"type": "Point", "coordinates": [149.39999, -21.28]}, "properties": {"case_id": "case_0f956770b866", "severity": "low", "confidence": 0.3, "corroborated": false, "n_sensors": 1, "sources": ["sar"], "iuu_listed": false, "ship_name": "", "flag": "", "eez_iso_sov": "AUS", "summary": "low severity; seen by sar", "time_start_utc": "2024-01-01T08:29:59Z", "review_status": "new"}}, {"type": "Feature", "geometry": {"type": "Point", "coordinates": [150.775, -23.12]}, "properties": {"case_id": "case_8045246ca616", "severity": "low", "confidence": 0.3, "corroborated": false, "n_sensors": 1, "sources": ["sar"], "iuu_listed": false, "ship_name": "", "flag": "", "eez_iso_sov": "AUS", "summary": "low severity; seen by sar", "time_start_utc": "2024-01-01T08:29:59Z", "review_status": "new"}}, {"type": "Feature", "geometry": {"type": "Point", "coordinates": [150.64999, -21.49]}, "properties": {"case_id": "case_58cdf5e68b2b", "severity": "low", "confidence": 0.3, "corroborated": false, "n_sensors": 1, "sources": ["sar"], "iuu_listed": false, "ship_name": "", "flag": "", "eez_iso_sov": "AUS", "summary": "low severity; seen by sar", "time_start_utc": "2024-01-01T08:29:59Z", "review_status": "new"}}, {"type": "Feature", "geometry": {"type": "Point", "coordinates": [146.88, -17.72]}, "properties": {"case_id": "case_371bfa3ec137", "severity": "low", "confidence": 0.3, "corroborated": false, "n_sensors": 1, "sources": ["sar"], "iuu_listed": false, "ship_name": "", "flag": "", "eez_iso_sov": "AUS", "summary": "low severity; seen by sar", "time_start_utc": "2024-01-01T08:29:59Z", "review_status": "new"}}, {"type": "Feature", "geometry": {"type": "Point", "coordinates": [149.47, -21.23]}, "properties": {"case_id": "case_e14250c87041", "severity": "low", "confidence": 0.3, "corroborated": false, "n_sensors": 1, "sources": ["sar"], "iuu_listed": false, "ship_name": "", "flag": "", "eez_iso_sov": "AUS", "summary": "low severity; seen by sar", "time_start_utc": "2024-01-01T08:29:59Z", "review_status": "new"}}, {"type": "Feature", "geometry": {"type": "Point", "coordinates": [148.19, -19.38]}, "properties": {"case_id": "case_4e9a7714d8fe", "severity": "low", "confidence": 0.3, "corroborated": false, "n_sensors": 1, "sources": ["sar"], "iuu_listed": false, "ship_name": "", "flag": "", "eez_iso_sov": "AUS", "summary": "low severity; seen by sar", "time_start_utc": "2024-01-01T08:29:59Z", "review_status": "new"}}, {"type": "Feature", "geometry": {"type": "Point", "coordinates": [149.47, -20.18]}, "properties": {"case_id": "case_2f795fc66f91", "severity": "low", "confidence": 0.3, "corroborated": false, "n_sensors": 1, "sources": ["sar"], "iuu_listed": false, "ship_name": "", "flag": "", "eez_iso_sov": "AUS", "summary": "low severity; seen by sar", "time_start_utc": "2024-01-01T08:29:59Z", "review_status": "new"}}, {"type": "Feature", "geometry": {"type": "Point", "coordinates": [151.3, -23.84]}, "properties": {"case_id": "case_9fe11bfffab7", "severity": "low", "confidence": 0.3, "corroborated": false, "n_sensors": 1, "sources": ["sar"], "iuu_listed": false, "ship_name": "", "flag": "", "eez_iso_sov": "AUS", "summary": "low severity; seen by sar", "time_start_utc": "2024-01-01T08:29:59Z", "review_status": "new"}}, {"type": "Feature", "geometry": {"type": "Point", "coordinates": [146.86, -17.59]}, "properties": {"case_id": "case_178c6bab6d2a", "severity": "low", "confidence": 0.3, "corroborated": false, "n_sensors": 1, "sources": ["sar"], "iuu_listed": false, "ship_name": "", "flag": "", "eez_iso_sov": "AUS", "summary": "low severity; seen by sar", "time_start_utc": "2024-01-01T08:29:59Z", "review_status": "new"}}, {"type": "Feature", "geometry": {"type": "Point", "coordinates": [149.59, -21.19]}, "properties": {"case_id": "case_314fa201130a", "severity": "low", "confidence": 0.3, "corroborated": false, "n_sensors": 1, "sources": ["sar"], "iuu_listed": false, "ship_name": "", "flag": "", "eez_iso_sov": "AUS", "summary": "low severity; seen by sar", "time_start_utc": "2024-03-06T19:29:20Z", "review_status": "new"}}, {"type": "Feature", "geometry": {"type": "Point", "coordinates": [146.885, -19.155]}, "properties": {"case_id": "case_a337c1b0e3a8", "severity": "low", "confidence": 0.3, "corroborated": false, "n_sensors": 1, "sources": ["sar"], "iuu_listed": false, "ship_name": "", "flag": "", "eez_iso_sov": "AUS", "summary": "low severity; seen by sar", "time_start_utc": "2024-01-01T08:29:59Z", "review_status": "new"}}, {"type": "Feature", "geometry": {"type": "Point", "coordinates": [149.08, -19.78]}, "properties": {"case_id": "case_3a0e645b74e6", "severity": "low", "confidence": 0.3, "corroborated": false, "n_sensors": 1, "sources": ["sar"], "iuu_listed": false, "ship_name": "", "flag": "", "eez_iso_sov": "AUS", "summary": "low severity; seen by sar", "time_start_utc": "2024-01-01T08:29:59Z", "review_status": "new"}}, {"type": "Feature", "geometry": {"type": "Point", "coordinates": [147.97, -19.53]}, "properties": {"case_id": "case_1429966e0bbf", "severity": "low", "confidence": 0.3, "corroborated": false, "n_sensors": 1, "sources": ["sar"], "iuu_listed": false, "ship_name": "", "flag": "", "eez_iso_sov": "AUS", "summary": "low severity; seen by sar", "time_start_utc": "2024-01-01T08:29:59Z", "review_status": "new"}}, {"type": "Feature", "geometry": {"type": "Point", "coordinates": [144.12, -10.51]}, "properties": {"case_id": "case_a27b3a26a0de", "severity": "low", "confidence": 0.3, "corroborated": false, "n_sensors": 1, "sources": ["sar"], "iuu_listed": false, "ship_name": "", "flag": "", "eez_iso_sov": "AUS", "summary": "low severity; seen by sar", "time_start_utc": "2024-01-01T08:29:59Z", "review_status": "new"}}, {"type": "Feature", "geometry": {"type": "Point", "coordinates": [146.42, -18.65]}, "properties": {"case_id": "case_b534c98540fb", "severity": "low", "confidence": 0.3, "corroborated": false, "n_sensors": 1, "sources": ["sar"], "iuu_listed": false, "ship_name": "", "flag": "", "eez_iso_sov": "AUS", "summary": "low severity; seen by sar", "time_start_utc": "2024-01-01T08:29:59Z", "review_status": "new"}}, {"type": "Feature", "geometry": {"type": "Point", "coordinates": [146.22, -17.7]}, "properties": {"case_id": "case_dbec72471185", "severity": "low", "confidence": 0.3, "corroborated": false, "n_sensors": 1, "sources": ["sar"], "iuu_listed": false, "ship_name": "", "flag": "", "eez_iso_sov": "AUS", "summary": "low severity; seen by sar", "time_start_utc": "2024-01-01T08:29:59Z", "review_status": "new"}}, {"type": "Feature", "geometry": {"type": "Point", "coordinates": [147.7, -19.14]}, "properties": {"case_id": "case_ee94df4feb39", "severity": "low", "confidence": 0.3, "corroborated": false, "n_sensors": 1, "sources": ["sar"], "iuu_listed": false, "ship_name": "", "flag": "", "eez_iso_sov": "AUS", "summary": "low severity; seen by sar", "time_start_utc": "2024-01-01T08:29:59Z", "review_status": "new"}}, {"type": "Feature", "geometry": {"type": "Point", "coordinates": [145.82001, -16.85]}, "properties": {"case_id": "case_a093a6a0dd58", "severity": "low", "confidence": 0.3, "corroborated": false, "n_sensors": 1, "sources": ["sar"], "iuu_listed": false, "ship_name": "", "flag": "", "eez_iso_sov": "AUS", "summary": "low severity; seen by sar", "time_start_utc": "2024-01-01T08:29:59Z", "review_status": "new"}}, {"type": "Feature", "geometry": {"type": "Point", "coordinates": [151.52, -23.83]}, "properties": {"case_id": "case_468fd2ea6657", "severity": "low", "confidence": 0.3, "corroborated": false, "n_sensors": 1, "sources": ["sar"], "iuu_listed": false, "ship_name": "", "flag": "", "eez_iso_sov": "AUS", "summary": "low severity; seen by sar", "time_start_utc": "2024-12-14T19:21:45Z", "review_status": "new"}}, {"type": "Feature", "geometry": {"type": "Point", "coordinates": [151.66, -23.38]}, "properties": {"case_id": "case_99b92fecdacc", "severity": "low", "confidence": 0.3, "corroborated": false, "n_sensors": 1, "sources": ["sar"], "iuu_listed": false, "ship_name": "", "flag": "", "eez_iso_sov": "AUS", "summary": "low severity; seen by sar", "time_start_utc": "2024-01-01T08:29:59Z", "review_status": "new"}}, {"type": "Feature", "geometry": {"type": "Point", "coordinates": [151.61, -23.9]}, "properties": {"case_id": "case_a03396a3812e", "severity": "low", "confidence": 0.3, "corroborated": false, "n_sensors": 1, "sources": ["sar"], "iuu_listed": false, "ship_name": "", "flag": "", "eez_iso_sov": "AUS", "summary": "low severity; seen by sar", "time_start_utc": "2024-04-06T19:21:48Z", "review_status": "new"}}, {"type": "Feature", "geometry": {"type": "Point", "coordinates": [152.33, -24.05]}, "properties": {"case_id": "case_24cc774f48ff", "severity": "low", "confidence": 0.3, "corroborated": false, "n_sensors": 1, "sources": ["sar"], "iuu_listed": false, "ship_name": "", "flag": "", "eez_iso_sov": "AUS", "summary": "low severity; seen by sar", "time_start_utc": "2024-01-01T08:29:59Z", "review_status": "new"}}, {"type": "Feature", "geometry": {"type": "Point", "coordinates": [143.98, -14.25]}, "properties": {"case_id": "case_88e43c3de49c", "severity": "low", "confidence": 0.3, "corroborated": false, "n_sensors": 1, "sources": ["sar"], "iuu_listed": false, "ship_name": "", "flag": "", "eez_iso_sov": "AUS", "summary": "low severity; seen by sar", "time_start_utc": "2024-01-01T08:29:59Z", "review_status": "new"}}, {"type": "Feature", "geometry": {"type": "Point", "coordinates": [146.8, -17.39]}, "properties": {"case_id": "case_22e868ef5e3f", "severity": "low", "confidence": 0.3, "corroborated": false, "n_sensors": 1, "sources": ["sar"], "iuu_listed": false, "ship_name": "", "flag": "", "eez_iso_sov": "AUS", "summary": "low severity; seen by sar", "time_start_utc": "2024-01-01T08:29:59Z", "review_status": "new"}}, {"type": "Feature", "geometry": {"type": "Point", "coordinates": [143.85001, -13.28]}, "properties": {"case_id": "case_1a0146c0d157", "severity": "low", "confidence": 0.3, "corroborated": false, "n_sensors": 1, "sources": ["sar"], "iuu_listed": false, "ship_name": "", "flag": "", "eez_iso_sov": "AUS", "summary": "low severity; seen by sar", "time_start_utc": "2024-01-01T08:29:59Z", "review_status": "new"}}, {"type": "Feature", "geometry": {"type": "Point", "coordinates": [149.59, -21.21]}, "properties": {"case_id": "case_1c488864d523", "severity": "low", "confidence": 0.3, "corroborated": false, "n_sensors": 1, "sources": ["sar"], "iuu_listed": false, "ship_name": "", "flag": "", "eez_iso_sov": "AUS", "summary": "low severity; seen by sar", "time_start_utc": "2024-01-01T08:29:59Z", "review_status": "new"}}, {"type": "Feature", "geometry": {"type": "Point", "coordinates": [152.39, -24.11]}, "properties": {"case_id": "case_45aef9a46477", "severity": "low", "confidence": 0.3, "corroborated": false, "n_sensors": 1, "sources": ["sar"], "iuu_listed": false, "ship_name": "", "flag": "", "eez_iso_sov": "AUS", "summary": "low severity; seen by sar", "time_start_utc": "2024-01-01T08:29:59Z", "review_status": "new"}}, {"type": "Feature", "geometry": {"type": "Point", "coordinates": [146.35001, -18.52]}, "properties": {"case_id": "case_db9781277c90", "severity": "low", "confidence": 0.3, "corroborated": false, "n_sensors": 1, "sources": ["sar"], "iuu_listed": false, "ship_name": "", "flag": "", "eez_iso_sov": "AUS", "summary": "low severity; seen by sar", "time_start_utc": "2024-01-01T08:29:59Z", "review_status": "new"}}, {"type": "Feature", "geometry": {"type": "Point", "coordinates": [148.19, -19.6]}, "properties": {"case_id": "case_c8f7f4647fa4", "severity": "low", "confidence": 0.3, "corroborated": false, "n_sensors": 1, "sources": ["sar"], "iuu_listed": false, "ship_name": "", "flag": "", "eez_iso_sov": "AUS", "summary": "low severity; seen by sar", "time_start_utc": "2024-01-01T08:29:59Z", "review_status": "new"}}, {"type": "Feature", "geometry": {"type": "Point", "coordinates": [148.16, -19.65]}, "properties": {"case_id": "case_802ba625aac9", "severity": "low", "confidence": 0.3, "corroborated": false, "n_sensors": 1, "sources": ["sar"], "iuu_listed": false, "ship_name": "", "flag": "", "eez_iso_sov": "AUS", "summary": "low severity; seen by sar", "time_start_utc": "2024-01-01T08:29:59Z", "review_status": "new"}}, {"type": "Feature", "geometry": {"type": "Point", "coordinates": [147.24001, -18.91]}, "properties": {"case_id": "case_7b613e006dca", "severity": "low", "confidence": 0.3, "corroborated": false, "n_sensors": 1, "sources": ["sar"], "iuu_listed": false, "ship_name": "", "flag": "", "eez_iso_sov": "AUS", "summary": "low severity; seen by sar", "time_start_utc": "2024-01-01T08:29:59Z", "review_status": "new"}}, {"type": "Feature", "geometry": {"type": "Point", "coordinates": [151.46001, -23.85]}, "properties": {"case_id": "case_2c5c80c17ccf", "severity": "low", "confidence": 0.3, "corroborated": false, "n_sensors": 1, "sources": ["sar"], "iuu_listed": false, "ship_name": "", "flag": "", "eez_iso_sov": "AUS", "summary": "low severity; seen by sar", "time_start_utc": "2024-02-06T19:21:47Z", "review_status": "new"}}, {"type": "Feature", "geometry": {"type": "Point", "coordinates": [149.62, -22.005]}, "properties": {"case_id": "case_514941eeb6c0", "severity": "low", "confidence": 0.3, "corroborated": false, "n_sensors": 1, "sources": ["sar"], "iuu_listed": false, "ship_name": "", "flag": "", "eez_iso_sov": "AUS", "summary": "low severity; seen by sar", "time_start_utc": "2024-01-01T08:29:59Z", "review_status": "new"}}, {"type": "Feature", "geometry": {"type": "Point", "coordinates": [149.38, -21.15]}, "properties": {"case_id": "case_78dd83f73216", "severity": "low", "confidence": 0.3, "corroborated": false, "n_sensors": 1, "sources": ["sar"], "iuu_listed": false, "ship_name": "", "flag": "", "eez_iso_sov": "AUS", "summary": "low severity; seen by sar", "time_start_utc": "2024-01-01T08:29:59Z", "review_status": "new"}}, {"type": "Feature", "geometry": {"type": "Point", "coordinates": [149.3, -20.83]}, "properties": {"case_id": "case_7c32b02b3345", "severity": "low", "confidence": 0.3, "corroborated": false, "n_sensors": 1, "sources": ["sar"], "iuu_listed": false, "ship_name": "", "flag": "", "eez_iso_sov": "AUS", "summary": "low severity; seen by sar", "time_start_utc": "2024-01-01T08:29:59Z", "review_status": "new"}}, {"type": "Feature", "geometry": {"type": "Point", "coordinates": [147.47, -19.22]}, "properties": {"case_id": "case_cbf2bd5c5666", "severity": "low", "confidence": 0.3, "corroborated": false, "n_sensors": 1, "sources": ["sar"], "iuu_listed": false, "ship_name": "", "flag": "", "eez_iso_sov": "AUS", "summary": "low severity; seen by sar", "time_start_utc": "2024-01-01T08:29:59Z", "review_status": "new"}}, {"type": "Feature", "geometry": {"type": "Point", "coordinates": [-90.80667, -0.44667]}, "properties": {"case_id": "case_02438e883d62", "severity": "high", "confidence": 0.8, "corroborated": false, "n_sensors": 1, "sources": ["sar"], "iuu_listed": false, "ship_name": "", "flag": "", "eez_iso_sov": "ECU", "summary": "high severity; seen by sar", "time_start_utc": "2024-01-02T11:42:31Z", "review_status": "new"}}, {"type": "Feature", "geometry": {"type": "Point", "coordinates": [-90.53, -0.39]}, "properties": {"case_id": "case_613e42ed9a13", "severity": "high", "confidence": 0.8, "corroborated": false, "n_sensors": 1, "sources": ["sar"], "iuu_listed": false, "ship_name": "", "flag": "", "eez_iso_sov": "ECU", "summary": "high severity; seen by sar", "time_start_utc": "2024-01-02T11:42:31Z", "review_status": "new"}}, {"type": "Feature", "geometry": {"type": "Point", "coordinates": [-90.24, -0.45]}, "properties": {"case_id": "case_373cda529bbc", "severity": "high", "confidence": 0.8, "corroborated": false, "n_sensors": 1, "sources": ["sar"], "iuu_listed": false, "ship_name": "", "flag": "", "eez_iso_sov": "ECU", "summary": "high severity; seen by sar", "time_start_utc": "2024-01-02T11:42:31Z", "review_status": "new"}}, {"type": "Feature", "geometry": {"type": "Point", "coordinates": [-91.24, -0.43]}, "properties": {"case_id": "case_e080b248f735", "severity": "high", "confidence": 0.8, "corroborated": false, "n_sensors": 1, "sources": ["sar"], "iuu_listed": false, "ship_name": "", "flag": "", "eez_iso_sov": "ECU", "summary": "high severity; seen by sar", "time_start_utc": "2024-01-02T11:42:31Z", "review_status": "new"}}, {"type": "Feature", "geometry": {"type": "Point", "coordinates": [-91.41, -0.27]}, "properties": {"case_id": "case_14897665c46f", "severity": "high", "confidence": 0.8, "corroborated": false, "n_sensors": 1, "sources": ["sar"], "iuu_listed": false, "ship_name": "", "flag": "", "eez_iso_sov": "ECU", "summary": "high severity; seen by sar", "time_start_utc": "2024-01-02T11:42:31Z", "review_status": "new"}}, {"type": "Feature", "geometry": {"type": "Point", "coordinates": [-90.66, -0.39]}, "properties": {"case_id": "case_4a31ca9108ab", "severity": "high", "confidence": 0.8, "corroborated": false, "n_sensors": 1, "sources": ["sar"], "iuu_listed": false, "ship_name": "", "flag": "", "eez_iso_sov": "ECU", "summary": "high severity; seen by sar", "time_start_utc": "2024-03-31T11:51:02Z", "review_status": "new"}}, {"type": "Feature", "geometry": {"type": "Point", "coordinates": [-91.69, 0.06]}, "properties": {"case_id": "case_ecf3abeb0749", "severity": "high", "confidence": 0.8, "corroborated": false, "n_sensors": 1, "sources": ["sar"], "iuu_listed": false, "ship_name": "", "flag": "", "eez_iso_sov": "ECU", "summary": "high severity; seen by sar", "time_start_utc": "2024-01-02T11:42:31Z", "review_status": "new"}}, {"type": "Feature", "geometry": {"type": "Point", "coordinates": [-91.27, 0.08]}, "properties": {"case_id": "case_4d8689f0a356", "severity": "high", "confidence": 0.8, "corroborated": false, "n_sensors": 1, "sources": ["sar"], "iuu_listed": false, "ship_name": "", "flag": "", "eez_iso_sov": "ECU", "summary": "high severity; seen by sar", "time_start_utc": "2024-01-02T11:42:31Z", "review_status": "new"}}, {"type": "Feature", "geometry": {"type": "Point", "coordinates": [-90.8, 0.56]}, "properties": {"case_id": "case_8d9950f54905", "severity": "high", "confidence": 0.8, "corroborated": false, "n_sensors": 1, "sources": ["sar"], "iuu_listed": false, "ship_name": "", "flag": "", "eez_iso_sov": "ECU", "summary": "high severity; seen by sar", "time_start_utc": "2024-01-02T11:42:31Z", "review_status": "new"}}, {"type": "Feature", "geometry": {"type": "Point", "coordinates": [-91.4875, -0.1725]}, "properties": {"case_id": "case_575b704b05d2", "severity": "high", "confidence": 0.8, "corroborated": false, "n_sensors": 1, "sources": ["sar"], "iuu_listed": false, "ship_name": "", "flag": "", "eez_iso_sov": "ECU", "summary": "high severity; seen by sar", "time_start_utc": "2024-01-02T11:42:31Z", "review_status": "new"}}, {"type": "Feature", "geometry": {"type": "Point", "coordinates": [-90.41, -0.43]}, "properties": {"case_id": "case_15acd9224c37", "severity": "high", "confidence": 0.8, "corroborated": false, "n_sensors": 1, "sources": ["sar"], "iuu_listed": false, "ship_name": "", "flag": "", "eez_iso_sov": "ECU", "summary": "high severity; seen by sar", "time_start_utc": "2024-03-31T11:51:02Z", "review_status": "new"}}, {"type": "Feature", "geometry": {"type": "Point", "coordinates": [-90.97, 0.32]}, "properties": {"case_id": "case_733efe39090f", "severity": "high", "confidence": 0.8, "corroborated": false, "n_sensors": 1, "sources": ["sar"], "iuu_listed": false, "ship_name": "", "flag": "", "eez_iso_sov": "ECU", "summary": "high severity; seen by sar", "time_start_utc": "2024-01-02T11:42:31Z", "review_status": "new"}}, {"type": "Feature", "geometry": {"type": "Point", "coordinates": [-92.37, -0.65]}, "properties": {"case_id": "case_190862ca0633", "severity": "high", "confidence": 0.8, "corroborated": false, "n_sensors": 1, "sources": ["sar"], "iuu_listed": false, "ship_name": "", "flag": "", "eez_iso_sov": "ECU", "summary": "high severity; seen by sar", "time_start_utc": "2024-01-02T11:42:31Z", "review_status": "new"}}, {"type": "Feature", "geometry": {"type": "Point", "coordinates": [-92.23, -0.44]}, "properties": {"case_id": "case_6c7dee1d1b3f", "severity": "high", "confidence": 0.8, "corroborated": false, "n_sensors": 1, "sources": ["sar"], "iuu_listed": false, "ship_name": "", "flag": "", "eez_iso_sov": "ECU", "summary": "high severity; seen by sar", "time_start_utc": "2024-01-02T11:42:31Z", "review_status": "new"}}, {"type": "Feature", "geometry": {"type": "Point", "coordinates": [-90.73, -1.3]}, "properties": {"case_id": "case_d77d33b1e315", "severity": "high", "confidence": 0.8, "corroborated": false, "n_sensors": 1, "sources": ["sar"], "iuu_listed": false, "ship_name": "", "flag": "", "eez_iso_sov": "ECU", "summary": "high severity; seen by sar", "time_start_utc": "2024-01-02T11:42:31Z", "review_status": "new"}}, {"type": "Feature", "geometry": {"type": "Point", "coordinates": [-90.47, -0.5]}, "properties": {"case_id": "case_575b1a6defb5", "severity": "high", "confidence": 0.8, "corroborated": false, "n_sensors": 1, "sources": ["sar"], "iuu_listed": false, "ship_name": "", "flag": "", "eez_iso_sov": "ECU", "summary": "high severity; seen by sar", "time_start_utc": "2024-01-02T11:42:31Z", "review_status": "new"}}, {"type": "Feature", "geometry": {"type": "Point", "coordinates": [-91.5, -1.36]}, "properties": {"case_id": "case_73a75524687c", "severity": "high", "confidence": 0.8, "corroborated": false, "n_sensors": 1, "sources": ["sar"], "iuu_listed": false, "ship_name": "", "flag": "", "eez_iso_sov": "ECU", "summary": "high severity; seen by sar", "time_start_utc": "2024-01-02T11:42:31Z", "review_status": "new"}}, {"type": "Feature", "geometry": {"type": "Point", "coordinates": [-90.88, -0.34]}, "properties": {"case_id": "case_d2839bd5b7c4", "severity": "high", "confidence": 0.8, "corroborated": false, "n_sensors": 1, "sources": ["sar"], "iuu_listed": false, "ship_name": "", "flag": "", "eez_iso_sov": "ECU", "summary": "high severity; seen by sar", "time_start_utc": "2024-01-02T11:42:31Z", "review_status": "new"}}, {"type": "Feature", "geometry": {"type": "Point", "coordinates": [-90.59, -1.09]}, "properties": {"case_id": "case_18b4e1092132", "severity": "high", "confidence": 0.8, "corroborated": false, "n_sensors": 1, "sources": ["sar"], "iuu_listed": false, "ship_name": "", "flag": "", "eez_iso_sov": "ECU", "summary": "high severity; seen by sar", "time_start_utc": "2024-01-02T11:42:31Z", "review_status": "new"}}, {"type": "Feature", "geometry": {"type": "Point", "coordinates": [-90.06, -1.29]}, "properties": {"case_id": "case_490b003f429b", "severity": "high", "confidence": 0.8, "corroborated": false, "n_sensors": 1, "sources": ["sar"], "iuu_listed": false, "ship_name": "", "flag": "", "eez_iso_sov": "ECU", "summary": "high severity; seen by sar", "time_start_utc": "2024-01-02T11:42:31Z", "review_status": "new"}}, {"type": "Feature", "geometry": {"type": "Point", "coordinates": [-91.05, -0.22]}, "properties": {"case_id": "case_eb73ae6339b3", "severity": "high", "confidence": 0.8, "corroborated": false, "n_sensors": 1, "sources": ["sar"], "iuu_listed": false, "ship_name": "", "flag": "", "eez_iso_sov": "ECU", "summary": "high severity; seen by sar", "time_start_utc": "2024-01-02T11:42:31Z", "review_status": "new"}}, {"type": "Feature", "geometry": {"type": "Point", "coordinates": [-92.47, -1.46]}, "properties": {"case_id": "case_f6fba8e138e8", "severity": "high", "confidence": 0.8, "corroborated": false, "n_sensors": 1, "sources": ["sar"], "iuu_listed": false, "ship_name": "", "flag": "", "eez_iso_sov": "ECU", "summary": "high severity; seen by sar", "time_start_utc": "2024-01-02T11:42:31Z", "review_status": "new"}}, {"type": "Feature", "geometry": {"type": "Point", "coordinates": [-92.38, -0.81]}, "properties": {"case_id": "case_c78d3d7f572e", "severity": "high", "confidence": 0.8, "corroborated": false, "n_sensors": 1, "sources": ["sar"], "iuu_listed": false, "ship_name": "", "flag": "", "eez_iso_sov": "ECU", "summary": "high severity; seen by sar", "time_start_utc": "2024-01-02T11:42:31Z", "review_status": "new"}}, {"type": "Feature", "geometry": {"type": "Point", "coordinates": [-89.99, -0.88]}, "properties": {"case_id": "case_0cab717f0adf", "severity": "high", "confidence": 0.8, "corroborated": false, "n_sensors": 1, "sources": ["sar"], "iuu_listed": false, "ship_name": "", "flag": "", "eez_iso_sov": "ECU", "summary": "high severity; seen by sar", "time_start_utc": "2024-01-02T11:42:31Z", "review_status": "new"}}, {"type": "Feature", "geometry": {"type": "Point", "coordinates": [-90.355, -0.385]}, "properties": {"case_id": "case_b8dc356f04c0", "severity": "high", "confidence": 0.8, "corroborated": false, "n_sensors": 1, "sources": ["sar"], "iuu_listed": false, "ship_name": "", "flag": "", "eez_iso_sov": "ECU", "summary": "high severity; seen by sar", "time_start_utc": "2024-01-02T11:42:31Z", "review_status": "new"}}, {"type": "Feature", "geometry": {"type": "Point", "coordinates": [-92.39, -0.46]}, "properties": {"case_id": "case_b7180c36a215", "severity": "high", "confidence": 0.8, "corroborated": false, "n_sensors": 1, "sources": ["sar"], "iuu_listed": false, "ship_name": "", "flag": "", "eez_iso_sov": "ECU", "summary": "high severity; seen by sar", "time_start_utc": "2024-01-02T11:42:31Z", "review_status": "new"}}, {"type": "Feature", "geometry": {"type": "Point", "coordinates": [-90.63, -0.15]}, "properties": {"case_id": "case_c5c560d8430b", "severity": "high", "confidence": 0.8, "corroborated": false, "n_sensors": 1, "sources": ["sar"], "iuu_listed": false, "ship_name": "", "flag": "", "eez_iso_sov": "ECU", "summary": "high severity; seen by sar", "time_start_utc": "2024-01-02T11:42:31Z", "review_status": "new"}}, {"type": "Feature", "geometry": {"type": "Point", "coordinates": [-90.32, -0.47]}, "properties": {"case_id": "case_f194cb6f7dab", "severity": "high", "confidence": 0.8, "corroborated": false, "n_sensors": 1, "sources": ["sar"], "iuu_listed": false, "ship_name": "", "flag": "", "eez_iso_sov": "ECU", "summary": "high severity; seen by sar", "time_start_utc": "2024-10-27T00:18:49Z", "review_status": "new"}}, {"type": "Feature", "geometry": {"type": "Point", "coordinates": [-92.36, -1.08]}, "properties": {"case_id": "case_e46013875e8c", "severity": "high", "confidence": 0.8, "corroborated": false, "n_sensors": 1, "sources": ["sar"], "iuu_listed": false, "ship_name": "", "flag": "", "eez_iso_sov": "ECU", "summary": "high severity; seen by sar", "time_start_utc": "2024-01-02T11:42:31Z", "review_status": "new"}}, {"type": "Feature", "geometry": {"type": "Point", "coordinates": [-92.25, -1.39]}, "properties": {"case_id": "case_523061e8106d", "severity": "high", "confidence": 0.8, "corroborated": false, "n_sensors": 1, "sources": ["sar"], "iuu_listed": false, "ship_name": "", "flag": "", "eez_iso_sov": "ECU", "summary": "high severity; seen by sar", "time_start_utc": "2024-01-02T11:42:31Z", "review_status": "new"}}, {"type": "Feature", "geometry": {"type": "Point", "coordinates": [-89.73, -0.58]}, "properties": {"case_id": "case_012e73aa4c74", "severity": "high", "confidence": 0.8, "corroborated": false, "n_sensors": 1, "sources": ["sar"], "iuu_listed": false, "ship_name": "", "flag": "", "eez_iso_sov": "ECU", "summary": "high severity; seen by sar", "time_start_utc": "2024-01-02T11:42:31Z", "review_status": "new"}}, {"type": "Feature", "geometry": {"type": "Point", "coordinates": [-91.51, -0.85]}, "properties": {"case_id": "case_ac195bdf7ed2", "severity": "high", "confidence": 0.8, "corroborated": false, "n_sensors": 1, "sources": ["sar"], "iuu_listed": false, "ship_name": "", "flag": "", "eez_iso_sov": "ECU", "summary": "high severity; seen by sar", "time_start_utc": "2024-03-31T11:51:02Z", "review_status": "new"}}, {"type": "Feature", "geometry": {"type": "Point", "coordinates": [-91.44, 0.33]}, "properties": {"case_id": "case_6b3648f77993", "severity": "high", "confidence": 0.8, "corroborated": false, "n_sensors": 1, "sources": ["sar"], "iuu_listed": false, "ship_name": "", "flag": "", "eez_iso_sov": "ECU", "summary": "high severity; seen by sar", "time_start_utc": "2024-01-02T11:42:31Z", "review_status": "new"}}, {"type": "Feature", "geometry": {"type": "Point", "coordinates": [-89.44, -1.64]}, "properties": {"case_id": "case_c1ce9a096651", "severity": "high", "confidence": 0.8, "corroborated": false, "n_sensors": 1, "sources": ["sar"], "iuu_listed": false, "ship_name": "", "flag": "", "eez_iso_sov": "ECU", "summary": "high severity; seen by sar", "time_start_utc": "2024-01-02T11:42:31Z", "review_status": "new"}}, {"type": "Feature", "geometry": {"type": "Point", "coordinates": [-91.35, 0.18]}, "properties": {"case_id": "case_4e80e96e38db", "severity": "high", "confidence": 0.8, "corroborated": false, "n_sensors": 1, "sources": ["sar"], "iuu_listed": false, "ship_name": "", "flag": "", "eez_iso_sov": "ECU", "summary": "high severity; seen by sar", "time_start_utc": "2024-03-31T11:51:02Z", "review_status": "new"}}, {"type": "Feature", "geometry": {"type": "Point", "coordinates": [-91.68, -0.12]}, "properties": {"case_id": "case_937e84c9e71d", "severity": "high", "confidence": 0.8, "corroborated": false, "n_sensors": 1, "sources": ["sar"], "iuu_listed": false, "ship_name": "", "flag": "", "eez_iso_sov": "ECU", "summary": "high severity; seen by sar", "time_start_utc": "2024-01-02T11:42:31Z", "review_status": "new"}}, {"type": "Feature", "geometry": {"type": "Point", "coordinates": [-92.32, -1.5]}, "properties": {"case_id": "case_a422851e37be", "severity": "high", "confidence": 0.8, "corroborated": false, "n_sensors": 1, "sources": ["sar"], "iuu_listed": false, "ship_name": "", "flag": "", "eez_iso_sov": "ECU", "summary": "high severity; seen by sar", "time_start_utc": "2024-01-02T11:42:31Z", "review_status": "new"}}, {"type": "Feature", "geometry": {"type": "Point", "coordinates": [-90.04, -0.63]}, "properties": {"case_id": "case_dd49f686579c", "severity": "high", "confidence": 0.8, "corroborated": false, "n_sensors": 1, "sources": ["sar"], "iuu_listed": false, "ship_name": "", "flag": "", "eez_iso_sov": "ECU", "summary": "high severity; seen by sar", "time_start_utc": "2024-01-02T11:42:31Z", "review_status": "new"}}, {"type": "Feature", "geometry": {"type": "Point", "coordinates": [-90.15, -0.63]}, "properties": {"case_id": "case_2265a01317bf", "severity": "high", "confidence": 0.8, "corroborated": false, "n_sensors": 1, "sources": ["sar"], "iuu_listed": false, "ship_name": "", "flag": "", "eez_iso_sov": "ECU", "summary": "high severity; seen by sar", "time_start_utc": "2024-01-02T11:42:31Z", "review_status": "new"}}, {"type": "Feature", "geometry": {"type": "Point", "coordinates": [-90.51, -0.29]}, "properties": {"case_id": "case_7a0775fdbb7e", "severity": "high", "confidence": 0.8, "corroborated": false, "n_sensors": 1, "sources": ["sar"], "iuu_listed": false, "ship_name": "", "flag": "", "eez_iso_sov": "ECU", "summary": "high severity; seen by sar", "time_start_utc": "2024-03-31T11:51:02Z", "review_status": "new"}}, {"type": "Feature", "geometry": {"type": "Point", "coordinates": [-90.46, -0.36]}, "properties": {"case_id": "case_e6afe136164a", "severity": "high", "confidence": 0.8, "corroborated": false, "n_sensors": 1, "sources": ["sar"], "iuu_listed": false, "ship_name": "", "flag": "", "eez_iso_sov": "ECU", "summary": "high severity; seen by sar", "time_start_utc": "2024-01-02T11:42:31Z", "review_status": "new"}}, {"type": "Feature", "geometry": {"type": "Point", "coordinates": [-90.7, -0.09]}, "properties": {"case_id": "case_ab4b542b08ec", "severity": "high", "confidence": 0.8, "corroborated": false, "n_sensors": 1, "sources": ["sar"], "iuu_listed": false, "ship_name": "", "flag": "", "eez_iso_sov": "ECU", "summary": "high severity; seen by sar", "time_start_utc": "2024-01-02T11:42:31Z", "review_status": "new"}}, {"type": "Feature", "geometry": {"type": "Point", "coordinates": [-90.72, 0.53]}, "properties": {"case_id": "case_a219c69bedd4", "severity": "high", "confidence": 0.8, "corroborated": false, "n_sensors": 1, "sources": ["sar"], "iuu_listed": false, "ship_name": "", "flag": "", "eez_iso_sov": "ECU", "summary": "high severity; seen by sar", "time_start_utc": "2024-01-02T11:42:31Z", "review_status": "new"}}, {"type": "Feature", "geometry": {"type": "Point", "coordinates": [-91.13, -0.57]}, "properties": {"case_id": "case_325442529b1b", "severity": "high", "confidence": 0.8, "corroborated": false, "n_sensors": 1, "sources": ["sar"], "iuu_listed": false, "ship_name": "", "flag": "", "eez_iso_sov": "ECU", "summary": "high severity; seen by sar", "time_start_utc": "2024-01-02T11:42:31Z", "review_status": "new"}}, {"type": "Feature", "geometry": {"type": "Point", "coordinates": [-89.89, 0.41]}, "properties": {"case_id": "case_2b84452534c4", "severity": "high", "confidence": 0.8, "corroborated": false, "n_sensors": 1, "sources": ["sar"], "iuu_listed": false, "ship_name": "", "flag": "", "eez_iso_sov": "ECU", "summary": "high severity; seen by sar", "time_start_utc": "2024-01-02T11:42:31Z", "review_status": "new"}}, {"type": "Feature", "geometry": {"type": "Point", "coordinates": [-91.34, 0.25]}, "properties": {"case_id": "case_28e735141c79", "severity": "high", "confidence": 0.8, "corroborated": false, "n_sensors": 1, "sources": ["sar"], "iuu_listed": false, "ship_name": "", "flag": "", "eez_iso_sov": "ECU", "summary": "high severity; seen by sar", "time_start_utc": "2024-01-02T11:42:31Z", "review_status": "new"}}, {"type": "Feature", "geometry": {"type": "Point", "coordinates": [-90.86, -0.97]}, "properties": {"case_id": "case_66fbb141a147", "severity": "high", "confidence": 0.8, "corroborated": false, "n_sensors": 1, "sources": ["sar"], "iuu_listed": false, "ship_name": "", "flag": "", "eez_iso_sov": "ECU", "summary": "high severity; seen by sar", "time_start_utc": "2024-01-02T11:42:31Z", "review_status": "new"}}, {"type": "Feature", "geometry": {"type": "Point", "coordinates": [-91.21, -0.5]}, "properties": {"case_id": "case_a1ca9b22da26", "severity": "high", "confidence": 0.8, "corroborated": false, "n_sensors": 1, "sources": ["sar"], "iuu_listed": false, "ship_name": "", "flag": "", "eez_iso_sov": "ECU", "summary": "high severity; seen by sar", "time_start_utc": "2024-01-02T11:42:31Z", "review_status": "new"}}, {"type": "Feature", "geometry": {"type": "Point", "coordinates": [-91.41, -0.75]}, "properties": {"case_id": "case_6ad749de704b", "severity": "high", "confidence": 0.8, "corroborated": false, "n_sensors": 1, "sources": ["sar"], "iuu_listed": false, "ship_name": "", "flag": "", "eez_iso_sov": "ECU", "summary": "high severity; seen by sar", "time_start_utc": "2024-03-31T11:51:02Z", "review_status": "new"}}, {"type": "Feature", "geometry": {"type": "Point", "coordinates": [-90.77, -0.49]}, "properties": {"case_id": "case_1388c4a775c2", "severity": "high", "confidence": 0.8, "corroborated": false, "n_sensors": 1, "sources": ["sar"], "iuu_listed": false, "ship_name": "", "flag": "", "eez_iso_sov": "ECU", "summary": "high severity; seen by sar", "time_start_utc": "2024-01-02T11:42:31Z", "review_status": "new"}}, {"type": "Feature", "geometry": {"type": "Point", "coordinates": [-92.33, -0.96]}, "properties": {"case_id": "case_14c2721969f0", "severity": "high", "confidence": 0.8, "corroborated": false, "n_sensors": 1, "sources": ["sar"], "iuu_listed": false, "ship_name": "", "flag": "", "eez_iso_sov": "ECU", "summary": "high severity; seen by sar", "time_start_utc": "2024-01-02T11:42:31Z", "review_status": "new"}}, {"type": "Feature", "geometry": {"type": "Point", "coordinates": [152.49001, -22.32]}, "properties": {"case_id": "case_54ee7aac0a9f", "severity": "low", "confidence": 0.3, "corroborated": false, "n_sensors": 1, "sources": ["sar"], "iuu_listed": false, "ship_name": "", "flag": "", "eez_iso_sov": "AUS", "summary": "low severity; seen by sar", "time_start_utc": "2024-01-01T08:29:59Z", "review_status": "new"}}, {"type": "Feature", "geometry": {"type": "Point", "coordinates": [144.67, -14.31]}, "properties": {"case_id": "case_0f6f2b3579d1", "severity": "low", "confidence": 0.3, "corroborated": false, "n_sensors": 1, "sources": ["sar"], "iuu_listed": false, "ship_name": "", "flag": "", "eez_iso_sov": "AUS", "summary": "low severity; seen by sar", "time_start_utc": "2024-05-01T20:00:15Z", "review_status": "new"}}, {"type": "Feature", "geometry": {"type": "Point", "coordinates": [149.36, -20.34]}, "properties": {"case_id": "case_ba923d95afc2", "severity": "low", "confidence": 0.3, "corroborated": false, "n_sensors": 1, "sources": ["sar"], "iuu_listed": false, "ship_name": "", "flag": "", "eez_iso_sov": "AUS", "summary": "low severity; seen by sar", "time_start_utc": "2024-01-01T08:29:59Z", "review_status": "new"}}, {"type": "Feature", "geometry": {"type": "Point", "coordinates": [57.72982, 19.48017]}, "properties": {"case_id": "case_01cbd877e6c8", "severity": "high", "confidence": 0.8, "corroborated": false, "n_sensors": 1, "sources": ["behavior"], "iuu_listed": false, "ship_name": "AKGUN KARDESLER", "flag": "TUR", "eez_iso_sov": "OMN", "summary": "high severity; seen by behavior", "time_start_utc": "2026-09-26T15:10:00.000Z", "review_status": "new"}}, {"type": "Feature", "geometry": {"type": "Point", "coordinates": [123.984, 34.0071]}, "properties": {"case_id": "case_826cd50deca6", "severity": "high", "confidence": 0.8, "corroborated": false, "n_sensors": 1, "sources": ["behavior"], "iuu_listed": false, "ship_name": "SUSHEYU01888", "flag": "CHN", "eez_iso_sov": "KOR", "summary": "high severity; seen by behavior", "time_start_utc": "2026-09-27T01:00:00.000Z", "review_status": "new"}}, {"type": "Feature", "geometry": {"type": "Point", "coordinates": [124.137, 35.5818]}, "properties": {"case_id": "case_7fce668cdd56", "severity": "high", "confidence": 0.8, "corroborated": false, "n_sensors": 1, "sources": ["behavior"], "iuu_listed": false, "ship_name": "QIONGYANGYU28011", "flag": "CHN", "eez_iso_sov": "KOR", "summary": "high severity; seen by behavior", "time_start_utc": "2026-09-27T04:50:00.000Z", "review_status": "new"}}, {"type": "Feature", "geometry": {"type": "Point", "coordinates": [-152.0462, -8.4516]}, "properties": {"case_id": "case_f75d3b95b628", "severity": "high", "confidence": 0.8, "corroborated": false, "n_sensors": 1, "sources": ["behavior"], "iuu_listed": false, "ship_name": "HENG HONG 5", "flag": "CHN", "eez_iso_sov": "KIR", "summary": "high severity; seen by behavior", "time_start_utc": "2026-09-27T16:50:00.000Z", "review_status": "new"}}, {"type": "Feature", "geometry": {"type": "Point", "coordinates": [125.7836, 28.6983]}, "properties": {"case_id": "case_dff9747bb1da", "severity": "high", "confidence": 0.8, "corroborated": false, "n_sensors": 1, "sources": ["behavior"], "iuu_listed": false, "ship_name": "MINXIAYU09729", "flag": "CHN", "eez_iso_sov": "JPN", "summary": "high severity; seen by behavior", "time_start_utc": "2026-09-27T01:50:00.000Z", "review_status": "new"}}, {"type": "Feature", "geometry": {"type": "Point", "coordinates": [114.6794, 22.1243]}, "properties": {"case_id": "case_8179fcb20622", "severity": "high", "confidence": 0.8, "corroborated": false, "n_sensors": 1, "sources": ["behavior"], "iuu_listed": false, "ship_name": "269", "flag": "IND", "eez_iso_sov": "CHN", "summary": "high severity; seen by behavior", "time_start_utc": "2026-09-27T16:00:00.000Z", "review_status": "new"}}, {"type": "Feature", "geometry": {"type": "Point", "coordinates": [106.2519, 19.1229]}, "properties": {"case_id": "case_5e86c82ec7b2", "severity": "high", "confidence": 0.8, "corroborated": false, "n_sensors": 1, "sources": ["behavior"], "iuu_listed": false, "ship_name": "TAU-LUI 69-D19", "flag": "CHN", "eez_iso_sov": "VNM", "summary": "high severity; seen by behavior", "time_start_utc": "2026-09-27T11:10:00.000Z", "review_status": "new"}}, {"type": "Feature", "geometry": {"type": "Point", "coordinates": [-151.4792, -7.2938]}, "properties": {"case_id": "case_934bfeeda14f", "severity": "medium", "confidence": 0.5, "corroborated": false, "n_sensors": 1, "sources": ["ais"], "iuu_listed": false, "ship_name": "AB5-1-76%", "flag": "ATF", "eez_iso_sov": "KIR", "summary": "medium severity; seen by ais", "time_start_utc": "2026-09-25T23:15:13.000Z", "review_status": "new"}}, {"type": "Feature", "geometry": {"type": "Point", "coordinates": [-42.2633, -24.6265]}, "properties": {"case_id": "case_117021e819df", "severity": "high", "confidence": 0.8, "corroborated": false, "n_sensors": 1, "sources": ["ais"], "iuu_listed": false, "ship_name": "EAGLE PILAR", "flag": "SGP", "eez_iso_sov": "BRA", "summary": "high severity; seen by ais", "time_start_utc": "2026-09-26T08:55:15.000Z", "review_status": "new"}}, {"type": "Feature", "geometry": {"type": "Point", "coordinates": [121.318, -12.1167]}, "properties": {"case_id": "case_e021d8b467bd", "severity": "high", "confidence": 0.8, "corroborated": false, "n_sensors": 1, "sources": ["ais"], "iuu_listed": false, "ship_name": "OCEAN SPRING", "flag": "HKG", "eez_iso_sov": "IDN", "summary": "high severity; seen by ais", "time_start_utc": "2026-09-25T21:36:57.000Z", "review_status": "new"}}, {"type": "Feature", "geometry": {"type": "Point", "coordinates": [62.2805, -18.3126]}, "properties": {"case_id": "case_b5469c8def30", "severity": "high", "confidence": 0.8, "corroborated": false, "n_sensors": 1, "sources": ["ais"], "iuu_listed": false, "ship_name": "JINXIANG18-4", "flag": "GRC", "eez_iso_sov": "MUS", "summary": "high severity; seen by ais", "time_start_utc": "2026-09-10T15:58:01.000Z", "review_status": "new"}}, {"type": "Feature", "geometry": {"type": "Point", "coordinates": [-42.5148, -24.748]}, "properties": {"case_id": "case_31b57dc20a6c", "severity": "high", "confidence": 0.8, "corroborated": false, "n_sensors": 1, "sources": ["ais"], "iuu_listed": false, "ship_name": "EAGLE PETROLINA", "flag": "SGP", "eez_iso_sov": "BRA", "summary": "high severity; seen by ais", "time_start_utc": "2026-09-25T22:11:01.000Z", "review_status": "new"}}, {"type": "Feature", "geometry": {"type": "Point", "coordinates": [-151.168, -7.6135]}, "properties": {"case_id": "case_b57421f6050e", "severity": "high", "confidence": 0.8, "corroborated": false, "n_sensors": 1, "sources": ["ais"], "iuu_listed": false, "ship_name": "SYY30-2023-05", "flag": "CHN", "eez_iso_sov": "KIR", "summary": "high severity; seen by ais", "time_start_utc": "2026-09-25T22:05:28.000Z", "review_status": "new"}}, {"type": "Feature", "geometry": {"type": "Point", "coordinates": [-39.2283, -22.6168]}, "properties": {"case_id": "case_7ae23b11bb42", "severity": "high", "confidence": 0.8, "corroborated": false, "n_sensors": 1, "sources": ["ais"], "iuu_listed": false, "ship_name": "ANNA MARRA", "flag": "PAN", "eez_iso_sov": "BRA", "summary": "high severity; seen by ais", "time_start_utc": "2026-09-25T06:03:00.000Z", "review_status": "new"}}, {"type": "Feature", "geometry": {"type": "Point", "coordinates": [-22.1704, 16.4439]}, "properties": {"case_id": "case_82277f060df3", "severity": "high", "confidence": 0.8, "corroborated": false, "n_sensors": 1, "sources": ["ais"], "iuu_listed": false, "ship_name": "DADIMAR", "flag": "ESP", "eez_iso_sov": "CPV", "summary": "high severity; seen by ais", "time_start_utc": "2026-09-22T14:03:37.000Z", "review_status": "new"}}, {"type": "Feature", "geometry": {"type": "Point", "coordinates": [-42.5446, -24.94275]}, "properties": {"case_id": "case_5d80afd589a6", "severity": "high", "confidence": 0.8, "corroborated": false, "n_sensors": 1, "sources": ["ais"], "iuu_listed": false, "ship_name": "EAGLE CRATO", "flag": "SGP", "eez_iso_sov": "BRA", "summary": "high severity; seen by ais", "time_start_utc": "2026-09-25T20:44:46.000Z", "review_status": "new"}}, {"type": "Feature", "geometry": {"type": "Point", "coordinates": [14.0574, -26.2942]}, "properties": {"case_id": "case_f13886a70ced", "severity": "high", "confidence": 0.8, "corroborated": false, "n_sensors": 1, "sources": ["ais"], "iuu_listed": false, "ship_name": "ADVANTAGE SERENITY", "flag": "MHL", "eez_iso_sov": "NAM", "summary": "high severity; seen by ais", "time_start_utc": "2026-09-21T06:33:45.000Z", "review_status": "new"}}, {"type": "Feature", "geometry": {"type": "Point", "coordinates": [121.8238, -11.3558]}, "properties": {"case_id": "case_257fc5f66684", "severity": "high", "confidence": 0.8, "corroborated": false, "n_sensors": 1, "sources": ["ais"], "iuu_listed": false, "ship_name": "WOODSIDE ROGERS", "flag": "GRC", "eez_iso_sov": "IDN", "summary": "high severity; seen by ais", "time_start_utc": "2026-09-25T20:32:42.000Z", "review_status": "new"}}, {"type": "Feature", "geometry": {"type": "Point", "coordinates": [-152.7342, -7.02533]}, "properties": {"case_id": "case_90c615d2c55c", "severity": "medium", "confidence": 0.5, "corroborated": false, "n_sensors": 1, "sources": ["ais"], "iuu_listed": false, "ship_name": "", "flag": "DZA", "eez_iso_sov": "KIR", "summary": "medium severity; seen by ais", "time_start_utc": "2026-09-25T06:43:43.000Z", "review_status": "new"}}, {"type": "Feature", "geometry": {"type": "Point", "coordinates": [-152.7793, -6.9826]}, "properties": {"case_id": "case_e3f72d3568ab", "severity": "medium", "confidence": 0.5, "corroborated": false, "n_sensors": 1, "sources": ["ais"], "iuu_listed": false, "ship_name": "", "flag": "BEN", "eez_iso_sov": "KIR", "summary": "medium severity; seen by ais", "time_start_utc": "2026-09-24T21:56:57.000Z", "review_status": "new"}}, {"type": "Feature", "geometry": {"type": "Point", "coordinates": [-152.6723, -6.9648]}, "properties": {"case_id": "case_10d92e2558b1", "severity": "medium", "confidence": 0.5, "corroborated": false, "n_sensors": 1, "sources": ["ais"], "iuu_listed": false, "ship_name": "AB6-3-79%", "flag": "AGO", "eez_iso_sov": "KIR", "summary": "medium severity; seen by ais", "time_start_utc": "2026-09-25T01:42:02.000Z", "review_status": "new"}}, {"type": "Feature", "geometry": {"type": "Point", "coordinates": [62.2405, -18.3171]}, "properties": {"case_id": "case_110b69faafd8", "severity": "high", "confidence": 0.8, "corroborated": false, "n_sensors": 1, "sources": ["ais"], "iuu_listed": false, "ship_name": "FA18-4", "flag": "DNK", "eez_iso_sov": "MUS", "summary": "high severity; seen by ais", "time_start_utc": "2026-09-10T11:52:40.000Z", "review_status": "new"}}, {"type": "Feature", "geometry": {"type": "Point", "coordinates": [62.2232, -18.5731]}, "properties": {"case_id": "case_8d9520bd03a1", "severity": "high", "confidence": 0.8, "corroborated": false, "n_sensors": 1, "sources": ["ais"], "iuu_listed": false, "ship_name": "JINXIANG18-3", "flag": "GRC", "eez_iso_sov": "MUS", "summary": "high severity; seen by ais", "time_start_utc": "2026-09-10T19:46:16.000Z", "review_status": "new"}}, {"type": "Feature", "geometry": {"type": "Point", "coordinates": [-157.685, -14.7251]}, "properties": {"case_id": "case_a59835247998", "severity": "high", "confidence": 0.8, "corroborated": false, "n_sensors": 1, "sources": ["ais"], "iuu_listed": false, "ship_name": "PENELOPE", "flag": "GBR", "eez_iso_sov": "FRA", "summary": "high severity; seen by ais", "time_start_utc": "2026-09-25T17:08:41.000Z", "review_status": "new"}}, {"type": "Feature", "geometry": {"type": "Point", "coordinates": [-153.1445, -6.6221]}, "properties": {"case_id": "case_51470259b77e", "severity": "high", "confidence": 0.8, "corroborated": false, "n_sensors": 1, "sources": ["ais"], "iuu_listed": false, "ship_name": "XSJ158-1-99%", "flag": "MAR", "eez_iso_sov": "KIR", "summary": "high severity; seen by ais", "time_start_utc": "2026-09-25T19:07:12.000Z", "review_status": "new"}}, {"type": "Feature", "geometry": {"type": "Point", "coordinates": [123.6841, 17.8015]}, "properties": {"case_id": "case_b51ee5efd308", "severity": "high", "confidence": 0.8, "corroborated": false, "n_sensors": 1, "sources": ["ais"], "iuu_listed": false, "ship_name": "WOODSIDE REES WITHER", "flag": "GRC", "eez_iso_sov": "PHL", "summary": "high severity; seen by ais", "time_start_utc": "2026-09-25T18:45:33.000Z", "review_status": "new"}}, {"type": "Feature", "geometry": {"type": "Point", "coordinates": [162.8557, -12.8165]}, "properties": {"case_id": "case_76163895908c", "severity": "high", "confidence": 0.8, "corroborated": false, "n_sensors": 1, "sources": ["ais"], "iuu_listed": false, "ship_name": "JIN JINN YI NO.168", "flag": "TWN", "eez_iso_sov": "SLB", "summary": "high severity; seen by ais", "time_start_utc": "2026-09-25T04:41:32.000Z", "review_status": "new"}}, {"type": "Feature", "geometry": {"type": "Point", "coordinates": [33.3295, -32.9291]}, "properties": {"case_id": "case_8fd640a8a5a0", "severity": "high", "confidence": 0.8, "corroborated": false, "n_sensors": 1, "sources": ["ais"], "iuu_listed": false, "ship_name": "LEGENDARY DIVA", "flag": "LBR", "eez_iso_sov": "ZAF", "summary": "high severity; seen by ais", "time_start_utc": "2026-09-25T07:29:06.000Z", "review_status": "new"}}, {"type": "Feature", "geometry": {"type": "Point", "coordinates": [33.5782, -32.3535]}, "properties": {"case_id": "case_aa5177eb7303", "severity": "high", "confidence": 0.8, "corroborated": false, "n_sensors": 1, "sources": ["ais"], "iuu_listed": false, "ship_name": "AL SENE`", "flag": "LBR", "eez_iso_sov": "ZAF", "summary": "high severity; seen by ais", "time_start_utc": "2026-09-25T08:11:09.000Z", "review_status": "new"}}, {"type": "Feature", "geometry": {"type": "Point", "coordinates": [35.8884, -29.5869]}, "properties": {"case_id": "case_fd7dac7010ee", "severity": "high", "confidence": 0.8, "corroborated": false, "n_sensors": 1, "sources": ["ais"], "iuu_listed": false, "ship_name": "BERGE OLYMPUS", "flag": "IMN", "eez_iso_sov": "ZAF", "summary": "high severity; seen by ais", "time_start_utc": "2026-09-25T14:30:00.000Z", "review_status": "new"}}, {"type": "Feature", "geometry": {"type": "Point", "coordinates": [153.5291, -1.0812]}, "properties": {"case_id": "case_9d2f6eacc45a", "severity": "high", "confidence": 0.8, "corroborated": false, "n_sensors": 1, "sources": ["ais"], "iuu_listed": false, "ship_name": "SAJO FAMILIA", "flag": "KOR", "eez_iso_sov": "PNG", "summary": "high severity; seen by ais", "time_start_utc": "2026-09-08T19:03:38.000Z", "review_status": "new"}}, {"type": "Feature", "geometry": {"type": "Point", "coordinates": [32.6561, -32.2952]}, "properties": {"case_id": "case_8f5c234a2bb5", "severity": "high", "confidence": 0.8, "corroborated": false, "n_sensors": 1, "sources": ["ais"], "iuu_listed": false, "ship_name": "OWUSU MARU", "flag": "PAN", "eez_iso_sov": "ZAF", "summary": "high severity; seen by ais", "time_start_utc": "2026-09-25T07:57:08.000Z", "review_status": "new"}}, {"type": "Feature", "geometry": {"type": "Point", "coordinates": [-42.7665, -25.3982]}, "properties": {"case_id": "case_7f915d3b32e6", "severity": "high", "confidence": 0.8, "corroborated": false, "n_sensors": 1, "sources": ["ais"], "iuu_listed": false, "ship_name": "RIO 2016", "flag": "GRC", "eez_iso_sov": "BRA", "summary": "high severity; seen by ais", "time_start_utc": "2026-09-25T08:23:58.000Z", "review_status": "new"}}, {"type": "Feature", "geometry": {"type": "Point", "coordinates": [-174.7875, -2.6931]}, "properties": {"case_id": "case_07a9b65f7773", "severity": "high", "confidence": 0.8, "corroborated": false, "n_sensors": 1, "sources": ["ais"], "iuu_listed": false, "ship_name": "SYY31-2024-05-99%", "flag": "CHN", "eez_iso_sov": "KIR", "summary": "high severity; seen by ais", "time_start_utc": "2026-09-25T09:09:40.000Z", "review_status": "new"}}, {"type": "Feature", "geometry": {"type": "Point", "coordinates": [118.4675, 4.0414]}, "properties": {"case_id": "case_eb15ff30d8ee", "severity": "high", "confidence": 0.8, "corroborated": false, "n_sensors": 1, "sources": ["ais"], "iuu_listed": false, "ship_name": "MARIA ENERGY", "flag": "LBR", "eez_iso_sov": "MYS", "summary": "high severity; seen by ais", "time_start_utc": "2026-09-20T02:38:12.000Z", "review_status": "new"}}, {"type": "Feature", "geometry": {"type": "Point", "coordinates": [-179.9197, -7.2847]}, "properties": {"case_id": "case_441a14581fba", "severity": "high", "confidence": 0.8, "corroborated": false, "n_sensors": 1, "sources": ["ais"], "iuu_listed": false, "ship_name": "636-4  100%", "flag": "CHN", "eez_iso_sov": "TUV", "summary": "high severity; seen by ais", "time_start_utc": "2026-09-24T09:30:01.000Z", "review_status": "new"}}, {"type": "Feature", "geometry": {"type": "Point", "coordinates": [124.5472, 16.7108]}, "properties": {"case_id": "case_157b5ce36140", "severity": "high", "confidence": 0.8, "corroborated": false, "n_sensors": 1, "sources": ["ais"], "iuu_listed": false, "ship_name": "GREEN CLARITY", "flag": "PAN", "eez_iso_sov": "PHL", "summary": "high severity; seen by ais", "time_start_utc": "2026-09-25T02:28:25.000Z", "review_status": "new"}}, {"type": "Feature", "geometry": {"type": "Point", "coordinates": [122.2529, -11.1953]}, "properties": {"case_id": "case_f6c244e7d9ee", "severity": "high", "confidence": 0.8, "corroborated": false, "n_sensors": 1, "sources": ["ais"], "iuu_listed": false, "ship_name": "NEPTUNE ACE", "flag": "JPN", "eez_iso_sov": "IDN", "summary": "high severity; seen by ais", "time_start_utc": "2026-09-24T17:15:00.000Z", "review_status": "new"}}, {"type": "Feature", "geometry": {"type": "Point", "coordinates": [-26.7263, 39.9101]}, "properties": {"case_id": "case_6921528abb7c", "severity": "high", "confidence": 0.8, "corroborated": false, "n_sensors": 1, "sources": ["ais"], "iuu_listed": false, "ship_name": "FEDERAL SUTTON", "flag": "MHL", "eez_iso_sov": "PRT", "summary": "high severity; seen by ais", "time_start_utc": "2026-09-23T03:39:30.000Z", "review_status": "new"}}, {"type": "Feature", "geometry": {"type": "Point", "coordinates": [-90.46413, -0.50687]}, "properties": {"case_id": "case_49190b140355", "severity": "medium", "confidence": 0.5, "corroborated": false, "n_sensors": 1, "sources": ["sar"], "iuu_listed": false, "ship_name": "", "flag": "", "eez_iso_sov": "ECU", "summary": "medium severity; seen by sar", "time_start_utc": "2026-09-30T00:17:33Z", "review_status": "new"}}, {"type": "Feature", "geometry": {"type": "Point", "coordinates": [-90.52442, -0.50811]}, "properties": {"case_id": "case_99df9593c3d9", "severity": "medium", "confidence": 0.5, "corroborated": false, "n_sensors": 1, "sources": ["sar"], "iuu_listed": false, "ship_name": "", "flag": "", "eez_iso_sov": "ECU", "summary": "medium severity; seen by sar", "time_start_utc": "2026-09-30T00:17:33Z", "review_status": "new"}}, {"type": "Feature", "geometry": {"type": "Point", "coordinates": [-90.53103, -0.55836]}, "properties": {"case_id": "case_924de743671f", "severity": "low", "confidence": 0.3, "corroborated": false, "n_sensors": 1, "sources": ["sar"], "iuu_listed": false, "ship_name": "", "flag": "", "eez_iso_sov": "ECU", "summary": "low severity; seen by sar", "time_start_utc": "2026-09-30T00:17:33Z", "review_status": "new"}}, {"type": "Feature", "geometry": {"type": "Point", "coordinates": [-90.15107, -0.57084]}, "properties": {"case_id": "case_60844be0be9e", "severity": "low", "confidence": 0.3, "corroborated": false, "n_sensors": 1, "sources": ["sar"], "iuu_listed": false, "ship_name": "", "flag": "", "eez_iso_sov": "ECU", "summary": "low severity; seen by sar", "time_start_utc": "2026-09-30T00:17:33Z", "review_status": "new"}}, {"type": "Feature", "geometry": {"type": "Point", "coordinates": [-90.54816, -0.65612]}, "properties": {"case_id": "case_134409e50be5", "severity": "low", "confidence": 0.3, "corroborated": false, "n_sensors": 1, "sources": ["sar"], "iuu_listed": false, "ship_name": "", "flag": "", "eez_iso_sov": "ECU", "summary": "low severity; seen by sar", "time_start_utc": "2026-09-30T00:17:33Z", "review_status": "new"}}, {"type": "Feature", "geometry": {"type": "Point", "coordinates": [-90.30113, -0.7511]}, "properties": {"case_id": "case_df12c449d419", "severity": "low", "confidence": 0.3, "corroborated": false, "n_sensors": 1, "sources": ["sar"], "iuu_listed": false, "ship_name": "", "flag": "", "eez_iso_sov": "ECU", "summary": "low severity; seen by sar", "time_start_utc": "2026-09-30T00:17:33Z", "review_status": "new"}}, {"type": "Feature", "geometry": {"type": "Point", "coordinates": [123.179, 39.66411]}, "properties": {"case_id": "case_c9d023e6af75", "severity": "medium", "confidence": 0.5, "corroborated": false, "n_sensors": 1, "sources": ["sar"], "iuu_listed": false, "ship_name": "", "flag": "", "eez_iso_sov": "CHN", "summary": "medium severity; seen by sar", "time_start_utc": "2026-09-29T09:39:58Z", "review_status": "new"}}, {"type": "Feature", "geometry": {"type": "Point", "coordinates": [123.12697, 39.51469]}, "properties": {"case_id": "case_41f895a271cd", "severity": "medium", "confidence": 0.5, "corroborated": false, "n_sensors": 1, "sources": ["sar"], "iuu_listed": false, "ship_name": "", "flag": "", "eez_iso_sov": "CHN", "summary": "medium severity; seen by sar", "time_start_utc": "2026-09-29T09:39:58Z", "review_status": "new"}}, {"type": "Feature", "geometry": {"type": "Point", "coordinates": [122.88544, 39.57231]}, "properties": {"case_id": "case_34f10a8e6101", "severity": "medium", "confidence": 0.5, "corroborated": false, "n_sensors": 1, "sources": ["sar"], "iuu_listed": false, "ship_name": "", "flag": "", "eez_iso_sov": "CHN", "summary": "medium severity; seen by sar", "time_start_utc": "2026-09-29T09:39:58Z", "review_status": "new"}}, {"type": "Feature", "geometry": {"type": "Point", "coordinates": [123.00296, 39.64494]}, "properties": {"case_id": "case_80ba694e0156", "severity": "medium", "confidence": 0.5, "corroborated": false, "n_sensors": 1, "sources": ["sar"], "iuu_listed": false, "ship_name": "", "flag": "", "eez_iso_sov": "CHN", "summary": "medium severity; seen by sar", "time_start_utc": "2026-09-29T09:39:58Z", "review_status": "new"}}, {"type": "Feature", "geometry": {"type": "Point", "coordinates": [123.10877, 39.62455]}, "properties": {"case_id": "case_5fd57f6ef5df", "severity": "medium", "confidence": 0.5, "corroborated": false, "n_sensors": 1, "sources": ["sar"], "iuu_listed": false, "ship_name": "", "flag": "", "eez_iso_sov": "CHN", "summary": "medium severity; seen by sar", "time_start_utc": "2026-09-29T09:39:58Z", "review_status": "new"}}, {"type": "Feature", "geometry": {"type": "Point", "coordinates": [123.17438, 39.58768]}, "properties": {"case_id": "case_ab559e265886", "severity": "medium", "confidence": 0.5, "corroborated": false, "n_sensors": 1, "sources": ["sar"], "iuu_listed": false, "ship_name": "", "flag": "", "eez_iso_sov": "CHN", "summary": "medium severity; seen by sar", "time_start_utc": "2026-09-29T09:39:58Z", "review_status": "new"}}, {"type": "Feature", "geometry": {"type": "Point", "coordinates": [122.79085, 39.41776]}, "properties": {"case_id": "case_5ef7a99808c8", "severity": "medium", "confidence": 0.5, "corroborated": false, "n_sensors": 1, "sources": ["sar"], "iuu_listed": false, "ship_name": "", "flag": "", "eez_iso_sov": "CHN", "summary": "medium severity; seen by sar", "time_start_utc": "2026-09-29T09:39:58Z", "review_status": "new"}}, {"type": "Feature", "geometry": {"type": "Point", "coordinates": [122.95957, 39.49901]}, "properties": {"case_id": "case_6ffcf0163588", "severity": "medium", "confidence": 0.5, "corroborated": false, "n_sensors": 1, "sources": ["sar"], "iuu_listed": false, "ship_name": "", "flag": "", "eez_iso_sov": "CHN", "summary": "medium severity; seen by sar", "time_start_utc": "2026-09-29T09:39:58Z", "review_status": "new"}}, {"type": "Feature", "geometry": {"type": "Point", "coordinates": [123.06103, 39.44796]}, "properties": {"case_id": "case_d95ab21b63e3", "severity": "medium", "confidence": 0.5, "corroborated": false, "n_sensors": 1, "sources": ["sar"], "iuu_listed": false, "ship_name": "", "flag": "", "eez_iso_sov": "CHN", "summary": "medium severity; seen by sar", "time_start_utc": "2026-09-29T09:39:58Z", "review_status": "new"}}, {"type": "Feature", "geometry": {"type": "Point", "coordinates": [122.98306, 39.43674]}, "properties": {"case_id": "case_60b753b016ac", "severity": "medium", "confidence": 0.5, "corroborated": false, "n_sensors": 1, "sources": ["sar"], "iuu_listed": false, "ship_name": "", "flag": "", "eez_iso_sov": "CHN", "summary": "medium severity; seen by sar", "time_start_utc": "2026-09-29T09:39:58Z", "review_status": "new"}}, {"type": "Feature", "geometry": {"type": "Point", "coordinates": [123.14696, 39.39066]}, "properties": {"case_id": "case_4c56bff68a1a", "severity": "medium", "confidence": 0.5, "corroborated": false, "n_sensors": 1, "sources": ["sar"], "iuu_listed": false, "ship_name": "", "flag": "", "eez_iso_sov": "CHN", "summary": "medium severity; seen by sar", "time_start_utc": "2026-09-29T09:39:58Z", "review_status": "new"}}, {"type": "Feature", "geometry": {"type": "Point", "coordinates": [122.94223, 39.35306]}, "properties": {"case_id": "case_5be86978323b", "severity": "medium", "confidence": 0.5, "corroborated": false, "n_sensors": 1, "sources": ["sar"], "iuu_listed": false, "ship_name": "", "flag": "", "eez_iso_sov": "CHN", "summary": "medium severity; seen by sar", "time_start_utc": "2026-09-29T09:39:58Z", "review_status": "new"}}, {"type": "Feature", "geometry": {"type": "Point", "coordinates": [123.17014, 39.35257]}, "properties": {"case_id": "case_6974079de8f1", "severity": "medium", "confidence": 0.5, "corroborated": false, "n_sensors": 1, "sources": ["sar"], "iuu_listed": false, "ship_name": "", "flag": "", "eez_iso_sov": "CHN", "summary": "medium severity; seen by sar", "time_start_utc": "2026-09-29T09:39:58Z", "review_status": "new"}}, {"type": "Feature", "geometry": {"type": "Point", "coordinates": [-77.28859, -11.89693]}, "properties": {"case_id": "case_dae4cb8060e7", "severity": "medium", "confidence": 0.5, "corroborated": false, "n_sensors": 1, "sources": ["sar"], "iuu_listed": false, "ship_name": "", "flag": "", "eez_iso_sov": "PER", "summary": "medium severity; seen by sar", "time_start_utc": "2026-09-28T23:33:35Z", "review_status": "new"}}, {"type": "Feature", "geometry": {"type": "Point", "coordinates": [-77.23206, -12.0244]}, "properties": {"case_id": "case_69caa7789335", "severity": "medium", "confidence": 0.5, "corroborated": false, "n_sensors": 1, "sources": ["sar"], "iuu_listed": false, "ship_name": "", "flag": "", "eez_iso_sov": "PER", "summary": "medium severity; seen by sar", "time_start_utc": "2026-09-26T10:46:32Z", "review_status": "new"}}, {"type": "Feature", "geometry": {"type": "Point", "coordinates": [122.98817, 39.46617]}, "properties": {"case_id": "case_0f051db8be03", "severity": "medium", "confidence": 0.5, "corroborated": false, "n_sensors": 1, "sources": ["sar"], "iuu_listed": false, "ship_name": "", "flag": "", "eez_iso_sov": "CHN", "summary": "medium severity; seen by sar", "time_start_utc": "2026-09-28T21:47:22Z", "review_status": "new"}}, {"type": "Feature", "geometry": {"type": "Point", "coordinates": [122.81463, 39.56225]}, "properties": {"case_id": "case_05bf8b92d77e", "severity": "medium", "confidence": 0.5, "corroborated": false, "n_sensors": 1, "sources": ["sar"], "iuu_listed": false, "ship_name": "", "flag": "", "eez_iso_sov": "CHN", "summary": "medium severity; seen by sar", "time_start_utc": "2026-09-28T21:47:22Z", "review_status": "new"}}, {"type": "Feature", "geometry": {"type": "Point", "coordinates": [-77.22313, -12.11299]}, "properties": {"case_id": "case_6d8b2c1e2e87", "severity": "medium", "confidence": 0.5, "corroborated": false, "n_sensors": 1, "sources": ["sar"], "iuu_listed": false, "ship_name": "", "flag": "", "eez_iso_sov": "", "summary": "medium severity; seen by sar", "time_start_utc": "", "review_status": "new"}}, {"type": "Feature", "geometry": {"type": "Point", "coordinates": [-77.28898, -12.20147]}, "properties": {"case_id": "case_ee2b4894d4e3", "severity": "low", "confidence": 0.3, "corroborated": false, "n_sensors": 1, "sources": ["sar"], "iuu_listed": false, "ship_name": "", "flag": "", "eez_iso_sov": "PER", "summary": "low severity; seen by sar", "time_start_utc": "2026-09-26T10:46:32Z", "review_status": "new"}}, {"type": "Feature", "geometry": {"type": "Point", "coordinates": [-77.18049, -12.22059]}, "properties": {"case_id": "case_0b0d6010d659", "severity": "low", "confidence": 0.3, "corroborated": false, "n_sensors": 1, "sources": ["sar"], "iuu_listed": false, "ship_name": "", "flag": "", "eez_iso_sov": "PER", "summary": "low severity; seen by sar", "time_start_utc": "2026-09-26T10:46:32Z", "review_status": "new"}}, {"type": "Feature", "geometry": {"type": "Point", "coordinates": [-77.23963, -12.23569]}, "properties": {"case_id": "case_9fa6fd1236e1", "severity": "medium", "confidence": 0.5, "corroborated": false, "n_sensors": 1, "sources": ["sar"], "iuu_listed": false, "ship_name": "", "flag": "", "eez_iso_sov": "PER", "summary": "medium severity; seen by sar", "time_start_utc": "2026-09-26T10:46:32Z", "review_status": "new"}}, {"type": "Feature", "geometry": {"type": "Point", "coordinates": [-13.40103, 8.48186]}, "properties": {"case_id": "case_94016c282afe", "severity": "low", "confidence": 0.3, "corroborated": false, "n_sensors": 1, "sources": ["sar"], "iuu_listed": false, "ship_name": "", "flag": "", "eez_iso_sov": "SLE", "summary": "low severity; seen by sar", "time_start_utc": "2026-09-25T06:42:34Z", "review_status": "new"}}, {"type": "Feature", "geometry": {"type": "Point", "coordinates": [-13.24827, 8.50411]}, "properties": {"case_id": "case_b2a055c20ae0", "severity": "medium", "confidence": 0.5, "corroborated": false, "n_sensors": 1, "sources": ["sar"], "iuu_listed": false, "ship_name": "", "flag": "", "eez_iso_sov": "SLE", "summary": "medium severity; seen by sar", "time_start_utc": "2026-09-25T06:42:34Z", "review_status": "new"}}, {"type": "Feature", "geometry": {"type": "Point", "coordinates": [-13.38558, 8.39109]}, "properties": {"case_id": "case_5ef5b652bb16", "severity": "low", "confidence": 0.3, "corroborated": false, "n_sensors": 1, "sources": ["sar"], "iuu_listed": false, "ship_name": "", "flag": "", "eez_iso_sov": "SLE", "summary": "low severity; seen by sar", "time_start_utc": "2026-09-25T06:42:34Z", "review_status": "new"}}, {"type": "Feature", "geometry": {"type": "Point", "coordinates": [-13.26971, 8.39737]}, "properties": {"case_id": "case_42d94d1a26a5", "severity": "medium", "confidence": 0.5, "corroborated": false, "n_sensors": 1, "sources": ["sar"], "iuu_listed": false, "ship_name": "", "flag": "", "eez_iso_sov": "SLE", "summary": "medium severity; seen by sar", "time_start_utc": "2026-09-25T06:42:34Z", "review_status": "new"}}, {"type": "Feature", "geometry": {"type": "Point", "coordinates": [-13.38275, 8.33317]}, "properties": {"case_id": "case_74b2d6ad03b9", "severity": "medium", "confidence": 0.5, "corroborated": false, "n_sensors": 1, "sources": ["sar"], "iuu_listed": false, "ship_name": "", "flag": "", "eez_iso_sov": "SLE", "summary": "medium severity; seen by sar", "time_start_utc": "2026-09-25T06:42:34Z", "review_status": "new"}}, {"type": "Feature", "geometry": {"type": "Point", "coordinates": [-13.20242, 8.30735]}, "properties": {"case_id": "case_ff7225905ce6", "severity": "low", "confidence": 0.3, "corroborated": false, "n_sensors": 1, "sources": ["sar"], "iuu_listed": false, "ship_name": "", "flag": "", "eez_iso_sov": "SLE", "summary": "low severity; seen by sar", "time_start_utc": "2026-09-25T06:42:34Z", "review_status": "new"}}, {"type": "Feature", "geometry": {"type": "Point", "coordinates": [-13.17577, 8.27017]}, "properties": {"case_id": "case_b89b3838f374", "severity": "low", "confidence": 0.3, "corroborated": false, "n_sensors": 1, "sources": ["sar"], "iuu_listed": false, "ship_name": "", "flag": "", "eez_iso_sov": "SLE", "summary": "low severity; seen by sar", "time_start_utc": "2026-09-25T06:42:34Z", "review_status": "new"}}, {"type": "Feature", "geometry": {"type": "Point", "coordinates": [-77.33795, -11.95983]}, "properties": {"case_id": "case_abd7320fbd7b", "severity": "medium", "confidence": 0.5, "corroborated": false, "n_sensors": 1, "sources": ["sar"], "iuu_listed": false, "ship_name": "", "flag": "", "eez_iso_sov": "PER", "summary": "medium severity; seen by sar", "time_start_utc": "", "review_status": "new"}}, {"type": "Feature", "geometry": {"type": "Point", "coordinates": [-77.16942, -12.11874]}, "properties": {"case_id": "case_7680e3f6e6f5", "severity": "medium", "confidence": 0.5, "corroborated": false, "n_sensors": 1, "sources": ["sar"], "iuu_listed": false, "ship_name": "", "flag": "", "eez_iso_sov": "PER", "summary": "medium severity; seen by sar", "time_start_utc": "", "review_status": "new"}}, {"type": "Feature", "geometry": {"type": "Point", "coordinates": [-77.36666, -12.25289]}, "properties": {"case_id": "case_bd0a52f74d5a", "severity": "low", "confidence": 0.3, "corroborated": false, "n_sensors": 1, "sources": ["sar"], "iuu_listed": false, "ship_name": "", "flag": "", "eez_iso_sov": "PER", "summary": "low severity; seen by sar", "time_start_utc": "", "review_status": "new"}}, {"type": "Feature", "geometry": {"type": "Point", "coordinates": [-77.08384, -12.26463]}, "properties": {"case_id": "case_1b3ed58d91c6", "severity": "medium", "confidence": 0.5, "corroborated": false, "n_sensors": 1, "sources": ["sar"], "iuu_listed": false, "ship_name": "", "flag": "", "eez_iso_sov": "PER", "summary": "medium severity; seen by sar", "time_start_utc": "", "review_status": "new"}}, {"type": "Feature", "geometry": {"type": "Point", "coordinates": [-77.17287, -12.18722]}, "properties": {"case_id": "case_6d4266366a09", "severity": "medium", "confidence": 0.5, "corroborated": false, "n_sensors": 1, "sources": ["sar"], "iuu_listed": false, "ship_name": "", "flag": "", "eez_iso_sov": "PER", "summary": "medium severity; seen by sar", "time_start_utc": "2026-09-21T10:38:53Z", "review_status": "new"}}, {"type": "Feature", "geometry": {"type": "Point", "coordinates": [-77.1489, -12.24475]}, "properties": {"case_id": "case_859e63617196", "severity": "medium", "confidence": 0.5, "corroborated": false, "n_sensors": 1, "sources": ["sar"], "iuu_listed": false, "ship_name": "", "flag": "", "eez_iso_sov": "PER", "summary": "medium severity; seen by sar", "time_start_utc": "2026-09-21T10:38:53Z", "review_status": "new"}}, {"type": "Feature", "geometry": {"type": "Point", "coordinates": [-13.34432, 8.63651]}, "properties": {"case_id": "case_b7ee150b6a4f", "severity": "medium", "confidence": 0.5, "corroborated": false, "n_sensors": 1, "sources": ["sar"], "iuu_listed": false, "ship_name": "", "flag": "", "eez_iso_sov": "SLE", "summary": "medium severity; seen by sar", "time_start_utc": "2026-09-19T19:07:42Z", "review_status": "new"}}, {"type": "Feature", "geometry": {"type": "Point", "coordinates": [-13.23547, 8.63352]}, "properties": {"case_id": "case_aa1cba8e0a2b", "severity": "low", "confidence": 0.3, "corroborated": false, "n_sensors": 1, "sources": ["sar"], "iuu_listed": false, "ship_name": "", "flag": "", "eez_iso_sov": "SLE", "summary": "low severity; seen by sar", "time_start_utc": "2026-09-19T19:07:42Z", "review_status": "new"}}, {"type": "Feature", "geometry": {"type": "Point", "coordinates": [-13.32003, 8.48993]}, "properties": {"case_id": "case_98fb36d5c9ed", "severity": "medium", "confidence": 0.5, "corroborated": false, "n_sensors": 1, "sources": ["sar"], "iuu_listed": false, "ship_name": "", "flag": "", "eez_iso_sov": "SLE", "summary": "medium severity; seen by sar", "time_start_utc": "2026-09-19T19:07:42Z", "review_status": "new"}}, {"type": "Feature", "geometry": {"type": "Point", "coordinates": [-13.39674, 8.29886]}, "properties": {"case_id": "case_f418e9514edb", "severity": "medium", "confidence": 0.5, "corroborated": false, "n_sensors": 1, "sources": ["sar"], "iuu_listed": false, "ship_name": "", "flag": "", "eez_iso_sov": "SLE", "summary": "medium severity; seen by sar", "time_start_utc": "2026-09-19T19:07:42Z", "review_status": "new"}}, {"type": "Feature", "geometry": {"type": "Point", "coordinates": [-13.19796, 8.31313]}, "properties": {"case_id": "case_47b9c3febb02", "severity": "low", "confidence": 0.3, "corroborated": false, "n_sensors": 1, "sources": ["sar"], "iuu_listed": false, "ship_name": "", "flag": "", "eez_iso_sov": "SLE", "summary": "low severity; seen by sar", "time_start_utc": "2026-09-19T19:07:42Z", "review_status": "new"}}, {"type": "Feature", "geometry": {"type": "Point", "coordinates": [-13.40678, 8.26072]}, "properties": {"case_id": "case_4319e0427ac4", "severity": "medium", "confidence": 0.5, "corroborated": false, "n_sensors": 1, "sources": ["sar"], "iuu_listed": false, "ship_name": "", "flag": "", "eez_iso_sov": "SLE", "summary": "medium severity; seen by sar", "time_start_utc": "2026-09-19T19:07:42Z", "review_status": "new"}}, {"type": "Feature", "geometry": {"type": "Point", "coordinates": [-13.23014, 8.33895]}, "properties": {"case_id": "case_60c5b0e4ed97", "severity": "low", "confidence": 0.3, "corroborated": false, "n_sensors": 1, "sources": ["sar"], "iuu_listed": false, "ship_name": "", "flag": "", "eez_iso_sov": "SLE", "summary": "low severity; seen by sar", "time_start_utc": "2026-09-19T19:07:42Z", "review_status": "new"}}, {"type": "Feature", "geometry": {"type": "Point", "coordinates": [-13.17607, 8.27039]}, "properties": {"case_id": "case_2e5d8551b8d1", "severity": "low", "confidence": 0.3, "corroborated": false, "n_sensors": 1, "sources": ["sar"], "iuu_listed": false, "ship_name": "", "flag": "", "eez_iso_sov": "SLE", "summary": "low severity; seen by sar", "time_start_utc": "2026-09-19T19:07:42Z", "review_status": "new"}}, {"type": "Feature", "geometry": {"type": "Point", "coordinates": [123.18986, 39.6641]}, "properties": {"case_id": "case_edd0a7d6b9cf", "severity": "low", "confidence": 0.3, "corroborated": false, "n_sensors": 1, "sources": ["sar"], "iuu_listed": false, "ship_name": "", "flag": "", "eez_iso_sov": "CHN", "summary": "low severity; seen by sar", "time_start_utc": "2026-09-17T09:39:58Z", "review_status": "new"}}, {"type": "Feature", "geometry": {"type": "Point", "coordinates": [123.11114, 39.50439]}, "properties": {"case_id": "case_7e387cddb754", "severity": "medium", "confidence": 0.5, "corroborated": false, "n_sensors": 1, "sources": ["sar"], "iuu_listed": false, "ship_name": "", "flag": "", "eez_iso_sov": "CHN", "summary": "medium severity; seen by sar", "time_start_utc": "2026-09-17T09:39:58Z", "review_status": "new"}}, {"type": "Feature", "geometry": {"type": "Point", "coordinates": [122.99981, 39.64372]}, "properties": {"case_id": "case_f8c64290487d", "severity": "low", "confidence": 0.3, "corroborated": false, "n_sensors": 1, "sources": ["sar"], "iuu_listed": false, "ship_name": "", "flag": "", "eez_iso_sov": "CHN", "summary": "low severity; seen by sar", "time_start_utc": "2026-09-17T09:39:58Z", "review_status": "new"}}, {"type": "Feature", "geometry": {"type": "Point", "coordinates": [123.12662, 39.64934]}, "properties": {"case_id": "case_10f2fa29a852", "severity": "low", "confidence": 0.3, "corroborated": false, "n_sensors": 1, "sources": ["sar"], "iuu_listed": false, "ship_name": "", "flag": "", "eez_iso_sov": "CHN", "summary": "low severity; seen by sar", "time_start_utc": "2026-09-17T09:39:58Z", "review_status": "new"}}, {"type": "Feature", "geometry": {"type": "Point", "coordinates": [122.79548, 39.41514]}, "properties": {"case_id": "case_af7565269a60", "severity": "medium", "confidence": 0.5, "corroborated": false, "n_sensors": 1, "sources": ["sar"], "iuu_listed": false, "ship_name": "", "flag": "", "eez_iso_sov": "CHN", "summary": "medium severity; seen by sar", "time_start_utc": "2026-09-17T09:39:58Z", "review_status": "new"}}, {"type": "Feature", "geometry": {"type": "Point", "coordinates": [122.94083, 39.34879]}, "properties": {"case_id": "case_0e899b85e268", "severity": "medium", "confidence": 0.5, "corroborated": false, "n_sensors": 1, "sources": ["sar"], "iuu_listed": false, "ship_name": "", "flag": "", "eez_iso_sov": "CHN", "summary": "medium severity; seen by sar", "time_start_utc": "2026-09-17T09:39:58Z", "review_status": "new"}}, {"type": "Feature", "geometry": {"type": "Point", "coordinates": [-77.27516, -12.08659]}, "properties": {"case_id": "case_110e8ed5b713", "severity": "medium", "confidence": 0.5, "corroborated": false, "n_sensors": 1, "sources": ["sar"], "iuu_listed": false, "ship_name": "", "flag": "", "eez_iso_sov": "PER", "summary": "medium severity; seen by sar", "time_start_utc": "2026-09-16T23:33:35Z", "review_status": "new"}}, {"type": "Feature", "geometry": {"type": "Point", "coordinates": [122.97539, 39.45828]}, "properties": {"case_id": "case_3d9d047deea3", "severity": "medium", "confidence": 0.5, "corroborated": false, "n_sensors": 1, "sources": ["sar"], "iuu_listed": false, "ship_name": "", "flag": "", "eez_iso_sov": "CHN", "summary": "medium severity; seen by sar", "time_start_utc": "2026-09-16T21:47:21Z", "review_status": "new"}}, {"type": "Feature", "geometry": {"type": "Point", "coordinates": [122.90509, 39.60882]}, "properties": {"case_id": "case_4c5e015aec8e", "severity": "low", "confidence": 0.3, "corroborated": false, "n_sensors": 1, "sources": ["sar"], "iuu_listed": false, "ship_name": "", "flag": "", "eez_iso_sov": "CHN", "summary": "low severity; seen by sar", "time_start_utc": "2026-09-16T21:47:21Z", "review_status": "new"}}, {"type": "Feature", "geometry": {"type": "Point", "coordinates": [122.78914, 39.56423]}, "properties": {"case_id": "case_3a312cb479e4", "severity": "low", "confidence": 0.3, "corroborated": false, "n_sensors": 1, "sources": ["sar"], "iuu_listed": false, "ship_name": "", "flag": "", "eez_iso_sov": "CHN", "summary": "low severity; seen by sar", "time_start_utc": "2026-09-16T21:47:21Z", "review_status": "new"}}, {"type": "Feature", "geometry": {"type": "Point", "coordinates": [122.92338, 39.55345]}, "properties": {"case_id": "case_8d8b282bf1de", "severity": "medium", "confidence": 0.5, "corroborated": false, "n_sensors": 1, "sources": ["sar"], "iuu_listed": false, "ship_name": "", "flag": "", "eez_iso_sov": "CHN", "summary": "medium severity; seen by sar", "time_start_utc": "2026-09-16T21:47:21Z", "review_status": "new"}}, {"type": "Feature", "geometry": {"type": "Point", "coordinates": [-77.42056, -11.84377]}, "properties": {"case_id": "case_dc7be42cb306", "severity": "low", "confidence": 0.3, "corroborated": false, "n_sensors": 1, "sources": ["sar"], "iuu_listed": false, "ship_name": "", "flag": "", "eez_iso_sov": "PER", "summary": "low severity; seen by sar", "time_start_utc": "", "review_status": "new"}}, {"type": "Feature", "geometry": {"type": "Point", "coordinates": [-77.40794, -11.9359]}, "properties": {"case_id": "case_eee37370dbb1", "severity": "low", "confidence": 0.3, "corroborated": false, "n_sensors": 1, "sources": ["sar"], "iuu_listed": false, "ship_name": "", "flag": "", "eez_iso_sov": "PER", "summary": "low severity; seen by sar", "time_start_utc": "", "review_status": "new"}}, {"type": "Feature", "geometry": {"type": "Point", "coordinates": [-122.04534, 35.67648]}, "properties": {"case_id": "case_052826e64a69", "severity": "high", "confidence": 0.8, "corroborated": false, "n_sensors": 1, "sources": ["ais"], "iuu_listed": false, "ship_name": "ISLAND PRIDE", "flag": "NO", "eez_iso_sov": "", "summary": "high severity; seen by ais", "time_start_utc": "2024-07-01T00:00:03Z", "review_status": "new"}}, {"type": "Feature", "geometry": {"type": "Point", "coordinates": [-122.4803, 37.50236]}, "properties": {"case_id": "case_4395b82c13d3", "severity": "medium", "confidence": 0.5, "corroborated": false, "n_sensors": 1, "sources": ["ais"], "iuu_listed": false, "ship_name": "TYEE", "flag": "US", "eez_iso_sov": "", "summary": "medium severity; seen by ais", "time_start_utc": "2024-07-01T00:16:38Z", "review_status": "new"}}, {"type": "Feature", "geometry": {"type": "Point", "coordinates": [-120.21792, 34.00056]}, "properties": {"case_id": "case_013f69cd9b21", "severity": "medium", "confidence": 0.5, "corroborated": false, "n_sensors": 1, "sources": ["ais"], "iuu_listed": false, "ship_name": "LAST STRAW", "flag": "US", "eez_iso_sov": "", "summary": "medium severity; seen by ais", "time_start_utc": "2024-07-01T00:00:00Z", "review_status": "new"}}, {"type": "Feature", "geometry": {"type": "Point", "coordinates": [-121.78588, 36.80451]}, "properties": {"case_id": "case_884eebbac77a", "severity": "medium", "confidence": 0.5, "corroborated": false, "n_sensors": 1, "sources": ["ais"], "iuu_listed": false, "ship_name": "NOAH'S ARK", "flag": "US", "eez_iso_sov": "", "summary": "medium severity; seen by ais", "time_start_utc": "2024-07-01T00:00:00Z", "review_status": "new"}}, {"type": "Feature", "geometry": {"type": "Point", "coordinates": [-119.71319, 34.32633]}, "properties": {"case_id": "case_04a31bc973de", "severity": "medium", "confidence": 0.5, "corroborated": false, "n_sensors": 1, "sources": ["ais"], "iuu_listed": false, "ship_name": "TRUTH", "flag": "US", "eez_iso_sov": "", "summary": "medium severity; seen by ais", "time_start_utc": "2024-07-01T00:01:27Z", "review_status": "new"}}, {"type": "Feature", "geometry": {"type": "Point", "coordinates": [-119.64896, 33.13674]}, "properties": {"case_id": "case_06716f19ea5e", "severity": "medium", "confidence": 0.5, "corroborated": false, "n_sensors": 1, "sources": ["ais"], "iuu_listed": false, "ship_name": "EXCALIBUR", "flag": "US", "eez_iso_sov": "", "summary": "medium severity; seen by ais", "time_start_utc": "2024-07-01T00:00:01Z", "review_status": "new"}}, {"type": "Feature", "geometry": {"type": "Point", "coordinates": [-117.23676, 32.40859]}, "properties": {"case_id": "case_a943fae70695", "severity": "medium", "confidence": 0.5, "corroborated": false, "n_sensors": 1, "sources": ["ais"], "iuu_listed": false, "ship_name": "KAHAROA II", "flag": "NZ", "eez_iso_sov": "", "summary": "medium severity; seen by ais", "time_start_utc": "2024-07-01T00:01:52Z", "review_status": "new"}}, {"type": "Feature", "geometry": {"type": "Point", "coordinates": [-124.08204, 37.54453]}, "properties": {"case_id": "case_fcad9cdc8bce", "severity": "high", "confidence": 0.8, "corroborated": false, "n_sensors": 1, "sources": ["ais"], "iuu_listed": false, "ship_name": "ATLANTIC PRINCE", "flag": "MH", "eez_iso_sov": "", "summary": "high severity; seen by ais", "time_start_utc": "2024-07-01T00:02:16Z", "review_status": "new"}}, {"type": "Feature", "geometry": {"type": "Point", "coordinates": [-13.72776, 9.47077]}, "properties": {"case_id": "case_8c7f0bfb59ba", "severity": "medium", "confidence": 0.5, "corroborated": false, "n_sensors": 1, "sources": ["optical"], "iuu_listed": false, "ship_name": "", "flag": "", "eez_iso_sov": "GIN", "summary": "medium severity; seen by optical", "time_start_utc": "2026-06-29T11:06:19Z", "review_status": "new"}}, {"type": "Feature", "geometry": {"type": "Point", "coordinates": [-13.56115, 9.17241]}, "properties": {"case_id": "case_7fd3d395e5d4", "severity": "medium", "confidence": 0.5, "corroborated": false, "n_sensors": 1, "sources": ["optical"], "iuu_listed": false, "ship_name": "", "flag": "", "eez_iso_sov": "GIN", "summary": "medium severity; seen by optical", "time_start_utc": "2026-06-29T11:06:19Z", "review_status": "new"}}, {"type": "Feature", "geometry": {"type": "Point", "coordinates": [-13.56989, 9.12348]}, "properties": {"case_id": "case_fb389364d134", "severity": "low", "confidence": 0.3, "corroborated": false, "n_sensors": 1, "sources": ["optical"], "iuu_listed": false, "ship_name": "", "flag": "", "eez_iso_sov": "GIN", "summary": "low severity; seen by optical", "time_start_utc": "2026-06-29T11:06:19Z", "review_status": "new"}}, {"type": "Feature", "geometry": {"type": "Point", "coordinates": [-13.82932, 9.44793]}, "properties": {"case_id": "case_1dc067176cd0", "severity": "low", "confidence": 0.3, "corroborated": false, "n_sensors": 1, "sources": ["optical"], "iuu_listed": false, "ship_name": "", "flag": "", "eez_iso_sov": "GIN", "summary": "low severity; seen by optical", "time_start_utc": "2026-06-29T11:06:19Z", "review_status": "new"}}, {"type": "Feature", "geometry": {"type": "Point", "coordinates": [-13.81574, 9.20792]}, "properties": {"case_id": "case_3d82e2316d1b", "severity": "low", "confidence": 0.3, "corroborated": false, "n_sensors": 1, "sources": ["optical"], "iuu_listed": false, "ship_name": "", "flag": "", "eez_iso_sov": "GIN", "summary": "low severity; seen by optical", "time_start_utc": "2026-06-29T11:06:19Z", "review_status": "new"}}, {"type": "Feature", "geometry": {"type": "Point", "coordinates": [-14.07157, 9.87189]}, "properties": {"case_id": "case_e043181f4239", "severity": "low", "confidence": 0.3, "corroborated": false, "n_sensors": 1, "sources": ["optical"], "iuu_listed": false, "ship_name": "", "flag": "", "eez_iso_sov": "GIN", "summary": "low severity; seen by optical", "time_start_utc": "2026-06-29T11:06:19Z", "review_status": "new"}}, {"type": "Feature", "geometry": {"type": "Point", "coordinates": [-13.77414, 9.27429]}, "properties": {"case_id": "case_f8a12d650212", "severity": "low", "confidence": 0.3, "corroborated": false, "n_sensors": 1, "sources": ["optical"], "iuu_listed": false, "ship_name": "", "flag": "", "eez_iso_sov": "GIN", "summary": "low severity; seen by optical", "time_start_utc": "2026-06-29T11:06:19Z", "review_status": "new"}}, {"type": "Feature", "geometry": {"type": "Point", "coordinates": [-13.47325, 9.10885]}, "properties": {"case_id": "case_4374c36bf3fd", "severity": "low", "confidence": 0.3, "corroborated": false, "n_sensors": 1, "sources": ["optical"], "iuu_listed": false, "ship_name": "", "flag": "", "eez_iso_sov": "GIN", "summary": "low severity; seen by optical", "time_start_utc": "2026-06-29T11:06:19Z", "review_status": "new"}}, {"type": "Feature", "geometry": {"type": "Point", "coordinates": [-13.86247, 9.25478]}, "properties": {"case_id": "case_e30027f1393f", "severity": "low", "confidence": 0.3, "corroborated": false, "n_sensors": 1, "sources": ["optical"], "iuu_listed": false, "ship_name": "", "flag": "", "eez_iso_sov": "GIN", "summary": "low severity; seen by optical", "time_start_utc": "2026-06-29T11:06:19Z", "review_status": "new"}}, {"type": "Feature", "geometry": {"type": "Point", "coordinates": [-13.68033, 9.28901]}, "properties": {"case_id": "case_ab693d1842ba", "severity": "low", "confidence": 0.3, "corroborated": false, "n_sensors": 1, "sources": ["optical"], "iuu_listed": false, "ship_name": "", "flag": "", "eez_iso_sov": "GIN", "summary": "low severity; seen by optical", "time_start_utc": "2026-06-29T11:06:19Z", "review_status": "new"}}, {"type": "Feature", "geometry": {"type": "Point", "coordinates": [-13.86422, 9.3312]}, "properties": {"case_id": "case_d77618c9780d", "severity": "medium", "confidence": 0.5, "corroborated": false, "n_sensors": 1, "sources": ["optical"], "iuu_listed": false, "ship_name": "", "flag": "", "eez_iso_sov": "GIN", "summary": "medium severity; seen by optical", "time_start_utc": "2026-06-29T11:06:19Z", "review_status": "new"}}, {"type": "Feature", "geometry": {"type": "Point", "coordinates": [-13.72185, 9.34971]}, "properties": {"case_id": "case_2c308ab50170", "severity": "low", "confidence": 0.3, "corroborated": false, "n_sensors": 1, "sources": ["optical"], "iuu_listed": false, "ship_name": "", "flag": "", "eez_iso_sov": "GIN", "summary": "low severity; seen by optical", "time_start_utc": "2026-06-29T11:06:19Z", "review_status": "new"}}, {"type": "Feature", "geometry": {"type": "Point", "coordinates": [-13.91399, 9.57305]}, "properties": {"case_id": "case_fbfdfe9b9b8a", "severity": "low", "confidence": 0.3, "corroborated": false, "n_sensors": 1, "sources": ["optical"], "iuu_listed": false, "ship_name": "", "flag": "", "eez_iso_sov": "GIN", "summary": "low severity; seen by optical", "time_start_utc": "2026-06-29T11:06:19Z", "review_status": "new"}}, {"type": "Feature", "geometry": {"type": "Point", "coordinates": [-13.6847, 9.35129]}, "properties": {"case_id": "case_6833c4232c9c", "severity": "low", "confidence": 0.3, "corroborated": false, "n_sensors": 1, "sources": ["optical"], "iuu_listed": false, "ship_name": "", "flag": "", "eez_iso_sov": "GIN", "summary": "low severity; seen by optical", "time_start_utc": "2026-06-29T11:06:19Z", "review_status": "new"}}, {"type": "Feature", "geometry": {"type": "Point", "coordinates": [-13.68717, 9.38485]}, "properties": {"case_id": "case_3b74856b4fc3", "severity": "low", "confidence": 0.3, "corroborated": false, "n_sensors": 1, "sources": ["optical"], "iuu_listed": false, "ship_name": "", "flag": "", "eez_iso_sov": "GIN", "summary": "low severity; seen by optical", "time_start_utc": "2026-06-29T11:06:19Z", "review_status": "new"}}]}