{"type": "FeatureCollection", "features": [{"type": "Feature", "geometry": {"type": "Point", "coordinates": [-77.23258941650391, -12.012056810417675]}, "properties": {"id": "s1sar__20260704_0010", "kind": "dark_vessel_sar", "mpa": "Sentinel-1 SAR detection", "severity": "low", "severity_reason": "SAR-detected vessel (broadcasting unverified)", "when": "2026-07-04T10:46:28Z", "score": 0.0, "vessel": "(SAR detection -- no AIS identity)", "ship_name": "", "ship_type": "Vessel", "destination": "", "gear": "Sentinel-1 SAR (our detection)", "flag": "", "flag_emoji": "", "eez": "Peruvian Exclusive Economic Zone", "eez_sovereign": "Peru", "eez_foreign": null, "authorization": "unverifiable", "authorities": "", "iuu_listed": false, "iuu_label": "", "imo": "", "next_port": null, "evidence_hash": "7187b30116ce862733a82e28528eb0621cc5bdd183bd4dbd479709e985693cc3", "evidence_schema": "seavigil-evidence-1.0", "why": "Sentinel-1 SAR detection, confidence 1.00 \u00b7 length 132 m (industrial scale) \u00b7 classified non-fishing vessel (p=0.00) \u00b7 heading about 0 deg at 0 kn \u00b7 near-stationary at acquisition (likely at anchor)", "why_full": "Sentinel-1 SAR detection, confidence 1.00 \u00b7 length 132 m (industrial scale) \u00b7 classified non-fishing vessel (p=0.00) \u00b7 heading about 0 deg at 0 kn \u00b7 near-stationary at acquisition (likely at anchor)", "baseline": "", "caveats": "A SAR detection is a radar blip: it has a position and a size, not an identity. | Length, heading and the fishing-vessel class are model estimates, not ground truth. | Dark means no AIS broadcast matched at the acquisition time; without an AIS feed the broadcasting status is unverified, not assumed. | An inspection lead, not proof of illegal activity.", "caveat": "A SAR detection is a radar blip: it has a position and a size, not an identity.", "innocent": "A radar contact with no AIS may be a vessel not required to broadcast, sea clutter, or fixed infrastructure; treat as a lead to confirm."}}, {"type": "Feature", "geometry": {"type": "Point", "coordinates": [-77.23928421020508, -12.00038732347958]}, "properties": {"id": "s1sar__20260704_0013", "kind": "dark_vessel_sar", "mpa": "Sentinel-1 SAR detection", "severity": "low", "severity_reason": "SAR-detected vessel (broadcasting unverified)", "when": "2026-07-04T10:46:28Z", "score": 0.0, "vessel": "(SAR detection -- no AIS identity)", "ship_name": "", "ship_type": "Vessel", "destination": "", "gear": "Sentinel-1 SAR (our detection)", "flag": "", "flag_emoji": "", "eez": "Peruvian Exclusive Economic Zone", "eez_sovereign": "Peru", "eez_foreign": null, "authorization": "unverifiable", "authorities": "", "iuu_listed": false, "iuu_label": "", "imo": "", "next_port": null, "evidence_hash": "5f5c0b866f3d406cf58d11c7e5413052782f5b248874a8173b87a920dd1d7f42", "evidence_schema": "seavigil-evidence-1.0", "why": "Sentinel-1 SAR detection, confidence 0.99 \u00b7 length 133 m (industrial scale) \u00b7 classified non-fishing vessel (p=0.00) \u00b7 heading about 180 deg at 0 kn \u00b7 near-stationary at acquisition (likely at anchor)", "why_full": "Sentinel-1 SAR detection, confidence 0.99 \u00b7 length 133 m (industrial scale) \u00b7 classified non-fishing vessel (p=0.00) \u00b7 heading about 180 deg at 0 kn \u00b7 near-stationary at acquisition (likely at anchor)", "baseline": "", "caveats": "A SAR detection is a radar blip: it has a position and a size, not an identity. | Length, heading and the fishing-vessel class are model estimates, not ground truth. | Dark means no AIS broadcast matched at the acquisition time; without an AIS feed the broadcasting status is unverified, not assumed. | An inspection lead, not proof of illegal activity.", "caveat": "A SAR detection is a radar blip: it has a position and a size, not an identity.", "innocent": "A radar contact with no AIS may be a vessel not required to broadcast, sea clutter, or fixed infrastructure; treat as a lead to confirm."}}, {"type": "Feature", "geometry": {"type": "Point", "coordinates": [-77.23052947998048, -11.993670842907422]}, "properties": {"id": "s1sar__20260704_0014", "kind": "dark_vessel_sar", "mpa": "Sentinel-1 SAR detection", "severity": "low", "severity_reason": "SAR-detected vessel (broadcasting unverified)", "when": "2026-07-04T10:46:28Z", "score": 0.0, "vessel": "(SAR detection -- no AIS identity)", "ship_name": "", "ship_type": "Vessel", "destination": "", "gear": "Sentinel-1 SAR (our detection)", "flag": "", "flag_emoji": "", "eez": "Peruvian Exclusive Economic Zone", "eez_sovereign": "Peru", "eez_foreign": null, "authorization": "unverifiable", "authorities": "", "iuu_listed": false, "iuu_label": "", "imo": "", "next_port": null, "evidence_hash": "99d3a3f54244bd364999ed3d719ea9ca03351623b0742635a9c14476ff09da8c", "evidence_schema": "seavigil-evidence-1.0", "why": "Sentinel-1 SAR detection, confidence 0.99 \u00b7 length 145 m (industrial scale) \u00b7 classified non-fishing vessel (p=0.00) \u00b7 heading about 22 deg at 0 kn \u00b7 near-stationary at acquisition (likely at anchor)", "why_full": "Sentinel-1 SAR detection, confidence 0.99 \u00b7 length 145 m (industrial scale) \u00b7 classified non-fishing vessel (p=0.00) \u00b7 heading about 22 deg at 0 kn \u00b7 near-stationary at acquisition (likely at anchor)", "baseline": "", "caveats": "A SAR detection is a radar blip: it has a position and a size, not an identity. | Length, heading and the fishing-vessel class are model estimates, not ground truth. | Dark means no AIS broadcast matched at the acquisition time; without an AIS feed the broadcasting status is unverified, not assumed. | An inspection lead, not proof of illegal activity.", "caveat": "A SAR detection is a radar blip: it has a position and a size, not an identity.", "innocent": "A radar contact with no AIS may be a vessel not required to broadcast, sea clutter, or fixed infrastructure; treat as a lead to confirm."}}, {"type": "Feature", "geometry": {"type": "Point", "coordinates": [-77.22160308837891, -12.014659288914364]}, "properties": {"id": "s1sar__20260704_0015", "kind": "dark_vessel_sar", "mpa": "Sentinel-1 SAR detection", "severity": "low", "severity_reason": "SAR-detected vessel (broadcasting unverified)", "when": "2026-07-04T10:46:28Z", "score": 0.0, "vessel": "(SAR detection -- no AIS identity)", "ship_name": "", "ship_type": "Vessel", "destination": "", "gear": "Sentinel-1 SAR (our detection)", "flag": "", "flag_emoji": "", "eez": "Peruvian Exclusive Economic Zone", "eez_sovereign": "Peru", "eez_foreign": null, "authorization": "unverifiable", "authorities": "", "iuu_listed": false, "iuu_label": "", "imo": "", "next_port": null, "evidence_hash": "b5e66a6a99513836f12f8dff2bce2a59d6cbf4f16cd529f6b2c85c936a16faea", "evidence_schema": "seavigil-evidence-1.0", "why": "Sentinel-1 SAR detection, confidence 0.99 \u00b7 length 124 m (industrial scale) \u00b7 classified non-fishing vessel (p=0.00) \u00b7 heading about 45 deg at 0 kn \u00b7 near-stationary at acquisition (likely at anchor)", "why_full": "Sentinel-1 SAR detection, confidence 0.99 \u00b7 length 124 m (industrial scale) \u00b7 classified non-fishing vessel (p=0.00) \u00b7 heading about 45 deg at 0 kn \u00b7 near-stationary at acquisition (likely at anchor)", "baseline": "", "caveats": "A SAR detection is a radar blip: it has a position and a size, not an identity. | Length, heading and the fishing-vessel class are model estimates, not ground truth. | Dark means no AIS broadcast matched at the acquisition time; without an AIS feed the broadcasting status is unverified, not assumed. | An inspection lead, not proof of illegal activity.", "caveat": "A SAR detection is a radar blip: it has a position and a size, not an identity.", "innocent": "A radar contact with no AIS may be a vessel not required to broadcast, sea clutter, or fixed infrastructure; treat as a lead to confirm."}}, {"type": "Feature", "geometry": {"type": "Point", "coordinates": [-77.22537963867187, -12.04336883241659]}, "properties": {"id": "s1sar__20260704_0088", "kind": "dark_vessel_sar", "mpa": "Sentinel-1 SAR detection", "severity": "low", "severity_reason": "SAR-detected vessel (broadcasting unverified)", "when": "2026-07-04T10:46:28Z", "score": 0.01, "vessel": "(SAR detection -- no AIS identity)", "ship_name": "", "ship_type": "Vessel", "destination": "", "gear": "Sentinel-1 SAR (our detection)", "flag": "", "flag_emoji": "", "eez": "Peruvian Exclusive Economic Zone", "eez_sovereign": "Peru", "eez_foreign": null, "authorization": "unverifiable", "authorities": "", "iuu_listed": false, "iuu_label": "", "imo": "", "next_port": null, "evidence_hash": "ea6238d2ea060126e523e9573dab438b44cac9ba540eed0339d1eb8c32f5407f", "evidence_schema": "seavigil-evidence-1.0", "why": "Sentinel-1 SAR detection, confidence 0.99 \u00b7 length 139 m (industrial scale) \u00b7 classified non-fishing vessel (p=0.01) \u00b7 heading about 112 deg at 0 kn \u00b7 near-stationary at acquisition (likely at anchor)", "why_full": "Sentinel-1 SAR detection, confidence 0.99 \u00b7 length 139 m (industrial scale) \u00b7 classified non-fishing vessel (p=0.01) \u00b7 heading about 112 deg at 0 kn \u00b7 near-stationary at acquisition (likely at anchor)", "baseline": "", "caveats": "A SAR detection is a radar blip: it has a position and a size, not an identity. | Length, heading and the fishing-vessel class are model estimates, not ground truth. | Dark means no AIS broadcast matched at the acquisition time; without an AIS feed the broadcasting status is unverified, not assumed. | An inspection lead, not proof of illegal activity.", "caveat": "A SAR detection is a radar blip: it has a position and a size, not an identity.", "innocent": "A radar contact with no AIS may be a vessel not required to broadcast, sea clutter, or fixed infrastructure; treat as a lead to confirm."}}, {"type": "Feature", "geometry": {"type": "Point", "coordinates": [-77.22031562805176, -12.115716682768978]}, "properties": {"id": "s1sar__20260704_0089", "kind": "dark_vessel_sar", "mpa": "Sentinel-1 SAR detection", "severity": "medium", "severity_reason": "fishing-type vessel underway (broadcasting unverified)", "when": "2026-07-04T10:46:28Z", "score": 0.76, "vessel": "(SAR detection -- no AIS identity)", "ship_name": "", "ship_type": "Fishing vessel", "destination": "", "gear": "Sentinel-1 SAR (our detection)", "flag": "", "flag_emoji": "", "eez": "Peruvian Exclusive Economic Zone", "eez_sovereign": "Peru", "eez_foreign": null, "authorization": "unverifiable", "authorities": "", "iuu_listed": false, "iuu_label": "", "imo": "", "next_port": null, "evidence_hash": "398651a0f9a47c9fd8e6bbcf78030d10018236dd5420e1650f024817a297628d", "evidence_schema": "seavigil-evidence-1.0", "why": "Sentinel-1 SAR detection, confidence 0.95 \u00b7 length 39 m (industrial scale) \u00b7 classified fishing vessel (p=0.76) \u00b7 heading about 225 deg at 3 kn", "why_full": "Sentinel-1 SAR detection, confidence 0.95 \u00b7 length 39 m (industrial scale) \u00b7 classified fishing vessel (p=0.76) \u00b7 heading about 225 deg at 3 kn", "baseline": "", "caveats": "A SAR detection is a radar blip: it has a position and a size, not an identity. | Length, heading and the fishing-vessel class are model estimates, not ground truth. | Dark means no AIS broadcast matched at the acquisition time; without an AIS feed the broadcasting status is unverified, not assumed. | An inspection lead, not proof of illegal activity.", "caveat": "A SAR detection is a radar blip: it has a position and a size, not an identity.", "innocent": "A radar contact with no AIS may be a vessel not required to broadcast, sea clutter, or fixed infrastructure; treat as a lead to confirm."}}, {"type": "Feature", "geometry": {"type": "Point", "coordinates": [-77.21542327880859, -12.114793573603045]}, "properties": {"id": "s1sar__20260704_0090", "kind": "dark_vessel_sar", "mpa": "Sentinel-1 SAR detection", "severity": "low", "severity_reason": "SAR-detected vessel (broadcasting unverified)", "when": "2026-07-04T10:46:28Z", "score": 0.0, "vessel": "(SAR detection -- no AIS identity)", "ship_name": "", "ship_type": "Vessel", "destination": "", "gear": "Sentinel-1 SAR (our detection)", "flag": "", "flag_emoji": "", "eez": "Peruvian Exclusive Economic Zone", "eez_sovereign": "Peru", "eez_foreign": null, "authorization": "unverifiable", "authorities": "", "iuu_listed": false, "iuu_label": "", "imo": "", "next_port": null, "evidence_hash": "0064ad1591f6bdeecd7c8ceba37cf2ebb8ae0108e79d9d8df8fe1e127ece9556", "evidence_schema": "seavigil-evidence-1.0", "why": "Sentinel-1 SAR detection, confidence 0.91 \u00b7 length 118 m (industrial scale) \u00b7 classified non-fishing vessel (p=0.00) \u00b7 heading about 0 deg at 6 kn", "why_full": "Sentinel-1 SAR detection, confidence 0.91 \u00b7 length 118 m (industrial scale) \u00b7 classified non-fishing vessel (p=0.00) \u00b7 heading about 0 deg at 6 kn", "baseline": "", "caveats": "A SAR detection is a radar blip: it has a position and a size, not an identity. | Length, heading and the fishing-vessel class are model estimates, not ground truth. | Dark means no AIS broadcast matched at the acquisition time; without an AIS feed the broadcasting status is unverified, not assumed. | An inspection lead, not proof of illegal activity.", "caveat": "A SAR detection is a radar blip: it has a position and a size, not an identity.", "innocent": "A radar contact with no AIS may be a vessel not required to broadcast, sea clutter, or fixed infrastructure; treat as a lead to confirm."}}, {"type": "Feature", "geometry": {"type": "Point", "coordinates": [-77.23310440063477, -12.035478210786042]}, "properties": {"id": "s1sar__20260704_0091", "kind": "dark_vessel_sar", "mpa": "Sentinel-1 SAR detection", "severity": "medium", "severity_reason": "fishing-type vessel underway (broadcasting unverified)", "when": "2026-07-04T10:46:28Z", "score": 0.98, "vessel": "(SAR detection -- no AIS identity)", "ship_name": "", "ship_type": "Fishing vessel", "destination": "", "gear": "Sentinel-1 SAR (our detection)", "flag": "", "flag_emoji": "", "eez": "Peruvian Exclusive Economic Zone", "eez_sovereign": "Peru", "eez_foreign": null, "authorization": "unverifiable", "authorities": "", "iuu_listed": false, "iuu_label": "", "imo": "", "next_port": null, "evidence_hash": "baaa31fbb554639526b18b236822d63e73004861a89ed56651a8d6ee72adb693", "evidence_schema": "seavigil-evidence-1.0", "why": "Sentinel-1 SAR detection, confidence 0.87 \u00b7 length 27 m (industrial scale) \u00b7 classified fishing vessel (p=0.98) \u00b7 heading about 0 deg at 3 kn", "why_full": "Sentinel-1 SAR detection, confidence 0.87 \u00b7 length 27 m (industrial scale) \u00b7 classified fishing vessel (p=0.98) \u00b7 heading about 0 deg at 3 kn", "baseline": "", "caveats": "A SAR detection is a radar blip: it has a position and a size, not an identity. | Length, heading and the fishing-vessel class are model estimates, not ground truth. | Dark means no AIS broadcast matched at the acquisition time; without an AIS feed the broadcasting status is unverified, not assumed. | An inspection lead, not proof of illegal activity.", "caveat": "A SAR detection is a radar blip: it has a position and a size, not an identity.", "innocent": "A radar contact with no AIS may be a vessel not required to broadcast, sea clutter, or fixed infrastructure; treat as a lead to confirm."}}, {"type": "Feature", "geometry": {"type": "Point", "coordinates": [-77.28340118408204, -12.14852694229826]}, "properties": {"id": "s1sar__20260704_0136", "kind": "dark_vessel_sar", "mpa": "Sentinel-1 SAR detection", "severity": "low", "severity_reason": "SAR-detected vessel (broadcasting unverified)", "when": "2026-07-04T10:46:28Z", "score": 0.0, "vessel": "(SAR detection -- no AIS identity)", "ship_name": "", "ship_type": "Vessel", "destination": "", "gear": "Sentinel-1 SAR (our detection)", "flag": "", "flag_emoji": "", "eez": "Peruvian Exclusive Economic Zone", "eez_sovereign": "Peru", "eez_foreign": null, "authorization": "unverifiable", "authorities": "", "iuu_listed": false, "iuu_label": "", "imo": "", "next_port": null, "evidence_hash": "c536abb45a1b048574000cd74e5c29475c68f6139f5a88086c1386f1f884b4fb", "evidence_schema": "seavigil-evidence-1.0", "why": "Sentinel-1 SAR detection, confidence 0.97 \u00b7 length 279 m (industrial scale) \u00b7 classified non-fishing vessel (p=0.00) \u00b7 heading about 0 deg at 11 kn", "why_full": "Sentinel-1 SAR detection, confidence 0.97 \u00b7 length 279 m (industrial scale) \u00b7 classified non-fishing vessel (p=0.00) \u00b7 heading about 0 deg at 11 kn", "baseline": "", "caveats": "A SAR detection is a radar blip: it has a position and a size, not an identity. | Length, heading and the fishing-vessel class are model estimates, not ground truth. | Dark means no AIS broadcast matched at the acquisition time; without an AIS feed the broadcasting status is unverified, not assumed. | An inspection lead, not proof of illegal activity.", "caveat": "A SAR detection is a radar blip: it has a position and a size, not an identity.", "innocent": "A radar contact with no AIS may be a vessel not required to broadcast, sea clutter, or fixed infrastructure; treat as a lead to confirm."}}, {"type": "Feature", "geometry": {"type": "Point", "coordinates": [-77.20761268615722, -12.187289861945366]}, "properties": {"id": "s1sar__20260704_0139", "kind": "dark_vessel_sar", "mpa": "Sentinel-1 SAR detection", "severity": "medium", "severity_reason": "fishing-type vessel underway (broadcasting unverified)", "when": "2026-07-04T10:46:28Z", "score": 0.96, "vessel": "(SAR detection -- no AIS identity)", "ship_name": "", "ship_type": "Fishing vessel", "destination": "", "gear": "Sentinel-1 SAR (our detection)", "flag": "", "flag_emoji": "", "eez": "Peruvian Exclusive Economic Zone", "eez_sovereign": "Peru", "eez_foreign": null, "authorization": "unverifiable", "authorities": "", "iuu_listed": false, "iuu_label": "", "imo": "", "next_port": null, "evidence_hash": "0b7948ab514c66c9f959463a66bbf47bcadf2056380944ced7a6d0c3d41b0001", "evidence_schema": "seavigil-evidence-1.0", "why": "Sentinel-1 SAR detection, confidence 0.98 \u00b7 length 37 m (industrial scale) \u00b7 classified fishing vessel (p=0.96) \u00b7 heading about 0 deg at 3 kn", "why_full": "Sentinel-1 SAR detection, confidence 0.98 \u00b7 length 37 m (industrial scale) \u00b7 classified fishing vessel (p=0.96) \u00b7 heading about 0 deg at 3 kn", "baseline": "", "caveats": "A SAR detection is a radar blip: it has a position and a size, not an identity. | Length, heading and the fishing-vessel class are model estimates, not ground truth. | Dark means no AIS broadcast matched at the acquisition time; without an AIS feed the broadcasting status is unverified, not assumed. | An inspection lead, not proof of illegal activity.", "caveat": "A SAR detection is a radar blip: it has a position and a size, not an identity.", "innocent": "A radar contact with no AIS may be a vessel not required to broadcast, sea clutter, or fixed infrastructure; treat as a lead to confirm."}}, {"type": "Feature", "geometry": {"type": "Point", "coordinates": [-13.883955459594729, 9.619989611498488]}, "properties": {"id": "s1sar__20260703_0000", "kind": "dark_vessel_sar", "mpa": "Sentinel-1 SAR detection", "severity": "low", "severity_reason": "SAR-detected vessel (broadcasting unverified)", "when": "2026-07-03T06:42:05Z", "score": 0.0, "vessel": "(SAR detection -- no AIS identity)", "ship_name": "", "ship_type": "Vessel", "destination": "", "gear": "Sentinel-1 SAR (our detection)", "flag": "", "flag_emoji": "", "eez": "Guinean Exclusive Economic Zone", "eez_sovereign": "Guinea", "eez_foreign": null, "authorization": "unverifiable", "authorities": "", "iuu_listed": false, "iuu_label": "", "imo": "", "next_port": null, "evidence_hash": "fc7d142d0b0ffa14cc40e5b2ff62bc6baf714e8244587618af658998e73e6f1a", "evidence_schema": "seavigil-evidence-1.0", "why": "Sentinel-1 SAR detection, confidence 0.99 \u00b7 length 131 m (industrial scale) \u00b7 classified non-fishing vessel (p=0.00) \u00b7 heading about 22 deg at 0 kn \u00b7 near-stationary at acquisition (likely at anchor)", "why_full": "Sentinel-1 SAR detection, confidence 0.99 \u00b7 length 131 m (industrial scale) \u00b7 classified non-fishing vessel (p=0.00) \u00b7 heading about 22 deg at 0 kn \u00b7 near-stationary at acquisition (likely at anchor)", "baseline": "", "caveats": "A SAR detection is a radar blip: it has a position and a size, not an identity. | Length, heading and the fishing-vessel class are model estimates, not ground truth. | Dark means no AIS broadcast matched at the acquisition time; without an AIS feed the broadcasting status is unverified, not assumed. | An inspection lead, not proof of illegal activity.", "caveat": "A SAR detection is a radar blip: it has a position and a size, not an identity.", "innocent": "A radar contact with no AIS may be a vessel not required to broadcast, sea clutter, or fixed infrastructure; treat as a lead to confirm."}}, {"type": "Feature", "geometry": {"type": "Point", "coordinates": [-13.900778274536131, 9.594516913020952]}, "properties": {"id": "s1sar__20260703_0001", "kind": "dark_vessel_sar", "mpa": "Sentinel-1 SAR detection", "severity": "low", "severity_reason": "SAR-detected vessel (broadcasting unverified)", "when": "2026-07-03T06:42:05Z", "score": 0.0, "vessel": "(SAR detection -- no AIS identity)", "ship_name": "", "ship_type": "Vessel", "destination": "", "gear": "Sentinel-1 SAR (our detection)", "flag": "", "flag_emoji": "", "eez": "Guinean Exclusive Economic Zone", "eez_sovereign": "Guinea", "eez_foreign": null, "authorization": "unverifiable", "authorities": "", "iuu_listed": false, "iuu_label": "", "imo": "", "next_port": null, "evidence_hash": "34ba9b5445d166daec801c155ceb9b4251bfbc88c283d77fd0285dfe781515a5", "evidence_schema": "seavigil-evidence-1.0", "why": "Sentinel-1 SAR detection, confidence 0.99 \u00b7 length 148 m (industrial scale) \u00b7 classified non-fishing vessel (p=0.00) \u00b7 heading about 225 deg at 0 kn \u00b7 near-stationary at acquisition (likely at anchor)", "why_full": "Sentinel-1 SAR detection, confidence 0.99 \u00b7 length 148 m (industrial scale) \u00b7 classified non-fishing vessel (p=0.00) \u00b7 heading about 225 deg at 0 kn \u00b7 near-stationary at acquisition (likely at anchor)", "baseline": "", "caveats": "A SAR detection is a radar blip: it has a position and a size, not an identity. | Length, heading and the fishing-vessel class are model estimates, not ground truth. | Dark means no AIS broadcast matched at the acquisition time; without an AIS feed the broadcasting status is unverified, not assumed. | An inspection lead, not proof of illegal activity.", "caveat": "A SAR detection is a radar blip: it has a position and a size, not an identity.", "innocent": "A radar contact with no AIS may be a vessel not required to broadcast, sea clutter, or fixed infrastructure; treat as a lead to confirm."}}, {"type": "Feature", "geometry": {"type": "Point", "coordinates": [-13.89562843322754, 9.605264763742234]}, "properties": {"id": "s1sar__20260703_0002", "kind": "dark_vessel_sar", "mpa": "Sentinel-1 SAR detection", "severity": "medium", "severity_reason": "fishing-type vessel underway (broadcasting unverified)", "when": "2026-07-03T06:42:05Z", "score": 0.96, "vessel": "(SAR detection -- no AIS identity)", "ship_name": "", "ship_type": "Fishing vessel", "destination": "", "gear": "Sentinel-1 SAR (our detection)", "flag": "", "flag_emoji": "", "eez": "Guinean Exclusive Economic Zone", "eez_sovereign": "Guinea", "eez_foreign": null, "authorization": "unverifiable", "authorities": "", "iuu_listed": false, "iuu_label": "", "imo": "", "next_port": null, "evidence_hash": "19a08f5d97ae4a3b49d490492f062a782762b50dae2756636faf526e82bf5e9f", "evidence_schema": "seavigil-evidence-1.0", "why": "Sentinel-1 SAR detection, confidence 0.99 \u00b7 length 29 m (industrial scale) \u00b7 classified fishing vessel (p=0.96) \u00b7 heading about 338 deg at 1 kn", "why_full": "Sentinel-1 SAR detection, confidence 0.99 \u00b7 length 29 m (industrial scale) \u00b7 classified fishing vessel (p=0.96) \u00b7 heading about 338 deg at 1 kn", "baseline": "", "caveats": "A SAR detection is a radar blip: it has a position and a size, not an identity. | Length, heading and the fishing-vessel class are model estimates, not ground truth. | Dark means no AIS broadcast matched at the acquisition time; without an AIS feed the broadcasting status is unverified, not assumed. | An inspection lead, not proof of illegal activity.", "caveat": "A SAR detection is a radar blip: it has a position and a size, not an identity.", "innocent": "A radar contact with no AIS may be a vessel not required to broadcast, sea clutter, or fixed infrastructure; treat as a lead to confirm."}}, {"type": "Feature", "geometry": {"type": "Point", "coordinates": [-13.89511344909668, 9.5857152696156]}, "properties": {"id": "s1sar__20260703_0003", "kind": "dark_vessel_sar", "mpa": "Sentinel-1 SAR detection", "severity": "low", "severity_reason": "SAR-detected vessel (broadcasting unverified)", "when": "2026-07-03T06:42:05Z", "score": 0.94, "vessel": "(SAR detection -- no AIS identity)", "ship_name": "", "ship_type": "Fishing vessel", "destination": "", "gear": "Sentinel-1 SAR (our detection)", "flag": "", "flag_emoji": "", "eez": "Guinean Exclusive Economic Zone", "eez_sovereign": "Guinea", "eez_foreign": null, "authorization": "unverifiable", "authorities": "", "iuu_listed": false, "iuu_label": "", "imo": "", "next_port": null, "evidence_hash": "3c03b299155dcd8fad88e9377f029dad33a59981d34c93553c3f170c7e371cbf", "evidence_schema": "seavigil-evidence-1.0", "why": "Sentinel-1 SAR detection, confidence 0.99 \u00b7 length 28 m (industrial scale) \u00b7 classified fishing vessel (p=0.94) \u00b7 heading about 338 deg at 0 kn \u00b7 near-stationary at acquisition (likely at anchor)", "why_full": "Sentinel-1 SAR detection, confidence 0.99 \u00b7 length 28 m (industrial scale) \u00b7 classified fishing vessel (p=0.94) \u00b7 heading about 338 deg at 0 kn \u00b7 near-stationary at acquisition (likely at anchor)", "baseline": "", "caveats": "A SAR detection is a radar blip: it has a position and a size, not an identity. | Length, heading and the fishing-vessel class are model estimates, not ground truth. | Dark means no AIS broadcast matched at the acquisition time; without an AIS feed the broadcasting status is unverified, not assumed. | An inspection lead, not proof of illegal activity.", "caveat": "A SAR detection is a radar blip: it has a position and a size, not an identity.", "innocent": "A radar contact with no AIS may be a vessel not required to broadcast, sea clutter, or fixed infrastructure; treat as a lead to confirm."}}, {"type": "Feature", "geometry": {"type": "Point", "coordinates": [-13.874943237304688, 9.599679309075697]}, "properties": {"id": "s1sar__20260703_0004", "kind": "dark_vessel_sar", "mpa": "Sentinel-1 SAR detection", "severity": "low", "severity_reason": "SAR-detected vessel (broadcasting unverified)", "when": "2026-07-03T06:42:05Z", "score": 0.01, "vessel": "(SAR detection -- no AIS identity)", "ship_name": "", "ship_type": "Vessel", "destination": "", "gear": "Sentinel-1 SAR (our detection)", "flag": "", "flag_emoji": "", "eez": "Guinean Exclusive Economic Zone", "eez_sovereign": "Guinea", "eez_foreign": null, "authorization": "unverifiable", "authorities": "", "iuu_listed": false, "iuu_label": "", "imo": "", "next_port": null, "evidence_hash": "355608fb041676bbdedcf25fbdc2d7f5eb5117d8561672c74367d59f60f04c81", "evidence_schema": "seavigil-evidence-1.0", "why": "Sentinel-1 SAR detection, confidence 0.99 \u00b7 length 122 m (industrial scale) \u00b7 classified non-fishing vessel (p=0.01) \u00b7 heading about 225 deg at 0 kn \u00b7 near-stationary at acquisition (likely at anchor)", "why_full": "Sentinel-1 SAR detection, confidence 0.99 \u00b7 length 122 m (industrial scale) \u00b7 classified non-fishing vessel (p=0.01) \u00b7 heading about 225 deg at 0 kn \u00b7 near-stationary at acquisition (likely at anchor)", "baseline": "", "caveats": "A SAR detection is a radar blip: it has a position and a size, not an identity. | Length, heading and the fishing-vessel class are model estimates, not ground truth. | Dark means no AIS broadcast matched at the acquisition time; without an AIS feed the broadcasting status is unverified, not assumed. | An inspection lead, not proof of illegal activity.", "caveat": "A SAR detection is a radar blip: it has a position and a size, not an identity.", "innocent": "A radar contact with no AIS may be a vessel not required to broadcast, sea clutter, or fixed infrastructure; treat as a lead to confirm."}}, {"type": "Feature", "geometry": {"type": "Point", "coordinates": [-13.925755004882816, 9.60255667601427]}, "properties": {"id": "s1sar__20260703_0005", "kind": "dark_vessel_sar", "mpa": "Sentinel-1 SAR detection", "severity": "low", "severity_reason": "SAR-detected vessel (broadcasting unverified)", "when": "2026-07-03T06:42:05Z", "score": 0.0, "vessel": "(SAR detection -- no AIS identity)", "ship_name": "", "ship_type": "Vessel", "destination": "", "gear": "Sentinel-1 SAR (our detection)", "flag": "", "flag_emoji": "", "eez": "Guinean Exclusive Economic Zone", "eez_sovereign": "Guinea", "eez_foreign": null, "authorization": "unverifiable", "authorities": "", "iuu_listed": false, "iuu_label": "", "imo": "", "next_port": null, "evidence_hash": "204acd66f4274201a8e2dbe362b914e9069ac3ddfd990cbe478b45b85afdd460", "evidence_schema": "seavigil-evidence-1.0", "why": "Sentinel-1 SAR detection, confidence 0.98 \u00b7 length 227 m (industrial scale) \u00b7 classified non-fishing vessel (p=0.00) \u00b7 heading about 180 deg at 0 kn \u00b7 near-stationary at acquisition (likely at anchor)", "why_full": "Sentinel-1 SAR detection, confidence 0.98 \u00b7 length 227 m (industrial scale) \u00b7 classified non-fishing vessel (p=0.00) \u00b7 heading about 180 deg at 0 kn \u00b7 near-stationary at acquisition (likely at anchor)", "baseline": "", "caveats": "A SAR detection is a radar blip: it has a position and a size, not an identity. | Length, heading and the fishing-vessel class are model estimates, not ground truth. | Dark means no AIS broadcast matched at the acquisition time; without an AIS feed the broadcasting status is unverified, not assumed. | An inspection lead, not proof of illegal activity.", "caveat": "A SAR detection is a radar blip: it has a position and a size, not an identity.", "innocent": "A radar contact with no AIS may be a vessel not required to broadcast, sea clutter, or fixed infrastructure; treat as a lead to confirm."}}, {"type": "Feature", "geometry": {"type": "Point", "coordinates": [-13.91562698364258, 9.558547219500928]}, "properties": {"id": "s1sar__20260703_0008", "kind": "dark_vessel_sar", "mpa": "Sentinel-1 SAR detection", "severity": "low", "severity_reason": "SAR-detected vessel (broadcasting unverified)", "when": "2026-07-03T06:42:05Z", "score": 0.0, "vessel": "(SAR detection -- no AIS identity)", "ship_name": "", "ship_type": "Vessel", "destination": "", "gear": "Sentinel-1 SAR (our detection)", "flag": "", "flag_emoji": "", "eez": "Guinean Exclusive Economic Zone", "eez_sovereign": "Guinea", "eez_foreign": null, "authorization": "unverifiable", "authorities": "", "iuu_listed": false, "iuu_label": "", "imo": "", "next_port": null, "evidence_hash": "aa1e9f2aebc2793c7bd78eda3d40f6eeae8e1ca59da3cf5d688fc9909665acf5", "evidence_schema": "seavigil-evidence-1.0", "why": "Sentinel-1 SAR detection, confidence 1.00 \u00b7 length 149 m (industrial scale) \u00b7 classified non-fishing vessel (p=0.00) \u00b7 heading about 180 deg at 5 kn", "why_full": "Sentinel-1 SAR detection, confidence 1.00 \u00b7 length 149 m (industrial scale) \u00b7 classified non-fishing vessel (p=0.00) \u00b7 heading about 180 deg at 5 kn", "baseline": "", "caveats": "A SAR detection is a radar blip: it has a position and a size, not an identity. | Length, heading and the fishing-vessel class are model estimates, not ground truth. | Dark means no AIS broadcast matched at the acquisition time; without an AIS feed the broadcasting status is unverified, not assumed. | An inspection lead, not proof of illegal activity.", "caveat": "A SAR detection is a radar blip: it has a position and a size, not an identity.", "innocent": "A radar contact with no AIS may be a vessel not required to broadcast, sea clutter, or fixed infrastructure; treat as a lead to confirm."}}, {"type": "Feature", "geometry": {"type": "Point", "coordinates": [-13.748857955932618, 9.487527661828263]}, "properties": {"id": "s1sar__20260703_0009", "kind": "dark_vessel_sar", "mpa": "Sentinel-1 SAR detection", "severity": "low", "severity_reason": "SAR-detected vessel (broadcasting unverified)", "when": "2026-07-03T06:42:05Z", "score": 0.02, "vessel": "(SAR detection -- no AIS identity)", "ship_name": "", "ship_type": "Vessel", "destination": "", "gear": "Sentinel-1 SAR (our detection)", "flag": "", "flag_emoji": "", "eez": "Guinean Exclusive Economic Zone", "eez_sovereign": "Guinea", "eez_foreign": null, "authorization": "unverifiable", "authorities": "", "iuu_listed": false, "iuu_label": "", "imo": "", "next_port": null, "evidence_hash": "0552a9d4fd1e506ab857c29196c3af161ec14065edef6c593b4677b84e417d2a", "evidence_schema": "seavigil-evidence-1.0", "why": "Sentinel-1 SAR detection, confidence 1.00 \u00b7 length 90 m (industrial scale) \u00b7 classified non-fishing vessel (p=0.02) \u00b7 heading about 45 deg at 0 kn \u00b7 near-stationary at acquisition (likely at anchor)", "why_full": "Sentinel-1 SAR detection, confidence 1.00 \u00b7 length 90 m (industrial scale) \u00b7 classified non-fishing vessel (p=0.02) \u00b7 heading about 45 deg at 0 kn \u00b7 near-stationary at acquisition (likely at anchor)", "baseline": "", "caveats": "A SAR detection is a radar blip: it has a position and a size, not an identity. | Length, heading and the fishing-vessel class are model estimates, not ground truth. | Dark means no AIS broadcast matched at the acquisition time; without an AIS feed the broadcasting status is unverified, not assumed. | An inspection lead, not proof of illegal activity.", "caveat": "A SAR detection is a radar blip: it has a position and a size, not an identity.", "innocent": "A radar contact with no AIS may be a vessel not required to broadcast, sea clutter, or fixed infrastructure; treat as a lead to confirm."}}, {"type": "Feature", "geometry": {"type": "Point", "coordinates": [-13.767397384643555, 9.516817611593837]}, "properties": {"id": "s1sar__20260703_0010", "kind": "dark_vessel_sar", "mpa": "Sentinel-1 SAR detection", "severity": "low", "severity_reason": "SAR-detected vessel (broadcasting unverified)", "when": "2026-07-03T06:42:05Z", "score": 0.05, "vessel": "(SAR detection -- no AIS identity)", "ship_name": "", "ship_type": "Vessel", "destination": "", "gear": "Sentinel-1 SAR (our detection)", "flag": "", "flag_emoji": "", "eez": "Guinean Exclusive Economic Zone", "eez_sovereign": "Guinea", "eez_foreign": null, "authorization": "unverifiable", "authorities": "", "iuu_listed": false, "iuu_label": "", "imo": "", "next_port": null, "evidence_hash": "574e64a34f2bc949da5a204b8fdd281afed3c42e4ecd6a7cf97bc7519aa85227", "evidence_schema": "seavigil-evidence-1.0", "why": "Sentinel-1 SAR detection, confidence 0.99 \u00b7 length 71 m (industrial scale) \u00b7 classified non-fishing vessel (p=0.05) \u00b7 heading about 45 deg at 0 kn \u00b7 near-stationary at acquisition (likely at anchor)", "why_full": "Sentinel-1 SAR detection, confidence 0.99 \u00b7 length 71 m (industrial scale) \u00b7 classified non-fishing vessel (p=0.05) \u00b7 heading about 45 deg at 0 kn \u00b7 near-stationary at acquisition (likely at anchor)", "baseline": "", "caveats": "A SAR detection is a radar blip: it has a position and a size, not an identity. | Length, heading and the fishing-vessel class are model estimates, not ground truth. | Dark means no AIS broadcast matched at the acquisition time; without an AIS feed the broadcasting status is unverified, not assumed. | An inspection lead, not proof of illegal activity.", "caveat": "A SAR detection is a radar blip: it has a position and a size, not an identity.", "innocent": "A radar contact with no AIS may be a vessel not required to broadcast, sea clutter, or fixed infrastructure; treat as a lead to confirm."}}, {"type": "Feature", "geometry": {"type": "Point", "coordinates": [-13.741648178100586, 9.484480008742022]}, "properties": {"id": "s1sar__20260703_0011", "kind": "dark_vessel_sar", "mpa": "Sentinel-1 SAR detection", "severity": "low", "severity_reason": "SAR-detected vessel (broadcasting unverified)", "when": "2026-07-03T06:42:05Z", "score": 0.64, "vessel": "(SAR detection -- no AIS identity)", "ship_name": "", "ship_type": "Fishing vessel", "destination": "", "gear": "Sentinel-1 SAR (our detection)", "flag": "", "flag_emoji": "", "eez": "Guinean Exclusive Economic Zone", "eez_sovereign": "Guinea", "eez_foreign": null, "authorization": "unverifiable", "authorities": "", "iuu_listed": false, "iuu_label": "", "imo": "", "next_port": null, "evidence_hash": "c5965f506b97b55ea466b78b039ea823a45f03007b4934250d001be83257212b", "evidence_schema": "seavigil-evidence-1.0", "why": "Sentinel-1 SAR detection, confidence 0.99 \u00b7 length 45 m (industrial scale) \u00b7 classified fishing vessel (p=0.64) \u00b7 heading about 90 deg at 0 kn \u00b7 near-stationary at acquisition (likely at anchor)", "why_full": "Sentinel-1 SAR detection, confidence 0.99 \u00b7 length 45 m (industrial scale) \u00b7 classified fishing vessel (p=0.64) \u00b7 heading about 90 deg at 0 kn \u00b7 near-stationary at acquisition (likely at anchor)", "baseline": "", "caveats": "A SAR detection is a radar blip: it has a position and a size, not an identity. | Length, heading and the fishing-vessel class are model estimates, not ground truth. | Dark means no AIS broadcast matched at the acquisition time; without an AIS feed the broadcasting status is unverified, not assumed. | An inspection lead, not proof of illegal activity.", "caveat": "A SAR detection is a radar blip: it has a position and a size, not an identity.", "innocent": "A radar contact with no AIS may be a vessel not required to broadcast, sea clutter, or fixed infrastructure; treat as a lead to confirm."}}, {"type": "Feature", "geometry": {"type": "Point", "coordinates": [-13.73555419921875, 9.483040829814318]}, "properties": {"id": "s1sar__20260703_0012", "kind": "dark_vessel_sar", "mpa": "Sentinel-1 SAR detection", "severity": "low", "severity_reason": "SAR-detected vessel (broadcasting unverified)", "when": "2026-07-03T06:42:05Z", "score": 0.26, "vessel": "(SAR detection -- no AIS identity)", "ship_name": "", "ship_type": "Vessel", "destination": "", "gear": "Sentinel-1 SAR (our detection)", "flag": "", "flag_emoji": "", "eez": "Guinean Exclusive Economic Zone", "eez_sovereign": "Guinea", "eez_foreign": null, "authorization": "unverifiable", "authorities": "", "iuu_listed": false, "iuu_label": "", "imo": "", "next_port": null, "evidence_hash": "a5f1856e497ac3a39ba9d0fc4464a1e2bf58c795a0478fff2a5cbe8eed870bf0", "evidence_schema": "seavigil-evidence-1.0", "why": "Sentinel-1 SAR detection, confidence 0.99 \u00b7 length 51 m (industrial scale) \u00b7 classified non-fishing vessel (p=0.26) \u00b7 heading about 112 deg at 0 kn \u00b7 near-stationary at acquisition (likely at anchor)", "why_full": "Sentinel-1 SAR detection, confidence 0.99 \u00b7 length 51 m (industrial scale) \u00b7 classified non-fishing vessel (p=0.26) \u00b7 heading about 112 deg at 0 kn \u00b7 near-stationary at acquisition (likely at anchor)", "baseline": "", "caveats": "A SAR detection is a radar blip: it has a position and a size, not an identity. | Length, heading and the fishing-vessel class are model estimates, not ground truth. | Dark means no AIS broadcast matched at the acquisition time; without an AIS feed the broadcasting status is unverified, not assumed. | An inspection lead, not proof of illegal activity.", "caveat": "A SAR detection is a radar blip: it has a position and a size, not an identity.", "innocent": "A radar contact with no AIS may be a vessel not required to broadcast, sea clutter, or fixed infrastructure; treat as a lead to confirm."}}, {"type": "Feature", "geometry": {"type": "Point", "coordinates": [-13.735983352661131, 9.488374227322478]}, "properties": {"id": "s1sar__20260703_0013", "kind": "dark_vessel_sar", "mpa": "Sentinel-1 SAR detection", "severity": "medium", "severity_reason": "fishing-type vessel underway (broadcasting unverified)", "when": "2026-07-03T06:42:05Z", "score": 0.94, "vessel": "(SAR detection -- no AIS identity)", "ship_name": "", "ship_type": "Fishing vessel", "destination": "", "gear": "Sentinel-1 SAR (our detection)", "flag": "", "flag_emoji": "", "eez": "Guinean Exclusive Economic Zone", "eez_sovereign": "Guinea", "eez_foreign": null, "authorization": "unverifiable", "authorities": "", "iuu_listed": false, "iuu_label": "", "imo": "", "next_port": null, "evidence_hash": "93d9b3731cf8e44d4d68fc37e682b00917f70404c1582c1962753480cac0188b", "evidence_schema": "seavigil-evidence-1.0", "why": "Sentinel-1 SAR detection, confidence 0.99 \u00b7 length 31 m (industrial scale) \u00b7 classified fishing vessel (p=0.94) \u00b7 heading about 338 deg at 1 kn", "why_full": "Sentinel-1 SAR detection, confidence 0.99 \u00b7 length 31 m (industrial scale) \u00b7 classified fishing vessel (p=0.94) \u00b7 heading about 338 deg at 1 kn", "baseline": "", "caveats": "A SAR detection is a radar blip: it has a position and a size, not an identity. | Length, heading and the fishing-vessel class are model estimates, not ground truth. | Dark means no AIS broadcast matched at the acquisition time; without an AIS feed the broadcasting status is unverified, not assumed. | An inspection lead, not proof of illegal activity.", "caveat": "A SAR detection is a radar blip: it has a position and a size, not an identity.", "innocent": "A radar contact with no AIS may be a vessel not required to broadcast, sea clutter, or fixed infrastructure; treat as a lead to confirm."}}, {"type": "Feature", "geometry": {"type": "Point", "coordinates": [-13.741133193969729, 9.48744300516387]}, "properties": {"id": "s1sar__20260703_0014", "kind": "dark_vessel_sar", "mpa": "Sentinel-1 SAR detection", "severity": "low", "severity_reason": "SAR-detected vessel (broadcasting unverified)", "when": "2026-07-03T06:42:05Z", "score": 0.8, "vessel": "(SAR detection -- no AIS identity)", "ship_name": "", "ship_type": "Fishing vessel", "destination": "", "gear": "Sentinel-1 SAR (our detection)", "flag": "", "flag_emoji": "", "eez": "Guinean Exclusive Economic Zone", "eez_sovereign": "Guinea", "eez_foreign": null, "authorization": "unverifiable", "authorities": "", "iuu_listed": false, "iuu_label": "", "imo": "", "next_port": null, "evidence_hash": "b54f0a01ca68e4481282252b9eeec5ade7d1ac47e0c993b792e858a5aef3f908", "evidence_schema": "seavigil-evidence-1.0", "why": "Sentinel-1 SAR detection, confidence 0.98 \u00b7 length 46 m (industrial scale) \u00b7 classified fishing vessel (p=0.80) \u00b7 heading about 135 deg at 0 kn \u00b7 near-stationary at acquisition (likely at anchor)", "why_full": "Sentinel-1 SAR detection, confidence 0.98 \u00b7 length 46 m (industrial scale) \u00b7 classified fishing vessel (p=0.80) \u00b7 heading about 135 deg at 0 kn \u00b7 near-stationary at acquisition (likely at anchor)", "baseline": "", "caveats": "A SAR detection is a radar blip: it has a position and a size, not an identity. | Length, heading and the fishing-vessel class are model estimates, not ground truth. | Dark means no AIS broadcast matched at the acquisition time; without an AIS feed the broadcasting status is unverified, not assumed. | An inspection lead, not proof of illegal activity.", "caveat": "A SAR detection is a radar blip: it has a position and a size, not an identity.", "innocent": "A radar contact with no AIS may be a vessel not required to broadcast, sea clutter, or fixed infrastructure; treat as a lead to confirm."}}, {"type": "Feature", "geometry": {"type": "Point", "coordinates": [-13.739845733642577, 9.477199394535496]}, "properties": {"id": "s1sar__20260703_0015", "kind": "dark_vessel_sar", "mpa": "Sentinel-1 SAR detection", "severity": "low", "severity_reason": "SAR-detected vessel (broadcasting unverified)", "when": "2026-07-03T06:42:05Z", "score": 0.81, "vessel": "(SAR detection -- no AIS identity)", "ship_name": "", "ship_type": "Fishing vessel", "destination": "", "gear": "Sentinel-1 SAR (our detection)", "flag": "", "flag_emoji": "", "eez": "Guinean Exclusive Economic Zone", "eez_sovereign": "Guinea", "eez_foreign": null, "authorization": "unverifiable", "authorities": "", "iuu_listed": false, "iuu_label": "", "imo": "", "next_port": null, "evidence_hash": "0455ac29b5995b42f24ccf0e0fe0033730b2581e392897f66c2543d415f524d0", "evidence_schema": "seavigil-evidence-1.0", "why": "Sentinel-1 SAR detection, confidence 0.98 \u00b7 length 48 m (industrial scale) \u00b7 classified fishing vessel (p=0.81) \u00b7 heading about 248 deg at 0 kn \u00b7 near-stationary at acquisition (likely at anchor)", "why_full": "Sentinel-1 SAR detection, confidence 0.98 \u00b7 length 48 m (industrial scale) \u00b7 classified fishing vessel (p=0.81) \u00b7 heading about 248 deg at 0 kn \u00b7 near-stationary at acquisition (likely at anchor)", "baseline": "", "caveats": "A SAR detection is a radar blip: it has a position and a size, not an identity. | Length, heading and the fishing-vessel class are model estimates, not ground truth. | Dark means no AIS broadcast matched at the acquisition time; without an AIS feed the broadcasting status is unverified, not assumed. | An inspection lead, not proof of illegal activity.", "caveat": "A SAR detection is a radar blip: it has a position and a size, not an identity.", "innocent": "A radar contact with no AIS may be a vessel not required to broadcast, sea clutter, or fixed infrastructure; treat as a lead to confirm."}}, {"type": "Feature", "geometry": {"type": "Point", "coordinates": [-13.73529670715332, 9.473559029509236]}, "properties": {"id": "s1sar__20260703_0016", "kind": "dark_vessel_sar", "mpa": "Sentinel-1 SAR detection", "severity": "low", "severity_reason": "SAR-detected vessel (broadcasting unverified)", "when": "2026-07-03T06:42:05Z", "score": 0.91, "vessel": "(SAR detection -- no AIS identity)", "ship_name": "", "ship_type": "Fishing vessel", "destination": "", "gear": "Sentinel-1 SAR (our detection)", "flag": "", "flag_emoji": "", "eez": "Guinean Exclusive Economic Zone", "eez_sovereign": "Guinea", "eez_foreign": null, "authorization": "unverifiable", "authorities": "", "iuu_listed": false, "iuu_label": "", "imo": "", "next_port": null, "evidence_hash": "ddf63e49ee48b3430710dd5c7793ec56ff5f1a01e5707f479e4ac464cbaf8a34", "evidence_schema": "seavigil-evidence-1.0", "why": "Sentinel-1 SAR detection, confidence 0.98 \u00b7 length 59 m (industrial scale) \u00b7 classified fishing vessel (p=0.91) \u00b7 heading about 248 deg at 0 kn \u00b7 near-stationary at acquisition (likely at anchor)", "why_full": "Sentinel-1 SAR detection, confidence 0.98 \u00b7 length 59 m (industrial scale) \u00b7 classified fishing vessel (p=0.91) \u00b7 heading about 248 deg at 0 kn \u00b7 near-stationary at acquisition (likely at anchor)", "baseline": "", "caveats": "A SAR detection is a radar blip: it has a position and a size, not an identity. | Length, heading and the fishing-vessel class are model estimates, not ground truth. | Dark means no AIS broadcast matched at the acquisition time; without an AIS feed the broadcasting status is unverified, not assumed. | An inspection lead, not proof of illegal activity.", "caveat": "A SAR detection is a radar blip: it has a position and a size, not an identity.", "innocent": "A radar contact with no AIS may be a vessel not required to broadcast, sea clutter, or fixed infrastructure; treat as a lead to confirm."}}, {"type": "Feature", "geometry": {"type": "Point", "coordinates": [-13.737356643676756, 9.474998248203365]}, "properties": {"id": "s1sar__20260703_0017", "kind": "dark_vessel_sar", "mpa": "Sentinel-1 SAR detection", "severity": "low", "severity_reason": "SAR-detected vessel (broadcasting unverified)", "when": "2026-07-03T06:42:05Z", "score": 0.75, "vessel": "(SAR detection -- no AIS identity)", "ship_name": "", "ship_type": "Fishing vessel", "destination": "", "gear": "Sentinel-1 SAR (our detection)", "flag": "", "flag_emoji": "", "eez": "Guinean Exclusive Economic Zone", "eez_sovereign": "Guinea", "eez_foreign": null, "authorization": "unverifiable", "authorities": "", "iuu_listed": false, "iuu_label": "", "imo": "", "next_port": null, "evidence_hash": "0ee12faff88c92e945f973d5281158b478a5f4a921491421185f8d21784aa656", "evidence_schema": "seavigil-evidence-1.0", "why": "Sentinel-1 SAR detection, confidence 0.97 \u00b7 length 53 m (industrial scale) \u00b7 classified fishing vessel (p=0.75) \u00b7 heading about 135 deg at 0 kn \u00b7 near-stationary at acquisition (likely at anchor)", "why_full": "Sentinel-1 SAR detection, confidence 0.97 \u00b7 length 53 m (industrial scale) \u00b7 classified fishing vessel (p=0.75) \u00b7 heading about 135 deg at 0 kn \u00b7 near-stationary at acquisition (likely at anchor)", "baseline": "", "caveats": "A SAR detection is a radar blip: it has a position and a size, not an identity. | Length, heading and the fishing-vessel class are model estimates, not ground truth. | Dark means no AIS broadcast matched at the acquisition time; without an AIS feed the broadcasting status is unverified, not assumed. | An inspection lead, not proof of illegal activity.", "caveat": "A SAR detection is a radar blip: it has a position and a size, not an identity.", "innocent": "A radar contact with no AIS may be a vessel not required to broadcast, sea clutter, or fixed infrastructure; treat as a lead to confirm."}}, {"type": "Feature", "geometry": {"type": "Point", "coordinates": [-13.744394760131836, 9.477030076087996]}, "properties": {"id": "s1sar__20260703_0018", "kind": "dark_vessel_sar", "mpa": "Sentinel-1 SAR detection", "severity": "low", "severity_reason": "SAR-detected vessel (broadcasting unverified)", "when": "2026-07-03T06:42:05Z", "score": 0.0, "vessel": "(SAR detection -- no AIS identity)", "ship_name": "", "ship_type": "Vessel", "destination": "", "gear": "Sentinel-1 SAR (our detection)", "flag": "", "flag_emoji": "", "eez": "Guinean Exclusive Economic Zone", "eez_sovereign": "Guinea", "eez_foreign": null, "authorization": "unverifiable", "authorities": "", "iuu_listed": false, "iuu_label": "", "imo": "", "next_port": null, "evidence_hash": "98302f03c2df40b8baa1a58ad1112fc1c70bb6816757c61a3e5881b650e0709f", "evidence_schema": "seavigil-evidence-1.0", "why": "Sentinel-1 SAR detection, confidence 0.96 \u00b7 length 76 m (industrial scale) \u00b7 classified non-fishing vessel (p=0.00) \u00b7 heading about 90 deg at 0 kn \u00b7 near-stationary at acquisition (likely at anchor)", "why_full": "Sentinel-1 SAR detection, confidence 0.96 \u00b7 length 76 m (industrial scale) \u00b7 classified non-fishing vessel (p=0.00) \u00b7 heading about 90 deg at 0 kn \u00b7 near-stationary at acquisition (likely at anchor)", "baseline": "", "caveats": "A SAR detection is a radar blip: it has a position and a size, not an identity. | Length, heading and the fishing-vessel class are model estimates, not ground truth. | Dark means no AIS broadcast matched at the acquisition time; without an AIS feed the broadcasting status is unverified, not assumed. | An inspection lead, not proof of illegal activity.", "caveat": "A SAR detection is a radar blip: it has a position and a size, not an identity.", "innocent": "A radar contact with no AIS may be a vessel not required to broadcast, sea clutter, or fixed infrastructure; treat as a lead to confirm."}}, {"type": "Feature", "geometry": {"type": "Point", "coordinates": [-13.735983352661131, 9.47906189194488]}, "properties": {"id": "s1sar__20260703_0019", "kind": "dark_vessel_sar", "mpa": "Sentinel-1 SAR detection", "severity": "low", "severity_reason": "SAR-detected vessel (broadcasting unverified)", "when": "2026-07-03T06:42:05Z", "score": 0.72, "vessel": "(SAR detection -- no AIS identity)", "ship_name": "", "ship_type": "Fishing vessel", "destination": "", "gear": "Sentinel-1 SAR (our detection)", "flag": "", "flag_emoji": "", "eez": "Guinean Exclusive Economic Zone", "eez_sovereign": "Guinea", "eez_foreign": null, "authorization": "unverifiable", "authorities": "", "iuu_listed": false, "iuu_label": "", "imo": "", "next_port": null, "evidence_hash": "f5f59fe5cc249d141e69afef5113a1e8bd8361b35f7e317786845207d845ed36", "evidence_schema": "seavigil-evidence-1.0", "why": "Sentinel-1 SAR detection, confidence 0.95 \u00b7 length 49 m (industrial scale) \u00b7 classified fishing vessel (p=0.72) \u00b7 heading about 135 deg at 0 kn \u00b7 near-stationary at acquisition (likely at anchor)", "why_full": "Sentinel-1 SAR detection, confidence 0.95 \u00b7 length 49 m (industrial scale) \u00b7 classified fishing vessel (p=0.72) \u00b7 heading about 135 deg at 0 kn \u00b7 near-stationary at acquisition (likely at anchor)", "baseline": "", "caveats": "A SAR detection is a radar blip: it has a position and a size, not an identity. | Length, heading and the fishing-vessel class are model estimates, not ground truth. | Dark means no AIS broadcast matched at the acquisition time; without an AIS feed the broadcasting status is unverified, not assumed. | An inspection lead, not proof of illegal activity.", "caveat": "A SAR detection is a radar blip: it has a position and a size, not an identity.", "innocent": "A radar contact with no AIS may be a vessel not required to broadcast, sea clutter, or fixed infrastructure; treat as a lead to confirm."}}, {"type": "Feature", "geometry": {"type": "Point", "coordinates": [-13.73400924682617, 9.479739161223916]}, "properties": {"id": "s1sar__20260703_0020", "kind": "dark_vessel_sar", "mpa": "Sentinel-1 SAR detection", "severity": "low", "severity_reason": "SAR-detected vessel (broadcasting unverified)", "when": "2026-07-03T06:42:05Z", "score": 0.55, "vessel": "(SAR detection -- no AIS identity)", "ship_name": "", "ship_type": "Fishing vessel", "destination": "", "gear": "Sentinel-1 SAR (our detection)", "flag": "", "flag_emoji": "", "eez": "Guinean Exclusive Economic Zone", "eez_sovereign": "Guinea", "eez_foreign": null, "authorization": "unverifiable", "authorities": "", "iuu_listed": false, "iuu_label": "", "imo": "", "next_port": null, "evidence_hash": "1c0a51ad39e218133a54a7eb0005eeef12a46dd6f098b38d6e1e1239f653af15", "evidence_schema": "seavigil-evidence-1.0", "why": "Sentinel-1 SAR detection, confidence 0.93 \u00b7 length 47 m (industrial scale) \u00b7 classified fishing vessel (p=0.55) \u00b7 heading about 90 deg at 0 kn \u00b7 near-stationary at acquisition (likely at anchor)", "why_full": "Sentinel-1 SAR detection, confidence 0.93 \u00b7 length 47 m (industrial scale) \u00b7 classified fishing vessel (p=0.55) \u00b7 heading about 90 deg at 0 kn \u00b7 near-stationary at acquisition (likely at anchor)", "baseline": "", "caveats": "A SAR detection is a radar blip: it has a position and a size, not an identity. | Length, heading and the fishing-vessel class are model estimates, not ground truth. | Dark means no AIS broadcast matched at the acquisition time; without an AIS feed the broadcasting status is unverified, not assumed. | An inspection lead, not proof of illegal activity.", "caveat": "A SAR detection is a radar blip: it has a position and a size, not an identity.", "innocent": "A radar contact with no AIS may be a vessel not required to broadcast, sea clutter, or fixed infrastructure; treat as a lead to confirm."}}, {"type": "Feature", "geometry": {"type": "Point", "coordinates": [-13.733408432006836, 9.478130644503665]}, "properties": {"id": "s1sar__20260703_0021", "kind": "dark_vessel_sar", "mpa": "Sentinel-1 SAR detection", "severity": "low", "severity_reason": "SAR-detected vessel (broadcasting unverified)", "when": "2026-07-03T06:42:05Z", "score": 0.81, "vessel": "(SAR detection -- no AIS identity)", "ship_name": "", "ship_type": "Fishing vessel", "destination": "", "gear": "Sentinel-1 SAR (our detection)", "flag": "", "flag_emoji": "", "eez": "Guinean Exclusive Economic Zone", "eez_sovereign": "Guinea", "eez_foreign": null, "authorization": "unverifiable", "authorities": "", "iuu_listed": false, "iuu_label": "", "imo": "", "next_port": null, "evidence_hash": "9c58805bc4ac6ec66087a3877307c7f92999eabe9c3a59a373b65048c9806ced", "evidence_schema": "seavigil-evidence-1.0", "why": "Sentinel-1 SAR detection, confidence 0.79 \u00b7 length 53 m (industrial scale) \u00b7 classified fishing vessel (p=0.81) \u00b7 heading about 135 deg at 0 kn \u00b7 near-stationary at acquisition (likely at anchor)", "why_full": "Sentinel-1 SAR detection, confidence 0.79 \u00b7 length 53 m (industrial scale) \u00b7 classified fishing vessel (p=0.81) \u00b7 heading about 135 deg at 0 kn \u00b7 near-stationary at acquisition (likely at anchor)", "baseline": "", "caveats": "A SAR detection is a radar blip: it has a position and a size, not an identity. | Length, heading and the fishing-vessel class are model estimates, not ground truth. | Dark means no AIS broadcast matched at the acquisition time; without an AIS feed the broadcasting status is unverified, not assumed. | An inspection lead, not proof of illegal activity.", "caveat": "A SAR detection is a radar blip: it has a position and a size, not an identity.", "innocent": "A radar contact with no AIS may be a vessel not required to broadcast, sea clutter, or fixed infrastructure; treat as a lead to confirm."}}, {"type": "Feature", "geometry": {"type": "Point", "coordinates": [-13.70637176513672, 9.476098823133746]}, "properties": {"id": "s1sar__20260703_0022", "kind": "dark_vessel_sar", "mpa": "Sentinel-1 SAR detection", "severity": "low", "severity_reason": "SAR-detected vessel (broadcasting unverified)", "when": "2026-07-03T06:42:05Z", "score": 0.03, "vessel": "(SAR detection -- no AIS identity)", "ship_name": "", "ship_type": "Vessel", "destination": "", "gear": "Sentinel-1 SAR (our detection)", "flag": "", "flag_emoji": "", "eez": "Guinean Exclusive Economic Zone", "eez_sovereign": "Guinea", "eez_foreign": null, "authorization": "unverifiable", "authorities": "", "iuu_listed": false, "iuu_label": "", "imo": "", "next_port": null, "evidence_hash": "07c879f89682740a82bae09bd8f5ed93ab0ac9274ff99d4831611e344db28846", "evidence_schema": "seavigil-evidence-1.0", "why": "Sentinel-1 SAR detection, confidence 0.99 \u00b7 length 67 m (industrial scale) \u00b7 classified non-fishing vessel (p=0.03) \u00b7 heading about 45 deg at 0 kn \u00b7 near-stationary at acquisition (likely at anchor)", "why_full": "Sentinel-1 SAR detection, confidence 0.99 \u00b7 length 67 m (industrial scale) \u00b7 classified non-fishing vessel (p=0.03) \u00b7 heading about 45 deg at 0 kn \u00b7 near-stationary at acquisition (likely at anchor)", "baseline": "", "caveats": "A SAR detection is a radar blip: it has a position and a size, not an identity. | Length, heading and the fishing-vessel class are model estimates, not ground truth. | Dark means no AIS broadcast matched at the acquisition time; without an AIS feed the broadcasting status is unverified, not assumed. | An inspection lead, not proof of illegal activity.", "caveat": "A SAR detection is a radar blip: it has a position and a size, not an identity.", "innocent": "A radar contact with no AIS may be a vessel not required to broadcast, sea clutter, or fixed infrastructure; treat as a lead to confirm."}}, {"type": "Feature", "geometry": {"type": "Point", "coordinates": [-13.7189030456543, 9.490575287823193]}, "properties": {"id": "s1sar__20260703_0023", "kind": "dark_vessel_sar", "mpa": "Sentinel-1 SAR detection", "severity": "medium", "severity_reason": "fishing-type vessel underway (broadcasting unverified)", "when": "2026-07-03T06:42:05Z", "score": 0.97, "vessel": "(SAR detection -- no AIS identity)", "ship_name": "", "ship_type": "Fishing vessel", "destination": "", "gear": "Sentinel-1 SAR (our detection)", "flag": "", "flag_emoji": "", "eez": "Guinean Exclusive Economic Zone", "eez_sovereign": "Guinea", "eez_foreign": null, "authorization": "unverifiable", "authorities": "", "iuu_listed": false, "iuu_label": "", "imo": "", "next_port": null, "evidence_hash": "d6dc89bd48e3cd4303808e20dbe129e380b91d9d57d0bd58c98b472eec2e6121", "evidence_schema": "seavigil-evidence-1.0", "why": "Sentinel-1 SAR detection, confidence 0.99 \u00b7 length 26 m (industrial scale) \u00b7 classified fishing vessel (p=0.97) \u00b7 heading about 338 deg at 2 kn", "why_full": "Sentinel-1 SAR detection, confidence 0.99 \u00b7 length 26 m (industrial scale) \u00b7 classified fishing vessel (p=0.97) \u00b7 heading about 338 deg at 2 kn", "baseline": "", "caveats": "A SAR detection is a radar blip: it has a position and a size, not an identity. | Length, heading and the fishing-vessel class are model estimates, not ground truth. | Dark means no AIS broadcast matched at the acquisition time; without an AIS feed the broadcasting status is unverified, not assumed. | An inspection lead, not proof of illegal activity.", "caveat": "A SAR detection is a radar blip: it has a position and a size, not an identity.", "innocent": "A radar contact with no AIS may be a vessel not required to broadcast, sea clutter, or fixed infrastructure; treat as a lead to confirm."}}, {"type": "Feature", "geometry": {"type": "Point", "coordinates": [-13.71607063293457, 9.524859210955132]}, "properties": {"id": "s1sar__20260703_0024", "kind": "dark_vessel_sar", "mpa": "Sentinel-1 SAR detection", "severity": "low", "severity_reason": "SAR-detected vessel (broadcasting unverified)", "when": "2026-07-03T06:42:05Z", "score": 0.05, "vessel": "(SAR detection -- no AIS identity)", "ship_name": "", "ship_type": "Vessel", "destination": "", "gear": "Sentinel-1 SAR (our detection)", "flag": "", "flag_emoji": "", "eez": "Guinean Exclusive Economic Zone", "eez_sovereign": "Guinea", "eez_foreign": null, "authorization": "unverifiable", "authorities": "", "iuu_listed": false, "iuu_label": "", "imo": "", "next_port": null, "evidence_hash": "bdd23c5d0d8c70cae5b912fe3956a8b694c892fd7a4db8307914c7965c2f5e34", "evidence_schema": "seavigil-evidence-1.0", "why": "Sentinel-1 SAR detection, confidence 0.99 \u00b7 length 53 m (industrial scale) \u00b7 classified non-fishing vessel (p=0.05) \u00b7 heading about 0 deg at 0 kn \u00b7 near-stationary at acquisition (likely at anchor)", "why_full": "Sentinel-1 SAR detection, confidence 0.99 \u00b7 length 53 m (industrial scale) \u00b7 classified non-fishing vessel (p=0.05) \u00b7 heading about 0 deg at 0 kn \u00b7 near-stationary at acquisition (likely at anchor)", "baseline": "", "caveats": "A SAR detection is a radar blip: it has a position and a size, not an identity. | Length, heading and the fishing-vessel class are model estimates, not ground truth. | Dark means no AIS broadcast matched at the acquisition time; without an AIS feed the broadcasting status is unverified, not assumed. | An inspection lead, not proof of illegal activity.", "caveat": "A SAR detection is a radar blip: it has a position and a size, not an identity.", "innocent": "A radar contact with no AIS may be a vessel not required to broadcast, sea clutter, or fixed infrastructure; treat as a lead to confirm."}}, {"type": "Feature", "geometry": {"type": "Point", "coordinates": [-13.731176834106444, 9.48109369577153]}, "properties": {"id": "s1sar__20260703_0025", "kind": "dark_vessel_sar", "mpa": "Sentinel-1 SAR detection", "severity": "low", "severity_reason": "SAR-detected vessel (broadcasting unverified)", "when": "2026-07-03T06:42:05Z", "score": 0.86, "vessel": "(SAR detection -- no AIS identity)", "ship_name": "", "ship_type": "Fishing vessel", "destination": "", "gear": "Sentinel-1 SAR (our detection)", "flag": "", "flag_emoji": "", "eez": "Guinean Exclusive Economic Zone", "eez_sovereign": "Guinea", "eez_foreign": null, "authorization": "unverifiable", "authorities": "", "iuu_listed": false, "iuu_label": "", "imo": "", "next_port": null, "evidence_hash": "cfe817865393b789c16551a6cb6141e1a4e7dbb4560c9e7a483b742fdb8c7970", "evidence_schema": "seavigil-evidence-1.0", "why": "Sentinel-1 SAR detection, confidence 0.99 \u00b7 length 42 m (industrial scale) \u00b7 classified fishing vessel (p=0.86) \u00b7 heading about 90 deg at 0 kn \u00b7 near-stationary at acquisition (likely at anchor)", "why_full": "Sentinel-1 SAR detection, confidence 0.99 \u00b7 length 42 m (industrial scale) \u00b7 classified fishing vessel (p=0.86) \u00b7 heading about 90 deg at 0 kn \u00b7 near-stationary at acquisition (likely at anchor)", "baseline": "", "caveats": "A SAR detection is a radar blip: it has a position and a size, not an identity. | Length, heading and the fishing-vessel class are model estimates, not ground truth. | Dark means no AIS broadcast matched at the acquisition time; without an AIS feed the broadcasting status is unverified, not assumed. | An inspection lead, not proof of illegal activity.", "caveat": "A SAR detection is a radar blip: it has a position and a size, not an identity.", "innocent": "A radar contact with no AIS may be a vessel not required to broadcast, sea clutter, or fixed infrastructure; treat as a lead to confirm."}}, {"type": "Feature", "geometry": {"type": "Point", "coordinates": [-13.728516082763672, 9.504035311692064]}, "properties": {"id": "s1sar__20260703_0026", "kind": "dark_vessel_sar", "mpa": "Sentinel-1 SAR detection", "severity": "low", "severity_reason": "SAR-detected vessel (broadcasting unverified)", "when": "2026-07-03T06:42:05Z", "score": 0.17, "vessel": "(SAR detection -- no AIS identity)", "ship_name": "", "ship_type": "Vessel", "destination": "", "gear": "Sentinel-1 SAR (our detection)", "flag": "", "flag_emoji": "", "eez": "Guinean Exclusive Economic Zone", "eez_sovereign": "Guinea", "eez_foreign": null, "authorization": "unverifiable", "authorities": "", "iuu_listed": false, "iuu_label": "", "imo": "", "next_port": null, "evidence_hash": "4cda69d15eac472f076661050ae6f9496a3c358b021641f4f86bb12f2ef39d2e", "evidence_schema": "seavigil-evidence-1.0", "why": "Sentinel-1 SAR detection, confidence 0.99 \u00b7 length 71 m (industrial scale) \u00b7 classified non-fishing vessel (p=0.17) \u00b7 heading about 0 deg at 0 kn \u00b7 near-stationary at acquisition (likely at anchor)", "why_full": "Sentinel-1 SAR detection, confidence 0.99 \u00b7 length 71 m (industrial scale) \u00b7 classified non-fishing vessel (p=0.17) \u00b7 heading about 0 deg at 0 kn \u00b7 near-stationary at acquisition (likely at anchor)", "baseline": "", "caveats": "A SAR detection is a radar blip: it has a position and a size, not an identity. | Length, heading and the fishing-vessel class are model estimates, not ground truth. | Dark means no AIS broadcast matched at the acquisition time; without an AIS feed the broadcasting status is unverified, not assumed. | An inspection lead, not proof of illegal activity.", "caveat": "A SAR detection is a radar blip: it has a position and a size, not an identity.", "innocent": "A radar contact with no AIS may be a vessel not required to broadcast, sea clutter, or fixed infrastructure; treat as a lead to confirm."}}, {"type": "Feature", "geometry": {"type": "Point", "coordinates": [-13.709204177856446, 9.473389709266238]}, "properties": {"id": "s1sar__20260703_0027", "kind": "dark_vessel_sar", "mpa": "Sentinel-1 SAR detection", "severity": "low", "severity_reason": "SAR-detected vessel (broadcasting unverified)", "when": "2026-07-03T06:42:05Z", "score": 0.38, "vessel": "(SAR detection -- no AIS identity)", "ship_name": "", "ship_type": "Vessel", "destination": "", "gear": "Sentinel-1 SAR (our detection)", "flag": "", "flag_emoji": "", "eez": "Guinean Exclusive Economic Zone", "eez_sovereign": "Guinea", "eez_foreign": null, "authorization": "unverifiable", "authorities": "", "iuu_listed": false, "iuu_label": "", "imo": "", "next_port": null, "evidence_hash": "c4e5e191a0007e724b6c16f1895b9368e68155c0a68098bb3db7c17f5c5056fd", "evidence_schema": "seavigil-evidence-1.0", "why": "Sentinel-1 SAR detection, confidence 0.99 \u00b7 length 52 m (industrial scale) \u00b7 classified non-fishing vessel (p=0.38) \u00b7 heading about 0 deg at 0 kn \u00b7 near-stationary at acquisition (likely at anchor)", "why_full": "Sentinel-1 SAR detection, confidence 0.99 \u00b7 length 52 m (industrial scale) \u00b7 classified non-fishing vessel (p=0.38) \u00b7 heading about 0 deg at 0 kn \u00b7 near-stationary at acquisition (likely at anchor)", "baseline": "", "caveats": "A SAR detection is a radar blip: it has a position and a size, not an identity. | Length, heading and the fishing-vessel class are model estimates, not ground truth. | Dark means no AIS broadcast matched at the acquisition time; without an AIS feed the broadcasting status is unverified, not assumed. | An inspection lead, not proof of illegal activity.", "caveat": "A SAR detection is a radar blip: it has a position and a size, not an identity.", "innocent": "A radar contact with no AIS may be a vessel not required to broadcast, sea clutter, or fixed infrastructure; treat as a lead to confirm."}}, {"type": "Feature", "geometry": {"type": "Point", "coordinates": [-13.7298893737793, 9.47745337205013]}, "properties": {"id": "s1sar__20260703_0028", "kind": "dark_vessel_sar", "mpa": "Sentinel-1 SAR detection", "severity": "low", "severity_reason": "SAR-detected vessel (broadcasting unverified)", "when": "2026-07-03T06:42:05Z", "score": 0.8, "vessel": "(SAR detection -- no AIS identity)", "ship_name": "", "ship_type": "Fishing vessel", "destination": "", "gear": "Sentinel-1 SAR (our detection)", "flag": "", "flag_emoji": "", "eez": "Guinean Exclusive Economic Zone", "eez_sovereign": "Guinea", "eez_foreign": null, "authorization": "unverifiable", "authorities": "", "iuu_listed": false, "iuu_label": "", "imo": "", "next_port": null, "evidence_hash": "6ab92aa7425217bfc4e9a8ddb089048e02d14e170665ba5978123f0443994add", "evidence_schema": "seavigil-evidence-1.0", "why": "Sentinel-1 SAR detection, confidence 0.99 \u00b7 length 46 m (industrial scale) \u00b7 classified fishing vessel (p=0.80) \u00b7 heading about 248 deg at 0 kn \u00b7 near-stationary at acquisition (likely at anchor)", "why_full": "Sentinel-1 SAR detection, confidence 0.99 \u00b7 length 46 m (industrial scale) \u00b7 classified fishing vessel (p=0.80) \u00b7 heading about 248 deg at 0 kn \u00b7 near-stationary at acquisition (likely at anchor)", "baseline": "", "caveats": "A SAR detection is a radar blip: it has a position and a size, not an identity. | Length, heading and the fishing-vessel class are model estimates, not ground truth. | Dark means no AIS broadcast matched at the acquisition time; without an AIS feed the broadcasting status is unverified, not assumed. | An inspection lead, not proof of illegal activity.", "caveat": "A SAR detection is a radar blip: it has a position and a size, not an identity.", "innocent": "A radar contact with no AIS may be a vessel not required to broadcast, sea clutter, or fixed infrastructure; treat as a lead to confirm."}}, {"type": "Feature", "geometry": {"type": "Point", "coordinates": [-13.71958969116211, 9.485411238947698]}, "properties": {"id": "s1sar__20260703_0029", "kind": "dark_vessel_sar", "mpa": "Sentinel-1 SAR detection", "severity": "low", "severity_reason": "SAR-detected vessel (broadcasting unverified)", "when": "2026-07-03T06:42:05Z", "score": 0.94, "vessel": "(SAR detection -- no AIS identity)", "ship_name": "", "ship_type": "Fishing vessel", "destination": "", "gear": "Sentinel-1 SAR (our detection)", "flag": "", "flag_emoji": "", "eez": "Guinean Exclusive Economic Zone", "eez_sovereign": "Guinea", "eez_foreign": null, "authorization": "unverifiable", "authorities": "", "iuu_listed": false, "iuu_label": "", "imo": "", "next_port": null, "evidence_hash": "9b44e6953f0672f8661739410da807b542991a57e3530b3c5c456d0596056035", "evidence_schema": "seavigil-evidence-1.0", "why": "Sentinel-1 SAR detection, confidence 0.98 \u00b7 length 29 m (industrial scale) \u00b7 classified fishing vessel (p=0.94) \u00b7 heading about 0 deg at 1 kn \u00b7 near-stationary at acquisition (likely at anchor)", "why_full": "Sentinel-1 SAR detection, confidence 0.98 \u00b7 length 29 m (industrial scale) \u00b7 classified fishing vessel (p=0.94) \u00b7 heading about 0 deg at 1 kn \u00b7 near-stationary at acquisition (likely at anchor)", "baseline": "", "caveats": "A SAR detection is a radar blip: it has a position and a size, not an identity. | Length, heading and the fishing-vessel class are model estimates, not ground truth. | Dark means no AIS broadcast matched at the acquisition time; without an AIS feed the broadcasting status is unverified, not assumed. | An inspection lead, not proof of illegal activity.", "caveat": "A SAR detection is a radar blip: it has a position and a size, not an identity.", "innocent": "A radar contact with no AIS may be a vessel not required to broadcast, sea clutter, or fixed infrastructure; treat as a lead to confirm."}}, {"type": "Feature", "geometry": {"type": "Point", "coordinates": [-13.713238220214844, 9.476014163648989]}, "properties": {"id": "s1sar__20260703_0030", "kind": "dark_vessel_sar", "mpa": "Sentinel-1 SAR detection", "severity": "low", "severity_reason": "SAR-detected vessel (broadcasting unverified)", "when": "2026-07-03T06:42:05Z", "score": 0.08, "vessel": "(SAR detection -- no AIS identity)", "ship_name": "", "ship_type": "Vessel", "destination": "", "gear": "Sentinel-1 SAR (our detection)", "flag": "", "flag_emoji": "", "eez": "Guinean Exclusive Economic Zone", "eez_sovereign": "Guinea", "eez_foreign": null, "authorization": "unverifiable", "authorities": "", "iuu_listed": false, "iuu_label": "", "imo": "", "next_port": null, "evidence_hash": "8af68d7108c77584104c830fcbf3aae78b813ee69e1a50fee1e692196a2641dd", "evidence_schema": "seavigil-evidence-1.0", "why": "Sentinel-1 SAR detection, confidence 0.98 \u00b7 length 47 m (industrial scale) \u00b7 classified non-fishing vessel (p=0.08) \u00b7 heading about 90 deg at 0 kn \u00b7 near-stationary at acquisition (likely at anchor)", "why_full": "Sentinel-1 SAR detection, confidence 0.98 \u00b7 length 47 m (industrial scale) \u00b7 classified non-fishing vessel (p=0.08) \u00b7 heading about 90 deg at 0 kn \u00b7 near-stationary at acquisition (likely at anchor)", "baseline": "", "caveats": "A SAR detection is a radar blip: it has a position and a size, not an identity. | Length, heading and the fishing-vessel class are model estimates, not ground truth. | Dark means no AIS broadcast matched at the acquisition time; without an AIS feed the broadcasting status is unverified, not assumed. | An inspection lead, not proof of illegal activity.", "caveat": "A SAR detection is a radar blip: it has a position and a size, not an identity.", "innocent": "A radar contact with no AIS may be a vessel not required to broadcast, sea clutter, or fixed infrastructure; treat as a lead to confirm."}}, {"type": "Feature", "geometry": {"type": "Point", "coordinates": [-13.722422103881836, 9.48312548756547]}, "properties": {"id": "s1sar__20260703_0031", "kind": "dark_vessel_sar", "mpa": "Sentinel-1 SAR detection", "severity": "low", "severity_reason": "SAR-detected vessel (broadcasting unverified)", "when": "2026-07-03T06:42:05Z", "score": 0.85, "vessel": "(SAR detection -- no AIS identity)", "ship_name": "", "ship_type": "Fishing vessel", "destination": "", "gear": "Sentinel-1 SAR (our detection)", "flag": "", "flag_emoji": "", "eez": "Guinean Exclusive Economic Zone", "eez_sovereign": "Guinea", "eez_foreign": null, "authorization": "unverifiable", "authorities": "", "iuu_listed": false, "iuu_label": "", "imo": "", "next_port": null, "evidence_hash": "2c0ab9776492c5aa2f082342e1ab48753a5abc7e9c2f6d9bc044bc08110a95e6", "evidence_schema": "seavigil-evidence-1.0", "why": "Sentinel-1 SAR detection, confidence 0.98 \u00b7 length 34 m (industrial scale) \u00b7 classified fishing vessel (p=0.85) \u00b7 heading about 0 deg at 0 kn \u00b7 near-stationary at acquisition (likely at anchor)", "why_full": "Sentinel-1 SAR detection, confidence 0.98 \u00b7 length 34 m (industrial scale) \u00b7 classified fishing vessel (p=0.85) \u00b7 heading about 0 deg at 0 kn \u00b7 near-stationary at acquisition (likely at anchor)", "baseline": "", "caveats": "A SAR detection is a radar blip: it has a position and a size, not an identity. | Length, heading and the fishing-vessel class are model estimates, not ground truth. | Dark means no AIS broadcast matched at the acquisition time; without an AIS feed the broadcasting status is unverified, not assumed. | An inspection lead, not proof of illegal activity.", "caveat": "A SAR detection is a radar blip: it has a position and a size, not an identity.", "innocent": "A radar contact with no AIS may be a vessel not required to broadcast, sea clutter, or fixed infrastructure; treat as a lead to confirm."}}, {"type": "Feature", "geometry": {"type": "Point", "coordinates": [-13.728945236206055, 9.475590865912018]}, "properties": {"id": "s1sar__20260703_0032", "kind": "dark_vessel_sar", "mpa": "Sentinel-1 SAR detection", "severity": "low", "severity_reason": "SAR-detected vessel (broadcasting unverified)", "when": "2026-07-03T06:42:05Z", "score": 0.88, "vessel": "(SAR detection -- no AIS identity)", "ship_name": "", "ship_type": "Fishing vessel", "destination": "", "gear": "Sentinel-1 SAR (our detection)", "flag": "", "flag_emoji": "", "eez": "Guinean Exclusive Economic Zone", "eez_sovereign": "Guinea", "eez_foreign": null, "authorization": "unverifiable", "authorities": "", "iuu_listed": false, "iuu_label": "", "imo": "", "next_port": null, "evidence_hash": "aca239d5f7aa6bc5798cef805e8eb4b2fd6bd11b009564a11db29c168871318b", "evidence_schema": "seavigil-evidence-1.0", "why": "Sentinel-1 SAR detection, confidence 0.97 \u00b7 length 42 m (industrial scale) \u00b7 classified fishing vessel (p=0.88) \u00b7 heading about 248 deg at 0 kn \u00b7 near-stationary at acquisition (likely at anchor)", "why_full": "Sentinel-1 SAR detection, confidence 0.97 \u00b7 length 42 m (industrial scale) \u00b7 classified fishing vessel (p=0.88) \u00b7 heading about 248 deg at 0 kn \u00b7 near-stationary at acquisition (likely at anchor)", "baseline": "", "caveats": "A SAR detection is a radar blip: it has a position and a size, not an identity. | Length, heading and the fishing-vessel class are model estimates, not ground truth. | Dark means no AIS broadcast matched at the acquisition time; without an AIS feed the broadcasting status is unverified, not assumed. | An inspection lead, not proof of illegal activity.", "caveat": "A SAR detection is a radar blip: it has a position and a size, not an identity.", "innocent": "A radar contact with no AIS may be a vessel not required to broadcast, sea clutter, or fixed infrastructure; treat as a lead to confirm."}}, {"type": "Feature", "geometry": {"type": "Point", "coordinates": [-13.726026992797852, 9.506490227540974]}, "properties": {"id": "s1sar__20260703_0033", "kind": "dark_vessel_sar", "mpa": "Sentinel-1 SAR detection", "severity": "low", "severity_reason": "SAR-detected vessel (broadcasting unverified)", "when": "2026-07-03T06:42:05Z", "score": 0.07, "vessel": "(SAR detection -- no AIS identity)", "ship_name": "", "ship_type": "Vessel", "destination": "", "gear": "Sentinel-1 SAR (our detection)", "flag": "", "flag_emoji": "", "eez": "Guinean Exclusive Economic Zone", "eez_sovereign": "Guinea", "eez_foreign": null, "authorization": "unverifiable", "authorities": "", "iuu_listed": false, "iuu_label": "", "imo": "", "next_port": null, "evidence_hash": "0bb094851f343bc60afa821cd23674cda7ffe2c7f5a1072aec1d9719fc285bbc", "evidence_schema": "seavigil-evidence-1.0", "why": "Sentinel-1 SAR detection, confidence 0.96 \u00b7 length 70 m (industrial scale) \u00b7 classified non-fishing vessel (p=0.07) \u00b7 heading about 0 deg at 0 kn \u00b7 near-stationary at acquisition (likely at anchor)", "why_full": "Sentinel-1 SAR detection, confidence 0.96 \u00b7 length 70 m (industrial scale) \u00b7 classified non-fishing vessel (p=0.07) \u00b7 heading about 0 deg at 0 kn \u00b7 near-stationary at acquisition (likely at anchor)", "baseline": "", "caveats": "A SAR detection is a radar blip: it has a position and a size, not an identity. | Length, heading and the fishing-vessel class are model estimates, not ground truth. | Dark means no AIS broadcast matched at the acquisition time; without an AIS feed the broadcasting status is unverified, not assumed. | An inspection lead, not proof of illegal activity.", "caveat": "A SAR detection is a radar blip: it has a position and a size, not an identity.", "innocent": "A radar contact with no AIS may be a vessel not required to broadcast, sea clutter, or fixed infrastructure; treat as a lead to confirm."}}, {"type": "Feature", "geometry": {"type": "Point", "coordinates": [-13.721735458374026, 9.479739161223916]}, "properties": {"id": "s1sar__20260703_0034", "kind": "dark_vessel_sar", "mpa": "Sentinel-1 SAR detection", "severity": "low", "severity_reason": "SAR-detected vessel (broadcasting unverified)", "when": "2026-07-03T06:42:05Z", "score": 0.87, "vessel": "(SAR detection -- no AIS identity)", "ship_name": "", "ship_type": "Fishing vessel", "destination": "", "gear": "Sentinel-1 SAR (our detection)", "flag": "", "flag_emoji": "", "eez": "Guinean Exclusive Economic Zone", "eez_sovereign": "Guinea", "eez_foreign": null, "authorization": "unverifiable", "authorities": "", "iuu_listed": false, "iuu_label": "", "imo": "", "next_port": null, "evidence_hash": "e1a6dc8fc424812b9e7f04c376374ecff49cf47f97f947555792aaa46b43409e", "evidence_schema": "seavigil-evidence-1.0", "why": "Sentinel-1 SAR detection, confidence 0.96 \u00b7 length 33 m (industrial scale) \u00b7 classified fishing vessel (p=0.87) \u00b7 heading about 0 deg at 0 kn \u00b7 near-stationary at acquisition (likely at anchor)", "why_full": "Sentinel-1 SAR detection, confidence 0.96 \u00b7 length 33 m (industrial scale) \u00b7 classified fishing vessel (p=0.87) \u00b7 heading about 0 deg at 0 kn \u00b7 near-stationary at acquisition (likely at anchor)", "baseline": "", "caveats": "A SAR detection is a radar blip: it has a position and a size, not an identity. | Length, heading and the fishing-vessel class are model estimates, not ground truth. | Dark means no AIS broadcast matched at the acquisition time; without an AIS feed the broadcasting status is unverified, not assumed. | An inspection lead, not proof of illegal activity.", "caveat": "A SAR detection is a radar blip: it has a position and a size, not an identity.", "innocent": "A radar contact with no AIS may be a vessel not required to broadcast, sea clutter, or fixed infrastructure; treat as a lead to confirm."}}, {"type": "Feature", "geometry": {"type": "Point", "coordinates": [-13.725769500732422, 9.478045985520058]}, "properties": {"id": "s1sar__20260703_0035", "kind": "dark_vessel_sar", "mpa": "Sentinel-1 SAR detection", "severity": "low", "severity_reason": "SAR-detected vessel (broadcasting unverified)", "when": "2026-07-03T06:42:05Z", "score": 0.78, "vessel": "(SAR detection -- no AIS identity)", "ship_name": "", "ship_type": "Fishing vessel", "destination": "", "gear": "Sentinel-1 SAR (our detection)", "flag": "", "flag_emoji": "", "eez": "Guinean Exclusive Economic Zone", "eez_sovereign": "Guinea", "eez_foreign": null, "authorization": "unverifiable", "authorities": "", "iuu_listed": false, "iuu_label": "", "imo": "", "next_port": null, "evidence_hash": "fd5c29767b1dde56feff675a30d02180a10e08a3cb48027e87ea268f938203b2", "evidence_schema": "seavigil-evidence-1.0", "why": "Sentinel-1 SAR detection, confidence 0.95 \u00b7 length 39 m (industrial scale) \u00b7 classified fishing vessel (p=0.78) \u00b7 heading about 248 deg at 0 kn \u00b7 near-stationary at acquisition (likely at anchor)", "why_full": "Sentinel-1 SAR detection, confidence 0.95 \u00b7 length 39 m (industrial scale) \u00b7 classified fishing vessel (p=0.78) \u00b7 heading about 248 deg at 0 kn \u00b7 near-stationary at acquisition (likely at anchor)", "baseline": "", "caveats": "A SAR detection is a radar blip: it has a position and a size, not an identity. | Length, heading and the fishing-vessel class are model estimates, not ground truth. | Dark means no AIS broadcast matched at the acquisition time; without an AIS feed the broadcasting status is unverified, not assumed. | An inspection lead, not proof of illegal activity.", "caveat": "A SAR detection is a radar blip: it has a position and a size, not an identity.", "innocent": "A radar contact with no AIS may be a vessel not required to broadcast, sea clutter, or fixed infrastructure; treat as a lead to confirm."}}, {"type": "Feature", "geometry": {"type": "Point", "coordinates": [-13.723709564208985, 9.504966488742417]}, "properties": {"id": "s1sar__20260703_0037", "kind": "dark_vessel_sar", "mpa": "Sentinel-1 SAR detection", "severity": "low", "severity_reason": "SAR-detected vessel (broadcasting unverified)", "when": "2026-07-03T06:42:05Z", "score": 0.67, "vessel": "(SAR detection -- no AIS identity)", "ship_name": "", "ship_type": "Fishing vessel", "destination": "", "gear": "Sentinel-1 SAR (our detection)", "flag": "", "flag_emoji": "", "eez": "Guinean Exclusive Economic Zone", "eez_sovereign": "Guinea", "eez_foreign": null, "authorization": "unverifiable", "authorities": "", "iuu_listed": false, "iuu_label": "", "imo": "", "next_port": null, "evidence_hash": "dd87d254e5fa04b2ad3ed79a1bc26a0af81e47715211c7d6a144b985a9ca57d0", "evidence_schema": "seavigil-evidence-1.0", "why": "Sentinel-1 SAR detection, confidence 0.88 \u00b7 length 55 m (industrial scale) \u00b7 classified fishing vessel (p=0.67) \u00b7 heading about 135 deg at 0 kn \u00b7 near-stationary at acquisition (likely at anchor)", "why_full": "Sentinel-1 SAR detection, confidence 0.88 \u00b7 length 55 m (industrial scale) \u00b7 classified fishing vessel (p=0.67) \u00b7 heading about 135 deg at 0 kn \u00b7 near-stationary at acquisition (likely at anchor)", "baseline": "", "caveats": "A SAR detection is a radar blip: it has a position and a size, not an identity. | Length, heading and the fishing-vessel class are model estimates, not ground truth. | Dark means no AIS broadcast matched at the acquisition time; without an AIS feed the broadcasting status is unverified, not assumed. | An inspection lead, not proof of illegal activity.", "caveat": "A SAR detection is a radar blip: it has a position and a size, not an identity.", "innocent": "A radar contact with no AIS may be a vessel not required to broadcast, sea clutter, or fixed infrastructure; treat as a lead to confirm."}}, {"type": "Feature", "geometry": {"type": "Point", "coordinates": [-13.724997024536137, 9.508013959553663]}, "properties": {"id": "s1sar__20260703_0040", "kind": "dark_vessel_sar", "mpa": "Sentinel-1 SAR detection", "severity": "low", "severity_reason": "SAR-detected vessel (broadcasting unverified)", "when": "2026-07-03T06:42:05Z", "score": 0.01, "vessel": "(SAR detection -- no AIS identity)", "ship_name": "", "ship_type": "Vessel", "destination": "", "gear": "Sentinel-1 SAR (our detection)", "flag": "", "flag_emoji": "", "eez": "Guinean Exclusive Economic Zone", "eez_sovereign": "Guinea", "eez_foreign": null, "authorization": "unverifiable", "authorities": "", "iuu_listed": false, "iuu_label": "", "imo": "", "next_port": null, "evidence_hash": "40c33c376ebf15095266eb19b37301dabd125f1a89c315f9115b6b35906dce35", "evidence_schema": "seavigil-evidence-1.0", "why": "Sentinel-1 SAR detection, confidence 0.73 \u00b7 length 132 m (industrial scale) \u00b7 classified non-fishing vessel (p=0.01) \u00b7 heading about 180 deg at 0 kn \u00b7 near-stationary at acquisition (likely at anchor)", "why_full": "Sentinel-1 SAR detection, confidence 0.73 \u00b7 length 132 m (industrial scale) \u00b7 classified non-fishing vessel (p=0.01) \u00b7 heading about 180 deg at 0 kn \u00b7 near-stationary at acquisition (likely at anchor)", "baseline": "", "caveats": "A SAR detection is a radar blip: it has a position and a size, not an identity. | Length, heading and the fishing-vessel class are model estimates, not ground truth. | Dark means no AIS broadcast matched at the acquisition time; without an AIS feed the broadcasting status is unverified, not assumed. | An inspection lead, not proof of illegal activity.", "caveat": "A SAR detection is a radar blip: it has a position and a size, not an identity.", "innocent": "A radar contact with no AIS may be a vessel not required to broadcast, sea clutter, or fixed infrastructure; treat as a lead to confirm."}}, {"type": "Feature", "geometry": {"type": "Point", "coordinates": [-13.733665924072266, 9.46306101660868]}, "properties": {"id": "s1sar__20260703_0041", "kind": "dark_vessel_sar", "mpa": "Sentinel-1 SAR detection", "severity": "low", "severity_reason": "SAR-detected vessel (broadcasting unverified)", "when": "2026-07-03T06:42:05Z", "score": 0.87, "vessel": "(SAR detection -- no AIS identity)", "ship_name": "", "ship_type": "Fishing vessel", "destination": "", "gear": "Sentinel-1 SAR (our detection)", "flag": "", "flag_emoji": "", "eez": "Guinean Exclusive Economic Zone", "eez_sovereign": "Guinea", "eez_foreign": null, "authorization": "unverifiable", "authorities": "", "iuu_listed": false, "iuu_label": "", "imo": "", "next_port": null, "evidence_hash": "33a2128a6f613c24b34c0676cab6241df0edec8410442efa1365ef2008ea013b", "evidence_schema": "seavigil-evidence-1.0", "why": "Sentinel-1 SAR detection, confidence 0.99 \u00b7 length 52 m (industrial scale) \u00b7 classified fishing vessel (p=0.87) \u00b7 heading about 0 deg at 0 kn \u00b7 near-stationary at acquisition (likely at anchor)", "why_full": "Sentinel-1 SAR detection, confidence 0.99 \u00b7 length 52 m (industrial scale) \u00b7 classified fishing vessel (p=0.87) \u00b7 heading about 0 deg at 0 kn \u00b7 near-stationary at acquisition (likely at anchor)", "baseline": "", "caveats": "A SAR detection is a radar blip: it has a position and a size, not an identity. | Length, heading and the fishing-vessel class are model estimates, not ground truth. | Dark means no AIS broadcast matched at the acquisition time; without an AIS feed the broadcasting status is unverified, not assumed. | An inspection lead, not proof of illegal activity.", "caveat": "A SAR detection is a radar blip: it has a position and a size, not an identity.", "innocent": "A radar contact with no AIS may be a vessel not required to broadcast, sea clutter, or fixed infrastructure; treat as a lead to confirm."}}, {"type": "Feature", "geometry": {"type": "Point", "coordinates": [-13.733923416137694, 9.472035144316576]}, "properties": {"id": "s1sar__20260703_0042", "kind": "dark_vessel_sar", "mpa": "Sentinel-1 SAR detection", "severity": "low", "severity_reason": "SAR-detected vessel (broadcasting unverified)", "when": "2026-07-03T06:42:05Z", "score": 0.92, "vessel": "(SAR detection -- no AIS identity)", "ship_name": "", "ship_type": "Fishing vessel", "destination": "", "gear": "Sentinel-1 SAR (our detection)", "flag": "", "flag_emoji": "", "eez": "Guinean Exclusive Economic Zone", "eez_sovereign": "Guinea", "eez_foreign": null, "authorization": "unverifiable", "authorities": "", "iuu_listed": false, "iuu_label": "", "imo": "", "next_port": null, "evidence_hash": "694a1393a89ede89062d2eafd705c08454591d7412f414574e0809ec88864eec", "evidence_schema": "seavigil-evidence-1.0", "why": "Sentinel-1 SAR detection, confidence 0.99 \u00b7 length 60 m (industrial scale) \u00b7 classified fishing vessel (p=0.92) \u00b7 heading about 248 deg at 0 kn \u00b7 near-stationary at acquisition (likely at anchor)", "why_full": "Sentinel-1 SAR detection, confidence 0.99 \u00b7 length 60 m (industrial scale) \u00b7 classified fishing vessel (p=0.92) \u00b7 heading about 248 deg at 0 kn \u00b7 near-stationary at acquisition (likely at anchor)", "baseline": "", "caveats": "A SAR detection is a radar blip: it has a position and a size, not an identity. | Length, heading and the fishing-vessel class are model estimates, not ground truth. | Dark means no AIS broadcast matched at the acquisition time; without an AIS feed the broadcasting status is unverified, not assumed. | An inspection lead, not proof of illegal activity.", "caveat": "A SAR detection is a radar blip: it has a position and a size, not an identity.", "innocent": "A radar contact with no AIS may be a vessel not required to broadcast, sea clutter, or fixed infrastructure; treat as a lead to confirm."}}, {"type": "Feature", "geometry": {"type": "Point", "coordinates": [-13.733494262695311, 9.46949532063562]}, "properties": {"id": "s1sar__20260703_0043", "kind": "dark_vessel_sar", "mpa": "Sentinel-1 SAR detection", "severity": "low", "severity_reason": "SAR-detected vessel (broadcasting unverified)", "when": "2026-07-03T06:42:05Z", "score": 0.95, "vessel": "(SAR detection -- no AIS identity)", "ship_name": "", "ship_type": "Fishing vessel", "destination": "", "gear": "Sentinel-1 SAR (our detection)", "flag": "", "flag_emoji": "", "eez": "Guinean Exclusive Economic Zone", "eez_sovereign": "Guinea", "eez_foreign": null, "authorization": "unverifiable", "authorities": "", "iuu_listed": false, "iuu_label": "", "imo": "", "next_port": null, "evidence_hash": "1baa1ee4fa88ade94555c57110fb744ae4366f1ca8194a2d345564360b5a0625", "evidence_schema": "seavigil-evidence-1.0", "why": "Sentinel-1 SAR detection, confidence 0.98 \u00b7 length 53 m (industrial scale) \u00b7 classified fishing vessel (p=0.95) \u00b7 heading about 248 deg at 0 kn \u00b7 near-stationary at acquisition (likely at anchor)", "why_full": "Sentinel-1 SAR detection, confidence 0.98 \u00b7 length 53 m (industrial scale) \u00b7 classified fishing vessel (p=0.95) \u00b7 heading about 248 deg at 0 kn \u00b7 near-stationary at acquisition (likely at anchor)", "baseline": "", "caveats": "A SAR detection is a radar blip: it has a position and a size, not an identity. | Length, heading and the fishing-vessel class are model estimates, not ground truth. | Dark means no AIS broadcast matched at the acquisition time; without an AIS feed the broadcasting status is unverified, not assumed. | An inspection lead, not proof of illegal activity.", "caveat": "A SAR detection is a radar blip: it has a position and a size, not an identity.", "innocent": "A radar contact with no AIS may be a vessel not required to broadcast, sea clutter, or fixed infrastructure; treat as a lead to confirm."}}, {"type": "Feature", "geometry": {"type": "Point", "coordinates": [-13.731863479614258, 9.472289125651644]}, "properties": {"id": "s1sar__20260703_0044", "kind": "dark_vessel_sar", "mpa": "Sentinel-1 SAR detection", "severity": "low", "severity_reason": "SAR-detected vessel (broadcasting unverified)", "when": "2026-07-03T06:42:05Z", "score": 0.83, "vessel": "(SAR detection -- no AIS identity)", "ship_name": "", "ship_type": "Fishing vessel", "destination": "", "gear": "Sentinel-1 SAR (our detection)", "flag": "", "flag_emoji": "", "eez": "Guinean Exclusive Economic Zone", "eez_sovereign": "Guinea", "eez_foreign": null, "authorization": "unverifiable", "authorities": "", "iuu_listed": false, "iuu_label": "", "imo": "", "next_port": null, "evidence_hash": "158ef3d6d4c011a4bb72f8da9933e2412f714f132f6de5cfa657d58d6123273b", "evidence_schema": "seavigil-evidence-1.0", "why": "Sentinel-1 SAR detection, confidence 0.98 \u00b7 length 57 m (industrial scale) \u00b7 classified fishing vessel (p=0.83) \u00b7 heading about 135 deg at 0 kn \u00b7 near-stationary at acquisition (likely at anchor)", "why_full": "Sentinel-1 SAR detection, confidence 0.98 \u00b7 length 57 m (industrial scale) \u00b7 classified fishing vessel (p=0.83) \u00b7 heading about 135 deg at 0 kn \u00b7 near-stationary at acquisition (likely at anchor)", "baseline": "", "caveats": "A SAR detection is a radar blip: it has a position and a size, not an identity. | Length, heading and the fishing-vessel class are model estimates, not ground truth. | Dark means no AIS broadcast matched at the acquisition time; without an AIS feed the broadcasting status is unverified, not assumed. | An inspection lead, not proof of illegal activity.", "caveat": "A SAR detection is a radar blip: it has a position and a size, not an identity.", "innocent": "A radar contact with no AIS may be a vessel not required to broadcast, sea clutter, or fixed infrastructure; treat as a lead to confirm."}}, {"type": "Feature", "geometry": {"type": "Point", "coordinates": [-13.735897521972657, 9.469241337234616]}, "properties": {"id": "s1sar__20260703_0045", "kind": "dark_vessel_sar", "mpa": "Sentinel-1 SAR detection", "severity": "low", "severity_reason": "SAR-detected vessel (broadcasting unverified)", "when": "2026-07-03T06:42:05Z", "score": 0.95, "vessel": "(SAR detection -- no AIS identity)", "ship_name": "", "ship_type": "Fishing vessel", "destination": "", "gear": "Sentinel-1 SAR (our detection)", "flag": "", "flag_emoji": "", "eez": "Guinean Exclusive Economic Zone", "eez_sovereign": "Guinea", "eez_foreign": null, "authorization": "unverifiable", "authorities": "", "iuu_listed": false, "iuu_label": "", "imo": "", "next_port": null, "evidence_hash": "4e74eaa2b4d31b7236ba0d323541b6b7ff623217bc127fa7fc182d655e764a71", "evidence_schema": "seavigil-evidence-1.0", "why": "Sentinel-1 SAR detection, confidence 0.98 \u00b7 length 43 m (industrial scale) \u00b7 classified fishing vessel (p=0.95) \u00b7 heading about 248 deg at 0 kn \u00b7 near-stationary at acquisition (likely at anchor)", "why_full": "Sentinel-1 SAR detection, confidence 0.98 \u00b7 length 43 m (industrial scale) \u00b7 classified fishing vessel (p=0.95) \u00b7 heading about 248 deg at 0 kn \u00b7 near-stationary at acquisition (likely at anchor)", "baseline": "", "caveats": "A SAR detection is a radar blip: it has a position and a size, not an identity. | Length, heading and the fishing-vessel class are model estimates, not ground truth. | Dark means no AIS broadcast matched at the acquisition time; without an AIS feed the broadcasting status is unverified, not assumed. | An inspection lead, not proof of illegal activity.", "caveat": "A SAR detection is a radar blip: it has a position and a size, not an identity.", "innocent": "A radar contact with no AIS may be a vessel not required to broadcast, sea clutter, or fixed infrastructure; treat as a lead to confirm."}}, {"type": "Feature", "geometry": {"type": "Point", "coordinates": [-13.731262664794922, 9.46949532063562]}, "properties": {"id": "s1sar__20260703_0046", "kind": "dark_vessel_sar", "mpa": "Sentinel-1 SAR detection", "severity": "low", "severity_reason": "SAR-detected vessel (broadcasting unverified)", "when": "2026-07-03T06:42:05Z", "score": 0.76, "vessel": "(SAR detection -- no AIS identity)", "ship_name": "", "ship_type": "Fishing vessel", "destination": "", "gear": "Sentinel-1 SAR (our detection)", "flag": "", "flag_emoji": "", "eez": "Guinean Exclusive Economic Zone", "eez_sovereign": "Guinea", "eez_foreign": null, "authorization": "unverifiable", "authorities": "", "iuu_listed": false, "iuu_label": "", "imo": "", "next_port": null, "evidence_hash": "94671a94208fb8ba941be030288fad83ee4ac7fa11b6ecdd2df6c5c25791954e", "evidence_schema": "seavigil-evidence-1.0", "why": "Sentinel-1 SAR detection, confidence 0.98 \u00b7 length 48 m (industrial scale) \u00b7 classified fishing vessel (p=0.76) \u00b7 heading about 90 deg at 0 kn \u00b7 near-stationary at acquisition (likely at anchor)", "why_full": "Sentinel-1 SAR detection, confidence 0.98 \u00b7 length 48 m (industrial scale) \u00b7 classified fishing vessel (p=0.76) \u00b7 heading about 90 deg at 0 kn \u00b7 near-stationary at acquisition (likely at anchor)", "baseline": "", "caveats": "A SAR detection is a radar blip: it has a position and a size, not an identity. | Length, heading and the fishing-vessel class are model estimates, not ground truth. | Dark means no AIS broadcast matched at the acquisition time; without an AIS feed the broadcasting status is unverified, not assumed. | An inspection lead, not proof of illegal activity.", "caveat": "A SAR detection is a radar blip: it has a position and a size, not an identity.", "innocent": "A radar contact with no AIS may be a vessel not required to broadcast, sea clutter, or fixed infrastructure; treat as a lead to confirm."}}, {"type": "Feature", "geometry": {"type": "Point", "coordinates": [-13.737184982299803, 9.472373786054932]}, "properties": {"id": "s1sar__20260703_0047", "kind": "dark_vessel_sar", "mpa": "Sentinel-1 SAR detection", "severity": "low", "severity_reason": "SAR-detected vessel (broadcasting unverified)", "when": "2026-07-03T06:42:05Z", "score": 0.89, "vessel": "(SAR detection -- no AIS identity)", "ship_name": "", "ship_type": "Fishing vessel", "destination": "", "gear": "Sentinel-1 SAR (our detection)", "flag": "", "flag_emoji": "", "eez": "Guinean Exclusive Economic Zone", "eez_sovereign": "Guinea", "eez_foreign": null, "authorization": "unverifiable", "authorities": "", "iuu_listed": false, "iuu_label": "", "imo": "", "next_port": null, "evidence_hash": "df6dfebce108cc61ece16e7244a01bf4d0506caa38e52d42f53f0c221efa7525", "evidence_schema": "seavigil-evidence-1.0", "why": "Sentinel-1 SAR detection, confidence 0.97 \u00b7 length 53 m (industrial scale) \u00b7 classified fishing vessel (p=0.89) \u00b7 heading about 135 deg at 0 kn \u00b7 near-stationary at acquisition (likely at anchor)", "why_full": "Sentinel-1 SAR detection, confidence 0.97 \u00b7 length 53 m (industrial scale) \u00b7 classified fishing vessel (p=0.89) \u00b7 heading about 135 deg at 0 kn \u00b7 near-stationary at acquisition (likely at anchor)", "baseline": "", "caveats": "A SAR detection is a radar blip: it has a position and a size, not an identity. | Length, heading and the fishing-vessel class are model estimates, not ground truth. | Dark means no AIS broadcast matched at the acquisition time; without an AIS feed the broadcasting status is unverified, not assumed. | An inspection lead, not proof of illegal activity.", "caveat": "A SAR detection is a radar blip: it has a position and a size, not an identity.", "innocent": "A radar contact with no AIS may be a vessel not required to broadcast, sea clutter, or fixed infrastructure; treat as a lead to confirm."}}, {"type": "Feature", "geometry": {"type": "Point", "coordinates": [-13.73006103515625, 9.462807028451934]}, "properties": {"id": "s1sar__20260703_0048", "kind": "dark_vessel_sar", "mpa": "Sentinel-1 SAR detection", "severity": "low", "severity_reason": "SAR-detected vessel (broadcasting unverified)", "when": "2026-07-03T06:42:05Z", "score": 0.85, "vessel": "(SAR detection -- no AIS identity)", "ship_name": "", "ship_type": "Fishing vessel", "destination": "", "gear": "Sentinel-1 SAR (our detection)", "flag": "", "flag_emoji": "", "eez": "Guinean Exclusive Economic Zone", "eez_sovereign": "Guinea", "eez_foreign": null, "authorization": "unverifiable", "authorities": "", "iuu_listed": false, "iuu_label": "", "imo": "", "next_port": null, "evidence_hash": "70a3908a9d00777ba025a1ffbcef8d5ba9c23bf64fe9c08415c0c6ef13f8f264", "evidence_schema": "seavigil-evidence-1.0", "why": "Sentinel-1 SAR detection, confidence 0.96 \u00b7 length 55 m (industrial scale) \u00b7 classified fishing vessel (p=0.85) \u00b7 heading about 135 deg at 0 kn \u00b7 near-stationary at acquisition (likely at anchor)", "why_full": "Sentinel-1 SAR detection, confidence 0.96 \u00b7 length 55 m (industrial scale) \u00b7 classified fishing vessel (p=0.85) \u00b7 heading about 135 deg at 0 kn \u00b7 near-stationary at acquisition (likely at anchor)", "baseline": "", "caveats": "A SAR detection is a radar blip: it has a position and a size, not an identity. | Length, heading and the fishing-vessel class are model estimates, not ground truth. | Dark means no AIS broadcast matched at the acquisition time; without an AIS feed the broadcasting status is unverified, not assumed. | An inspection lead, not proof of illegal activity.", "caveat": "A SAR detection is a radar blip: it has a position and a size, not an identity.", "innocent": "A radar contact with no AIS may be a vessel not required to broadcast, sea clutter, or fixed infrastructure; treat as a lead to confirm."}}, {"type": "Feature", "geometry": {"type": "Point", "coordinates": [-13.736412506103516, 9.476352801462744]}, "properties": {"id": "s1sar__20260703_0049", "kind": "dark_vessel_sar", "mpa": "Sentinel-1 SAR detection", "severity": "low", "severity_reason": "SAR-detected vessel (broadcasting unverified)", "when": "2026-07-03T06:42:05Z", "score": 0.86, "vessel": "(SAR detection -- no AIS identity)", "ship_name": "", "ship_type": "Fishing vessel", "destination": "", "gear": "Sentinel-1 SAR (our detection)", "flag": "", "flag_emoji": "", "eez": "Guinean Exclusive Economic Zone", "eez_sovereign": "Guinea", "eez_foreign": null, "authorization": "unverifiable", "authorities": "", "iuu_listed": false, "iuu_label": "", "imo": "", "next_port": null, "evidence_hash": "661ed96215c23da3843fb07dcc27feb300ad73e7aa5cc9755cad142f6b29ad2b", "evidence_schema": "seavigil-evidence-1.0", "why": "Sentinel-1 SAR detection, confidence 0.95 \u00b7 length 51 m (industrial scale) \u00b7 classified fishing vessel (p=0.86) \u00b7 heading about 248 deg at 0 kn \u00b7 near-stationary at acquisition (likely at anchor)", "why_full": "Sentinel-1 SAR detection, confidence 0.95 \u00b7 length 51 m (industrial scale) \u00b7 classified fishing vessel (p=0.86) \u00b7 heading about 248 deg at 0 kn \u00b7 near-stationary at acquisition (likely at anchor)", "baseline": "", "caveats": "A SAR detection is a radar blip: it has a position and a size, not an identity. | Length, heading and the fishing-vessel class are model estimates, not ground truth. | Dark means no AIS broadcast matched at the acquisition time; without an AIS feed the broadcasting status is unverified, not assumed. | An inspection lead, not proof of illegal activity.", "caveat": "A SAR detection is a radar blip: it has a position and a size, not an identity.", "innocent": "A radar contact with no AIS may be a vessel not required to broadcast, sea clutter, or fixed infrastructure; treat as a lead to confirm."}}, {"type": "Feature", "geometry": {"type": "Point", "coordinates": [-13.733751754760744, 9.476268142040617]}, "properties": {"id": "s1sar__20260703_0050", "kind": "dark_vessel_sar", "mpa": "Sentinel-1 SAR detection", "severity": "low", "severity_reason": "SAR-detected vessel (broadcasting unverified)", "when": "2026-07-03T06:42:05Z", "score": 0.95, "vessel": "(SAR detection -- no AIS identity)", "ship_name": "", "ship_type": "Fishing vessel", "destination": "", "gear": "Sentinel-1 SAR (our detection)", "flag": "", "flag_emoji": "", "eez": "Guinean Exclusive Economic Zone", "eez_sovereign": "Guinea", "eez_foreign": null, "authorization": "unverifiable", "authorities": "", "iuu_listed": false, "iuu_label": "", "imo": "", "next_port": null, "evidence_hash": "26b0b17250aa5036d2a434b8071c5f327c8e0dcb5b34d26244af3f3db2c2e979", "evidence_schema": "seavigil-evidence-1.0", "why": "Sentinel-1 SAR detection, confidence 0.94 \u00b7 length 60 m (industrial scale) \u00b7 classified fishing vessel (p=0.95) \u00b7 heading about 248 deg at -0 kn \u00b7 near-stationary at acquisition (likely at anchor)", "why_full": "Sentinel-1 SAR detection, confidence 0.94 \u00b7 length 60 m (industrial scale) \u00b7 classified fishing vessel (p=0.95) \u00b7 heading about 248 deg at -0 kn \u00b7 near-stationary at acquisition (likely at anchor)", "baseline": "", "caveats": "A SAR detection is a radar blip: it has a position and a size, not an identity. | Length, heading and the fishing-vessel class are model estimates, not ground truth. | Dark means no AIS broadcast matched at the acquisition time; without an AIS feed the broadcasting status is unverified, not assumed. | An inspection lead, not proof of illegal activity.", "caveat": "A SAR detection is a radar blip: it has a position and a size, not an identity.", "innocent": "A radar contact with no AIS may be a vessel not required to broadcast, sea clutter, or fixed infrastructure; treat as a lead to confirm."}}, {"type": "Feature", "geometry": {"type": "Point", "coordinates": [-13.732979278564454, 9.47220446522749]}, "properties": {"id": "s1sar__20260703_0051", "kind": "dark_vessel_sar", "mpa": "Sentinel-1 SAR detection", "severity": "low", "severity_reason": "SAR-detected vessel (broadcasting unverified)", "when": "2026-07-03T06:42:05Z", "score": 0.92, "vessel": "(SAR detection -- no AIS identity)", "ship_name": "", "ship_type": "Fishing vessel", "destination": "", "gear": "Sentinel-1 SAR (our detection)", "flag": "", "flag_emoji": "", "eez": "Guinean Exclusive Economic Zone", "eez_sovereign": "Guinea", "eez_foreign": null, "authorization": "unverifiable", "authorities": "", "iuu_listed": false, "iuu_label": "", "imo": "", "next_port": null, "evidence_hash": "aa46d7bd0aff95d887a35befe87d39ae59f212f59366d20f06203a33a5e08568", "evidence_schema": "seavigil-evidence-1.0", "why": "Sentinel-1 SAR detection, confidence 0.92 \u00b7 length 64 m (industrial scale) \u00b7 classified fishing vessel (p=0.92) \u00b7 heading about 248 deg at 0 kn \u00b7 near-stationary at acquisition (likely at anchor)", "why_full": "Sentinel-1 SAR detection, confidence 0.92 \u00b7 length 64 m (industrial scale) \u00b7 classified fishing vessel (p=0.92) \u00b7 heading about 248 deg at 0 kn \u00b7 near-stationary at acquisition (likely at anchor)", "baseline": "", "caveats": "A SAR detection is a radar blip: it has a position and a size, not an identity. | Length, heading and the fishing-vessel class are model estimates, not ground truth. | Dark means no AIS broadcast matched at the acquisition time; without an AIS feed the broadcasting status is unverified, not assumed. | An inspection lead, not proof of illegal activity.", "caveat": "A SAR detection is a radar blip: it has a position and a size, not an identity.", "innocent": "A radar contact with no AIS may be a vessel not required to broadcast, sea clutter, or fixed infrastructure; treat as a lead to confirm."}}, {"type": "Feature", "geometry": {"type": "Point", "coordinates": [-13.752977828979493, 9.45078470778777]}, "properties": {"id": "s1sar__20260703_0052", "kind": "dark_vessel_sar", "mpa": "Sentinel-1 SAR detection", "severity": "low", "severity_reason": "SAR-detected vessel (broadcasting unverified)", "when": "2026-07-03T06:42:05Z", "score": 0.05, "vessel": "(SAR detection -- no AIS identity)", "ship_name": "", "ship_type": "Vessel", "destination": "", "gear": "Sentinel-1 SAR (our detection)", "flag": "", "flag_emoji": "", "eez": "Guinean Exclusive Economic Zone", "eez_sovereign": "Guinea", "eez_foreign": null, "authorization": "unverifiable", "authorities": "", "iuu_listed": false, "iuu_label": "", "imo": "", "next_port": null, "evidence_hash": "bd02890c7794c78f18d9f10454c6ea7fdbc3cf0d1478c96ebd7a75f0928aeab7", "evidence_schema": "seavigil-evidence-1.0", "why": "Sentinel-1 SAR detection, confidence 0.74 \u00b7 length 60 m (industrial scale) \u00b7 classified non-fishing vessel (p=0.05) \u00b7 heading about 90 deg at 0 kn \u00b7 near-stationary at acquisition (likely at anchor)", "why_full": "Sentinel-1 SAR detection, confidence 0.74 \u00b7 length 60 m (industrial scale) \u00b7 classified non-fishing vessel (p=0.05) \u00b7 heading about 90 deg at 0 kn \u00b7 near-stationary at acquisition (likely at anchor)", "baseline": "", "caveats": "A SAR detection is a radar blip: it has a position and a size, not an identity. | Length, heading and the fishing-vessel class are model estimates, not ground truth. | Dark means no AIS broadcast matched at the acquisition time; without an AIS feed the broadcasting status is unverified, not assumed. | An inspection lead, not proof of illegal activity.", "caveat": "A SAR detection is a radar blip: it has a position and a size, not an identity.", "innocent": "A radar contact with no AIS may be a vessel not required to broadcast, sea clutter, or fixed infrastructure; treat as a lead to confirm."}}, {"type": "Feature", "geometry": {"type": "Point", "coordinates": [-13.705513458251954, 9.458912519885436]}, "properties": {"id": "s1sar__20260703_0053", "kind": "dark_vessel_sar", "mpa": "Sentinel-1 SAR detection", "severity": "low", "severity_reason": "SAR-detected vessel (broadcasting unverified)", "when": "2026-07-03T06:42:05Z", "score": 0.04, "vessel": "(SAR detection -- no AIS identity)", "ship_name": "", "ship_type": "Vessel", "destination": "", "gear": "Sentinel-1 SAR (our detection)", "flag": "", "flag_emoji": "", "eez": "Guinean Exclusive Economic Zone", "eez_sovereign": "Guinea", "eez_foreign": null, "authorization": "unverifiable", "authorities": "", "iuu_listed": false, "iuu_label": "", "imo": "", "next_port": null, "evidence_hash": "800ccdc95a6c1ba6582c8b9e2fc2695545024b9c3a80f26264bc1973335306d7", "evidence_schema": "seavigil-evidence-1.0", "why": "Sentinel-1 SAR detection, confidence 1.00 \u00b7 length 92 m (industrial scale) \u00b7 classified non-fishing vessel (p=0.04) \u00b7 heading about 180 deg at 6 kn", "why_full": "Sentinel-1 SAR detection, confidence 1.00 \u00b7 length 92 m (industrial scale) \u00b7 classified non-fishing vessel (p=0.04) \u00b7 heading about 180 deg at 6 kn", "baseline": "", "caveats": "A SAR detection is a radar blip: it has a position and a size, not an identity. | Length, heading and the fishing-vessel class are model estimates, not ground truth. | Dark means no AIS broadcast matched at the acquisition time; without an AIS feed the broadcasting status is unverified, not assumed. | An inspection lead, not proof of illegal activity.", "caveat": "A SAR detection is a radar blip: it has a position and a size, not an identity.", "innocent": "A radar contact with no AIS may be a vessel not required to broadcast, sea clutter, or fixed infrastructure; treat as a lead to confirm."}}, {"type": "Feature", "geometry": {"type": "Point", "coordinates": [-13.712723236083985, 9.434951856222517]}, "properties": {"id": "s1sar__20260703_0054", "kind": "dark_vessel_sar", "mpa": "Sentinel-1 SAR detection", "severity": "low", "severity_reason": "SAR-detected vessel (broadcasting unverified)", "when": "2026-07-03T06:42:05Z", "score": 0.85, "vessel": "(SAR detection -- no AIS identity)", "ship_name": "", "ship_type": "Fishing vessel", "destination": "", "gear": "Sentinel-1 SAR (our detection)", "flag": "", "flag_emoji": "", "eez": "Guinean Exclusive Economic Zone", "eez_sovereign": "Guinea", "eez_foreign": null, "authorization": "unverifiable", "authorities": "", "iuu_listed": false, "iuu_label": "", "imo": "", "next_port": null, "evidence_hash": "b28d607969910ea5b259776fe6c130167014369c5c3ef6ef1501722fde1fb573", "evidence_schema": "seavigil-evidence-1.0", "why": "Sentinel-1 SAR detection, confidence 1.00 \u00b7 length 46 m (industrial scale) \u00b7 classified fishing vessel (p=0.85) \u00b7 heading about 0 deg at 1 kn \u00b7 near-stationary at acquisition (likely at anchor)", "why_full": "Sentinel-1 SAR detection, confidence 1.00 \u00b7 length 46 m (industrial scale) \u00b7 classified fishing vessel (p=0.85) \u00b7 heading about 0 deg at 1 kn \u00b7 near-stationary at acquisition (likely at anchor)", "baseline": "", "caveats": "A SAR detection is a radar blip: it has a position and a size, not an identity. | Length, heading and the fishing-vessel class are model estimates, not ground truth. | Dark means no AIS broadcast matched at the acquisition time; without an AIS feed the broadcasting status is unverified, not assumed. | An inspection lead, not proof of illegal activity.", "caveat": "A SAR detection is a radar blip: it has a position and a size, not an identity.", "innocent": "A radar contact with no AIS may be a vessel not required to broadcast, sea clutter, or fixed infrastructure; treat as a lead to confirm."}}, {"type": "Feature", "geometry": {"type": "Point", "coordinates": [-13.697531204223631, 9.383468902767063]}, "properties": {"id": "s1sar__20260703_0055", "kind": "dark_vessel_sar", "mpa": "Sentinel-1 SAR detection", "severity": "low", "severity_reason": "SAR-detected vessel (broadcasting unverified)", "when": "2026-07-03T06:42:05Z", "score": 0.0, "vessel": "(SAR detection -- no AIS identity)", "ship_name": "", "ship_type": "Vessel", "destination": "", "gear": "Sentinel-1 SAR (our detection)", "flag": "", "flag_emoji": "", "eez": "Guinean Exclusive Economic Zone", "eez_sovereign": "Guinea", "eez_foreign": null, "authorization": "unverifiable", "authorities": "", "iuu_listed": false, "iuu_label": "", "imo": "", "next_port": null, "evidence_hash": "12095da0cee5dcb69313f9c0afaea3adc878dd9277c819a82cc804d81ab6997e", "evidence_schema": "seavigil-evidence-1.0", "why": "Sentinel-1 SAR detection, confidence 1.00 \u00b7 length 160 m (industrial scale) \u00b7 classified non-fishing vessel (p=0.00) \u00b7 heading about 202 deg at 0 kn \u00b7 near-stationary at acquisition (likely at anchor)", "why_full": "Sentinel-1 SAR detection, confidence 1.00 \u00b7 length 160 m (industrial scale) \u00b7 classified non-fishing vessel (p=0.00) \u00b7 heading about 202 deg at 0 kn \u00b7 near-stationary at acquisition (likely at anchor)", "baseline": "", "caveats": "A SAR detection is a radar blip: it has a position and a size, not an identity. | Length, heading and the fishing-vessel class are model estimates, not ground truth. | Dark means no AIS broadcast matched at the acquisition time; without an AIS feed the broadcasting status is unverified, not assumed. | An inspection lead, not proof of illegal activity.", "caveat": "A SAR detection is a radar blip: it has a position and a size, not an identity.", "innocent": "A radar contact with no AIS may be a vessel not required to broadcast, sea clutter, or fixed infrastructure; treat as a lead to confirm."}}, {"type": "Feature", "geometry": {"type": "Point", "coordinates": [-13.702681045532229, 9.400404930660727]}, "properties": {"id": "s1sar__20260703_0056", "kind": "dark_vessel_sar", "mpa": "Sentinel-1 SAR detection", "severity": "low", "severity_reason": "SAR-detected vessel (broadcasting unverified)", "when": "2026-07-03T06:42:05Z", "score": 0.01, "vessel": "(SAR detection -- no AIS identity)", "ship_name": "", "ship_type": "Vessel", "destination": "", "gear": "Sentinel-1 SAR (our detection)", "flag": "", "flag_emoji": "", "eez": "Guinean Exclusive Economic Zone", "eez_sovereign": "Guinea", "eez_foreign": null, "authorization": "unverifiable", "authorities": "", "iuu_listed": false, "iuu_label": "", "imo": "", "next_port": null, "evidence_hash": "aef9b7d77acbec205bbbe90c075497a1fa5c616a43202f2078d44f83e0609062", "evidence_schema": "seavigil-evidence-1.0", "why": "Sentinel-1 SAR detection, confidence 0.99 \u00b7 length 107 m (industrial scale) \u00b7 classified non-fishing vessel (p=0.01) \u00b7 heading about 202 deg at 0 kn \u00b7 near-stationary at acquisition (likely at anchor)", "why_full": "Sentinel-1 SAR detection, confidence 0.99 \u00b7 length 107 m (industrial scale) \u00b7 classified non-fishing vessel (p=0.01) \u00b7 heading about 202 deg at 0 kn \u00b7 near-stationary at acquisition (likely at anchor)", "baseline": "", "caveats": "A SAR detection is a radar blip: it has a position and a size, not an identity. | Length, heading and the fishing-vessel class are model estimates, not ground truth. | Dark means no AIS broadcast matched at the acquisition time; without an AIS feed the broadcasting status is unverified, not assumed. | An inspection lead, not proof of illegal activity.", "caveat": "A SAR detection is a radar blip: it has a position and a size, not an identity.", "innocent": "A radar contact with no AIS may be a vessel not required to broadcast, sea clutter, or fixed infrastructure; treat as a lead to confirm."}}, {"type": "Feature", "geometry": {"type": "Point", "coordinates": [-13.720447998046875, 9.467463448169775]}, "properties": {"id": "s1sar__20260703_0057", "kind": "dark_vessel_sar", "mpa": "Sentinel-1 SAR detection", "severity": "low", "severity_reason": "SAR-detected vessel (broadcasting unverified)", "when": "2026-07-03T06:42:05Z", "score": 0.33, "vessel": "(SAR detection -- no AIS identity)", "ship_name": "", "ship_type": "Vessel", "destination": "", "gear": "Sentinel-1 SAR (our detection)", "flag": "", "flag_emoji": "", "eez": "Guinean Exclusive Economic Zone", "eez_sovereign": "Guinea", "eez_foreign": null, "authorization": "unverifiable", "authorities": "", "iuu_listed": false, "iuu_label": "", "imo": "", "next_port": null, "evidence_hash": "45f5e52403e79b61ef4d1d56ef44e9c4f2cfc4474a6a8a2f1d74064004be4c27", "evidence_schema": "seavigil-evidence-1.0", "why": "Sentinel-1 SAR detection, confidence 0.99 \u00b7 length 47 m (industrial scale) \u00b7 classified non-fishing vessel (p=0.33) \u00b7 heading about 0 deg at 0 kn \u00b7 near-stationary at acquisition (likely at anchor)", "why_full": "Sentinel-1 SAR detection, confidence 0.99 \u00b7 length 47 m (industrial scale) \u00b7 classified non-fishing vessel (p=0.33) \u00b7 heading about 0 deg at 0 kn \u00b7 near-stationary at acquisition (likely at anchor)", "baseline": "", "caveats": "A SAR detection is a radar blip: it has a position and a size, not an identity. | Length, heading and the fishing-vessel class are model estimates, not ground truth. | Dark means no AIS broadcast matched at the acquisition time; without an AIS feed the broadcasting status is unverified, not assumed. | An inspection lead, not proof of illegal activity.", "caveat": "A SAR detection is a radar blip: it has a position and a size, not an identity.", "innocent": "A radar contact with no AIS may be a vessel not required to broadcast, sea clutter, or fixed infrastructure; treat as a lead to confirm."}}, {"type": "Feature", "geometry": {"type": "Point", "coordinates": [-13.717787246704102, 9.465939535934718]}, "properties": {"id": "s1sar__20260703_0058", "kind": "dark_vessel_sar", "mpa": "Sentinel-1 SAR detection", "severity": "low", "severity_reason": "SAR-detected vessel (broadcasting unverified)", "when": "2026-07-03T06:42:05Z", "score": 0.43, "vessel": "(SAR detection -- no AIS identity)", "ship_name": "", "ship_type": "Vessel", "destination": "", "gear": "Sentinel-1 SAR (our detection)", "flag": "", "flag_emoji": "", "eez": "Guinean Exclusive Economic Zone", "eez_sovereign": "Guinea", "eez_foreign": null, "authorization": "unverifiable", "authorities": "", "iuu_listed": false, "iuu_label": "", "imo": "", "next_port": null, "evidence_hash": "30c0b350abfbc368072b3091d6e4550c4615e8af3b256f258d6ed5ad442c5f48", "evidence_schema": "seavigil-evidence-1.0", "why": "Sentinel-1 SAR detection, confidence 0.99 \u00b7 length 48 m (industrial scale) \u00b7 classified non-fishing vessel (p=0.43) \u00b7 heading about 0 deg at 0 kn \u00b7 near-stationary at acquisition (likely at anchor)", "why_full": "Sentinel-1 SAR detection, confidence 0.99 \u00b7 length 48 m (industrial scale) \u00b7 classified non-fishing vessel (p=0.43) \u00b7 heading about 0 deg at 0 kn \u00b7 near-stationary at acquisition (likely at anchor)", "baseline": "", "caveats": "A SAR detection is a radar blip: it has a position and a size, not an identity. | Length, heading and the fishing-vessel class are model estimates, not ground truth. | Dark means no AIS broadcast matched at the acquisition time; without an AIS feed the broadcasting status is unverified, not assumed. | An inspection lead, not proof of illegal activity.", "caveat": "A SAR detection is a radar blip: it has a position and a size, not an identity.", "innocent": "A radar contact with no AIS may be a vessel not required to broadcast, sea clutter, or fixed infrastructure; treat as a lead to confirm."}}, {"type": "Feature", "geometry": {"type": "Point", "coordinates": [-13.710062484741211, 9.428093550385489]}, "properties": {"id": "s1sar__20260703_0059", "kind": "dark_vessel_sar", "mpa": "Sentinel-1 SAR detection", "severity": "low", "severity_reason": "SAR-detected vessel (broadcasting unverified)", "when": "2026-07-03T06:42:05Z", "score": 0.24, "vessel": "(SAR detection -- no AIS identity)", "ship_name": "", "ship_type": "Vessel", "destination": "", "gear": "Sentinel-1 SAR (our detection)", "flag": "", "flag_emoji": "", "eez": "Guinean Exclusive Economic Zone", "eez_sovereign": "Guinea", "eez_foreign": null, "authorization": "unverifiable", "authorities": "", "iuu_listed": false, "iuu_label": "", "imo": "", "next_port": null, "evidence_hash": "313a6ae9eb88f6746ab4d86f2224f08421c385455385aa782527cc5ae194168a", "evidence_schema": "seavigil-evidence-1.0", "why": "Sentinel-1 SAR detection, confidence 0.99 \u00b7 length 48 m (industrial scale) \u00b7 classified non-fishing vessel (p=0.24) \u00b7 heading about 0 deg at 0 kn \u00b7 near-stationary at acquisition (likely at anchor)", "why_full": "Sentinel-1 SAR detection, confidence 0.99 \u00b7 length 48 m (industrial scale) \u00b7 classified non-fishing vessel (p=0.24) \u00b7 heading about 0 deg at 0 kn \u00b7 near-stationary at acquisition (likely at anchor)", "baseline": "", "caveats": "A SAR detection is a radar blip: it has a position and a size, not an identity. | Length, heading and the fishing-vessel class are model estimates, not ground truth. | Dark means no AIS broadcast matched at the acquisition time; without an AIS feed the broadcasting status is unverified, not assumed. | An inspection lead, not proof of illegal activity.", "caveat": "A SAR detection is a radar blip: it has a position and a size, not an identity.", "innocent": "A radar contact with no AIS may be a vessel not required to broadcast, sea clutter, or fixed infrastructure; treat as a lead to confirm."}}, {"type": "Feature", "geometry": {"type": "Point", "coordinates": [-13.714697341918946, 9.467971417412842]}, "properties": {"id": "s1sar__20260703_0060", "kind": "dark_vessel_sar", "mpa": "Sentinel-1 SAR detection", "severity": "low", "severity_reason": "SAR-detected vessel (broadcasting unverified)", "when": "2026-07-03T06:42:05Z", "score": 0.23, "vessel": "(SAR detection -- no AIS identity)", "ship_name": "", "ship_type": "Vessel", "destination": "", "gear": "Sentinel-1 SAR (our detection)", "flag": "", "flag_emoji": "", "eez": "Guinean Exclusive Economic Zone", "eez_sovereign": "Guinea", "eez_foreign": null, "authorization": "unverifiable", "authorities": "", "iuu_listed": false, "iuu_label": "", "imo": "", "next_port": null, "evidence_hash": "e08431cf0ed9eb939e8693fb3485c641e7f65b0bb40f4233229d8530100667ea", "evidence_schema": "seavigil-evidence-1.0", "why": "Sentinel-1 SAR detection, confidence 0.99 \u00b7 length 55 m (industrial scale) \u00b7 classified non-fishing vessel (p=0.23) \u00b7 heading about 90 deg at 0 kn \u00b7 near-stationary at acquisition (likely at anchor)", "why_full": "Sentinel-1 SAR detection, confidence 0.99 \u00b7 length 55 m (industrial scale) \u00b7 classified non-fishing vessel (p=0.23) \u00b7 heading about 90 deg at 0 kn \u00b7 near-stationary at acquisition (likely at anchor)", "baseline": "", "caveats": "A SAR detection is a radar blip: it has a position and a size, not an identity. | Length, heading and the fishing-vessel class are model estimates, not ground truth. | Dark means no AIS broadcast matched at the acquisition time; without an AIS feed the broadcasting status is unverified, not assumed. | An inspection lead, not proof of illegal activity.", "caveat": "A SAR detection is a radar blip: it has a position and a size, not an identity.", "innocent": "A radar contact with no AIS may be a vessel not required to broadcast, sea clutter, or fixed infrastructure; treat as a lead to confirm."}}, {"type": "Feature", "geometry": {"type": "Point", "coordinates": [-13.729202728271485, 9.468056078880332]}, "properties": {"id": "s1sar__20260703_0061", "kind": "dark_vessel_sar", "mpa": "Sentinel-1 SAR detection", "severity": "low", "severity_reason": "SAR-detected vessel (broadcasting unverified)", "when": "2026-07-03T06:42:05Z", "score": 0.88, "vessel": "(SAR detection -- no AIS identity)", "ship_name": "", "ship_type": "Fishing vessel", "destination": "", "gear": "Sentinel-1 SAR (our detection)", "flag": "", "flag_emoji": "", "eez": "Guinean Exclusive Economic Zone", "eez_sovereign": "Guinea", "eez_foreign": null, "authorization": "unverifiable", "authorities": "", "iuu_listed": false, "iuu_label": "", "imo": "", "next_port": null, "evidence_hash": "c30c8fdcda84673fe369f09d3ac5244e6efa838e4a78c5a5778c98883ec44562", "evidence_schema": "seavigil-evidence-1.0", "why": "Sentinel-1 SAR detection, confidence 0.99 \u00b7 length 45 m (industrial scale) \u00b7 classified fishing vessel (p=0.88) \u00b7 heading about 90 deg at 0 kn \u00b7 near-stationary at acquisition (likely at anchor)", "why_full": "Sentinel-1 SAR detection, confidence 0.99 \u00b7 length 45 m (industrial scale) \u00b7 classified fishing vessel (p=0.88) \u00b7 heading about 90 deg at 0 kn \u00b7 near-stationary at acquisition (likely at anchor)", "baseline": "", "caveats": "A SAR detection is a radar blip: it has a position and a size, not an identity. | Length, heading and the fishing-vessel class are model estimates, not ground truth. | Dark means no AIS broadcast matched at the acquisition time; without an AIS feed the broadcasting status is unverified, not assumed. | An inspection lead, not proof of illegal activity.", "caveat": "A SAR detection is a radar blip: it has a position and a size, not an identity.", "innocent": "A radar contact with no AIS may be a vessel not required to broadcast, sea clutter, or fixed infrastructure; treat as a lead to confirm."}}, {"type": "Feature", "geometry": {"type": "Point", "coordinates": [-13.732206802368164, 9.459081847262071]}, "properties": {"id": "s1sar__20260703_0062", "kind": "dark_vessel_sar", "mpa": "Sentinel-1 SAR detection", "severity": "low", "severity_reason": "SAR-detected vessel (broadcasting unverified)", "when": "2026-07-03T06:42:05Z", "score": 0.83, "vessel": "(SAR detection -- no AIS identity)", "ship_name": "", "ship_type": "Fishing vessel", "destination": "", "gear": "Sentinel-1 SAR (our detection)", "flag": "", "flag_emoji": "", "eez": "Guinean Exclusive Economic Zone", "eez_sovereign": "Guinea", "eez_foreign": null, "authorization": "unverifiable", "authorities": "", "iuu_listed": false, "iuu_label": "", "imo": "", "next_port": null, "evidence_hash": "5c50816e1f8289b90d1834a3651dcca132bebcd8a15682cb44ff0befae32300a", "evidence_schema": "seavigil-evidence-1.0", "why": "Sentinel-1 SAR detection, confidence 0.99 \u00b7 length 49 m (industrial scale) \u00b7 classified fishing vessel (p=0.83) \u00b7 heading about 0 deg at 0 kn \u00b7 near-stationary at acquisition (likely at anchor)", "why_full": "Sentinel-1 SAR detection, confidence 0.99 \u00b7 length 49 m (industrial scale) \u00b7 classified fishing vessel (p=0.83) \u00b7 heading about 0 deg at 0 kn \u00b7 near-stationary at acquisition (likely at anchor)", "baseline": "", "caveats": "A SAR detection is a radar blip: it has a position and a size, not an identity. | Length, heading and the fishing-vessel class are model estimates, not ground truth. | Dark means no AIS broadcast matched at the acquisition time; without an AIS feed the broadcasting status is unverified, not assumed. | An inspection lead, not proof of illegal activity.", "caveat": "A SAR detection is a radar blip: it has a position and a size, not an identity.", "innocent": "A radar contact with no AIS may be a vessel not required to broadcast, sea clutter, or fixed infrastructure; treat as a lead to confirm."}}, {"type": "Feature", "geometry": {"type": "Point", "coordinates": [-13.731863479614258, 9.466701492897064]}, "properties": {"id": "s1sar__20260703_0063", "kind": "dark_vessel_sar", "mpa": "Sentinel-1 SAR detection", "severity": "low", "severity_reason": "SAR-detected vessel (broadcasting unverified)", "when": "2026-07-03T06:42:05Z", "score": 0.92, "vessel": "(SAR detection -- no AIS identity)", "ship_name": "", "ship_type": "Fishing vessel", "destination": "", "gear": "Sentinel-1 SAR (our detection)", "flag": "", "flag_emoji": "", "eez": "Guinean Exclusive Economic Zone", "eez_sovereign": "Guinea", "eez_foreign": null, "authorization": "unverifiable", "authorities": "", "iuu_listed": false, "iuu_label": "", "imo": "", "next_port": null, "evidence_hash": "03a6aebe9547ade4bdf386279300ee97ee8345b6d7a632c6cd11d4f9045ef3f4", "evidence_schema": "seavigil-evidence-1.0", "why": "Sentinel-1 SAR detection, confidence 0.99 \u00b7 length 50 m (industrial scale) \u00b7 classified fishing vessel (p=0.92) \u00b7 heading about 248 deg at 0 kn \u00b7 near-stationary at acquisition (likely at anchor)", "why_full": "Sentinel-1 SAR detection, confidence 0.99 \u00b7 length 50 m (industrial scale) \u00b7 classified fishing vessel (p=0.92) \u00b7 heading about 248 deg at 0 kn \u00b7 near-stationary at acquisition (likely at anchor)", "baseline": "", "caveats": "A SAR detection is a radar blip: it has a position and a size, not an identity. | Length, heading and the fishing-vessel class are model estimates, not ground truth. | Dark means no AIS broadcast matched at the acquisition time; without an AIS feed the broadcasting status is unverified, not assumed. | An inspection lead, not proof of illegal activity.", "caveat": "A SAR detection is a radar blip: it has a position and a size, not an identity.", "innocent": "A radar contact with no AIS may be a vessel not required to broadcast, sea clutter, or fixed infrastructure; treat as a lead to confirm."}}, {"type": "Feature", "geometry": {"type": "Point", "coordinates": [-13.720533828735352, 9.475336887019283]}, "properties": {"id": "s1sar__20260703_0064", "kind": "dark_vessel_sar", "mpa": "Sentinel-1 SAR detection", "severity": "low", "severity_reason": "SAR-detected vessel (broadcasting unverified)", "when": "2026-07-03T06:42:05Z", "score": 0.8, "vessel": "(SAR detection -- no AIS identity)", "ship_name": "", "ship_type": "Fishing vessel", "destination": "", "gear": "Sentinel-1 SAR (our detection)", "flag": "", "flag_emoji": "", "eez": "Guinean Exclusive Economic Zone", "eez_sovereign": "Guinea", "eez_foreign": null, "authorization": "unverifiable", "authorities": "", "iuu_listed": false, "iuu_label": "", "imo": "", "next_port": null, "evidence_hash": "1aa2d7ef1b1e15eba39d194a71a43dd4e58e888388550309a7449b5ea602fad6", "evidence_schema": "seavigil-evidence-1.0", "why": "Sentinel-1 SAR detection, confidence 0.99 \u00b7 length 43 m (industrial scale) \u00b7 classified fishing vessel (p=0.80) \u00b7 heading about 0 deg at 0 kn \u00b7 near-stationary at acquisition (likely at anchor)", "why_full": "Sentinel-1 SAR detection, confidence 0.99 \u00b7 length 43 m (industrial scale) \u00b7 classified fishing vessel (p=0.80) \u00b7 heading about 0 deg at 0 kn \u00b7 near-stationary at acquisition (likely at anchor)", "baseline": "", "caveats": "A SAR detection is a radar blip: it has a position and a size, not an identity. | Length, heading and the fishing-vessel class are model estimates, not ground truth. | Dark means no AIS broadcast matched at the acquisition time; without an AIS feed the broadcasting status is unverified, not assumed. | An inspection lead, not proof of illegal activity.", "caveat": "A SAR detection is a radar blip: it has a position and a size, not an identity.", "innocent": "A radar contact with no AIS may be a vessel not required to broadcast, sea clutter, or fixed infrastructure; treat as a lead to confirm."}}, {"type": "Feature", "geometry": {"type": "Point", "coordinates": [-13.697359542846678, 9.471019217097975]}, "properties": {"id": "s1sar__20260703_0065", "kind": "dark_vessel_sar", "mpa": "Sentinel-1 SAR detection", "severity": "medium", "severity_reason": "fishing-type vessel underway (broadcasting unverified)", "when": "2026-07-03T06:42:05Z", "score": 0.93, "vessel": "(SAR detection -- no AIS identity)", "ship_name": "", "ship_type": "Fishing vessel", "destination": "", "gear": "Sentinel-1 SAR (our detection)", "flag": "", "flag_emoji": "", "eez": "Guinean Exclusive Economic Zone", "eez_sovereign": "Guinea", "eez_foreign": null, "authorization": "unverifiable", "authorities": "", "iuu_listed": false, "iuu_label": "", "imo": "", "next_port": null, "evidence_hash": "3687f18fc48412d0487da58a259411fa8f7415f7926cc81c431dda809d07ce2a", "evidence_schema": "seavigil-evidence-1.0", "why": "Sentinel-1 SAR detection, confidence 0.98 \u00b7 length 30 m (industrial scale) \u00b7 classified fishing vessel (p=0.93) \u00b7 heading about 0 deg at 1 kn", "why_full": "Sentinel-1 SAR detection, confidence 0.98 \u00b7 length 30 m (industrial scale) \u00b7 classified fishing vessel (p=0.93) \u00b7 heading about 0 deg at 1 kn", "baseline": "", "caveats": "A SAR detection is a radar blip: it has a position and a size, not an identity. | Length, heading and the fishing-vessel class are model estimates, not ground truth. | Dark means no AIS broadcast matched at the acquisition time; without an AIS feed the broadcasting status is unverified, not assumed. | An inspection lead, not proof of illegal activity.", "caveat": "A SAR detection is a radar blip: it has a position and a size, not an identity.", "innocent": "A radar contact with no AIS may be a vessel not required to broadcast, sea clutter, or fixed infrastructure; treat as a lead to confirm."}}, {"type": "Feature", "geometry": {"type": "Point", "coordinates": [-13.729803543090824, 9.464500279285236]}, "properties": {"id": "s1sar__20260703_0066", "kind": "dark_vessel_sar", "mpa": "Sentinel-1 SAR detection", "severity": "low", "severity_reason": "SAR-detected vessel (broadcasting unverified)", "when": "2026-07-03T06:42:05Z", "score": 0.81, "vessel": "(SAR detection -- no AIS identity)", "ship_name": "", "ship_type": "Fishing vessel", "destination": "", "gear": "Sentinel-1 SAR (our detection)", "flag": "", "flag_emoji": "", "eez": "Guinean Exclusive Economic Zone", "eez_sovereign": "Guinea", "eez_foreign": null, "authorization": "unverifiable", "authorities": "", "iuu_listed": false, "iuu_label": "", "imo": "", "next_port": null, "evidence_hash": "a672656e1f09141fa417358c67190c620ea4ccd871eebafc8c5b903b0397c1b0", "evidence_schema": "seavigil-evidence-1.0", "why": "Sentinel-1 SAR detection, confidence 0.98 \u00b7 length 55 m (industrial scale) \u00b7 classified fishing vessel (p=0.81) \u00b7 heading about 135 deg at 0 kn \u00b7 near-stationary at acquisition (likely at anchor)", "why_full": "Sentinel-1 SAR detection, confidence 0.98 \u00b7 length 55 m (industrial scale) \u00b7 classified fishing vessel (p=0.81) \u00b7 heading about 135 deg at 0 kn \u00b7 near-stationary at acquisition (likely at anchor)", "baseline": "", "caveats": "A SAR detection is a radar blip: it has a position and a size, not an identity. | Length, heading and the fishing-vessel class are model estimates, not ground truth. | Dark means no AIS broadcast matched at the acquisition time; without an AIS feed the broadcasting status is unverified, not assumed. | An inspection lead, not proof of illegal activity.", "caveat": "A SAR detection is a radar blip: it has a position and a size, not an identity.", "innocent": "A radar contact with no AIS may be a vessel not required to broadcast, sea clutter, or fixed infrastructure; treat as a lead to confirm."}}, {"type": "Feature", "geometry": {"type": "Point", "coordinates": [-13.717958908081055, 9.469918625886676]}, "properties": {"id": "s1sar__20260703_0067", "kind": "dark_vessel_sar", "mpa": "Sentinel-1 SAR detection", "severity": "low", "severity_reason": "SAR-detected vessel (broadcasting unverified)", "when": "2026-07-03T06:42:05Z", "score": 0.23, "vessel": "(SAR detection -- no AIS identity)", "ship_name": "", "ship_type": "Vessel", "destination": "", "gear": "Sentinel-1 SAR (our detection)", "flag": "", "flag_emoji": "", "eez": "Guinean Exclusive Economic Zone", "eez_sovereign": "Guinea", "eez_foreign": null, "authorization": "unverifiable", "authorities": "", "iuu_listed": false, "iuu_label": "", "imo": "", "next_port": null, "evidence_hash": "7620b030a6d9efd78a94cc3f6e133136ce4287e1072d229a435000e82413b032", "evidence_schema": "seavigil-evidence-1.0", "why": "Sentinel-1 SAR detection, confidence 0.98 \u00b7 length 49 m (industrial scale) \u00b7 classified non-fishing vessel (p=0.23) \u00b7 heading about 90 deg at 0 kn \u00b7 near-stationary at acquisition (likely at anchor)", "why_full": "Sentinel-1 SAR detection, confidence 0.98 \u00b7 length 49 m (industrial scale) \u00b7 classified non-fishing vessel (p=0.23) \u00b7 heading about 90 deg at 0 kn \u00b7 near-stationary at acquisition (likely at anchor)", "baseline": "", "caveats": "A SAR detection is a radar blip: it has a position and a size, not an identity. | Length, heading and the fishing-vessel class are model estimates, not ground truth. | Dark means no AIS broadcast matched at the acquisition time; without an AIS feed the broadcasting status is unverified, not assumed. | An inspection lead, not proof of illegal activity.", "caveat": "A SAR detection is a radar blip: it has a position and a size, not an identity.", "innocent": "A radar contact with no AIS may be a vessel not required to broadcast, sea clutter, or fixed infrastructure; treat as a lead to confirm."}}, {"type": "Feature", "geometry": {"type": "Point", "coordinates": [-13.722422103881836, 9.474320969569415]}, "properties": {"id": "s1sar__20260703_0068", "kind": "dark_vessel_sar", "mpa": "Sentinel-1 SAR detection", "severity": "low", "severity_reason": "SAR-detected vessel (broadcasting unverified)", "when": "2026-07-03T06:42:05Z", "score": 0.54, "vessel": "(SAR detection -- no AIS identity)", "ship_name": "", "ship_type": "Fishing vessel", "destination": "", "gear": "Sentinel-1 SAR (our detection)", "flag": "", "flag_emoji": "", "eez": "Guinean Exclusive Economic Zone", "eez_sovereign": "Guinea", "eez_foreign": null, "authorization": "unverifiable", "authorities": "", "iuu_listed": false, "iuu_label": "", "imo": "", "next_port": null, "evidence_hash": "2839f652910d95b033c51dd17decbd87d89788dec38679d543f89b363b0349f1", "evidence_schema": "seavigil-evidence-1.0", "why": "Sentinel-1 SAR detection, confidence 0.98 \u00b7 length 45 m (industrial scale) \u00b7 classified fishing vessel (p=0.54) \u00b7 heading about 0 deg at 0 kn \u00b7 near-stationary at acquisition (likely at anchor)", "why_full": "Sentinel-1 SAR detection, confidence 0.98 \u00b7 length 45 m (industrial scale) \u00b7 classified fishing vessel (p=0.54) \u00b7 heading about 0 deg at 0 kn \u00b7 near-stationary at acquisition (likely at anchor)", "baseline": "", "caveats": "A SAR detection is a radar blip: it has a position and a size, not an identity. | Length, heading and the fishing-vessel class are model estimates, not ground truth. | Dark means no AIS broadcast matched at the acquisition time; without an AIS feed the broadcasting status is unverified, not assumed. | An inspection lead, not proof of illegal activity.", "caveat": "A SAR detection is a radar blip: it has a position and a size, not an identity.", "innocent": "A radar contact with no AIS may be a vessel not required to broadcast, sea clutter, or fixed infrastructure; treat as a lead to confirm."}}, {"type": "Feature", "geometry": {"type": "Point", "coordinates": [-13.718473892211913, 9.47516756765308]}, "properties": {"id": "s1sar__20260703_0069", "kind": "dark_vessel_sar", "mpa": "Sentinel-1 SAR detection", "severity": "low", "severity_reason": "SAR-detected vessel (broadcasting unverified)", "when": "2026-07-03T06:42:05Z", "score": 0.87, "vessel": "(SAR detection -- no AIS identity)", "ship_name": "", "ship_type": "Fishing vessel", "destination": "", "gear": "Sentinel-1 SAR (our detection)", "flag": "", "flag_emoji": "", "eez": "Guinean Exclusive Economic Zone", "eez_sovereign": "Guinea", "eez_foreign": null, "authorization": "unverifiable", "authorities": "", "iuu_listed": false, "iuu_label": "", "imo": "", "next_port": null, "evidence_hash": "bdfe506d6d74426fd4ed4532e3b8dce55d640344e5ade80d5811807902f1c063", "evidence_schema": "seavigil-evidence-1.0", "why": "Sentinel-1 SAR detection, confidence 0.98 \u00b7 length 37 m (industrial scale) \u00b7 classified fishing vessel (p=0.87) \u00b7 heading about 0 deg at 0 kn \u00b7 near-stationary at acquisition (likely at anchor)", "why_full": "Sentinel-1 SAR detection, confidence 0.98 \u00b7 length 37 m (industrial scale) \u00b7 classified fishing vessel (p=0.87) \u00b7 heading about 0 deg at 0 kn \u00b7 near-stationary at acquisition (likely at anchor)", "baseline": "", "caveats": "A SAR detection is a radar blip: it has a position and a size, not an identity. | Length, heading and the fishing-vessel class are model estimates, not ground truth. | Dark means no AIS broadcast matched at the acquisition time; without an AIS feed the broadcasting status is unverified, not assumed. | An inspection lead, not proof of illegal activity.", "caveat": "A SAR detection is a radar blip: it has a position and a size, not an identity.", "innocent": "A radar contact with no AIS may be a vessel not required to broadcast, sea clutter, or fixed infrastructure; treat as a lead to confirm."}}, {"type": "Feature", "geometry": {"type": "Point", "coordinates": [-13.715727310180664, 9.471950483829817]}, "properties": {"id": "s1sar__20260703_0070", "kind": "dark_vessel_sar", "mpa": "Sentinel-1 SAR detection", "severity": "low", "severity_reason": "SAR-detected vessel (broadcasting unverified)", "when": "2026-07-03T06:42:05Z", "score": 0.35, "vessel": "(SAR detection -- no AIS identity)", "ship_name": "", "ship_type": "Vessel", "destination": "", "gear": "Sentinel-1 SAR (our detection)", "flag": "", "flag_emoji": "", "eez": "Guinean Exclusive Economic Zone", "eez_sovereign": "Guinea", "eez_foreign": null, "authorization": "unverifiable", "authorities": "", "iuu_listed": false, "iuu_label": "", "imo": "", "next_port": null, "evidence_hash": "525a6dbe19484b156c499d2ddd12f3baa7b7b76fdf6d8f9db0d17eb02b5d3da2", "evidence_schema": "seavigil-evidence-1.0", "why": "Sentinel-1 SAR detection, confidence 0.98 \u00b7 length 47 m (industrial scale) \u00b7 classified non-fishing vessel (p=0.35) \u00b7 heading about 90 deg at 0 kn \u00b7 near-stationary at acquisition (likely at anchor)", "why_full": "Sentinel-1 SAR detection, confidence 0.98 \u00b7 length 47 m (industrial scale) \u00b7 classified non-fishing vessel (p=0.35) \u00b7 heading about 90 deg at 0 kn \u00b7 near-stationary at acquisition (likely at anchor)", "baseline": "", "caveats": "A SAR detection is a radar blip: it has a position and a size, not an identity. | Length, heading and the fishing-vessel class are model estimates, not ground truth. | Dark means no AIS broadcast matched at the acquisition time; without an AIS feed the broadcasting status is unverified, not assumed. | An inspection lead, not proof of illegal activity.", "caveat": "A SAR detection is a radar blip: it has a position and a size, not an identity.", "innocent": "A radar contact with no AIS may be a vessel not required to broadcast, sea clutter, or fixed infrastructure; treat as a lead to confirm."}}, {"type": "Feature", "geometry": {"type": "Point", "coordinates": [-13.731091003417967, 9.47516756765308]}, "properties": {"id": "s1sar__20260703_0071", "kind": "dark_vessel_sar", "mpa": "Sentinel-1 SAR detection", "severity": "low", "severity_reason": "SAR-detected vessel (broadcasting unverified)", "when": "2026-07-03T06:42:05Z", "score": 0.9, "vessel": "(SAR detection -- no AIS identity)", "ship_name": "", "ship_type": "Fishing vessel", "destination": "", "gear": "Sentinel-1 SAR (our detection)", "flag": "", "flag_emoji": "", "eez": "Guinean Exclusive Economic Zone", "eez_sovereign": "Guinea", "eez_foreign": null, "authorization": "unverifiable", "authorities": "", "iuu_listed": false, "iuu_label": "", "imo": "", "next_port": null, "evidence_hash": "5af7b0403227a2aee002614b7bd628822d4c7e7fba7776620d4e6cb6f9312182", "evidence_schema": "seavigil-evidence-1.0", "why": "Sentinel-1 SAR detection, confidence 0.94 \u00b7 length 48 m (industrial scale) \u00b7 classified fishing vessel (p=0.90) \u00b7 heading about 248 deg at 0 kn \u00b7 near-stationary at acquisition (likely at anchor)", "why_full": "Sentinel-1 SAR detection, confidence 0.94 \u00b7 length 48 m (industrial scale) \u00b7 classified fishing vessel (p=0.90) \u00b7 heading about 248 deg at 0 kn \u00b7 near-stationary at acquisition (likely at anchor)", "baseline": "", "caveats": "A SAR detection is a radar blip: it has a position and a size, not an identity. | Length, heading and the fishing-vessel class are model estimates, not ground truth. | Dark means no AIS broadcast matched at the acquisition time; without an AIS feed the broadcasting status is unverified, not assumed. | An inspection lead, not proof of illegal activity.", "caveat": "A SAR detection is a radar blip: it has a position and a size, not an identity.", "innocent": "A radar contact with no AIS may be a vessel not required to broadcast, sea clutter, or fixed infrastructure; treat as a lead to confirm."}}, {"type": "Feature", "geometry": {"type": "Point", "coordinates": [-13.729717712402346, 9.472543106798868]}, "properties": {"id": "s1sar__20260703_0072", "kind": "dark_vessel_sar", "mpa": "Sentinel-1 SAR detection", "severity": "low", "severity_reason": "SAR-detected vessel (broadcasting unverified)", "when": "2026-07-03T06:42:05Z", "score": 0.73, "vessel": "(SAR detection -- no AIS identity)", "ship_name": "", "ship_type": "Fishing vessel", "destination": "", "gear": "Sentinel-1 SAR (our detection)", "flag": "", "flag_emoji": "", "eez": "Guinean Exclusive Economic Zone", "eez_sovereign": "Guinea", "eez_foreign": null, "authorization": "unverifiable", "authorities": "", "iuu_listed": false, "iuu_label": "", "imo": "", "next_port": null, "evidence_hash": "1c3849ce98c8427243e8851e54016806b89fdd76ac2dac1b35d495d1b60f46f0", "evidence_schema": "seavigil-evidence-1.0", "why": "Sentinel-1 SAR detection, confidence 0.92 \u00b7 length 48 m (industrial scale) \u00b7 classified fishing vessel (p=0.73) \u00b7 heading about 135 deg at 0 kn \u00b7 near-stationary at acquisition (likely at anchor)", "why_full": "Sentinel-1 SAR detection, confidence 0.92 \u00b7 length 48 m (industrial scale) \u00b7 classified fishing vessel (p=0.73) \u00b7 heading about 135 deg at 0 kn \u00b7 near-stationary at acquisition (likely at anchor)", "baseline": "", "caveats": "A SAR detection is a radar blip: it has a position and a size, not an identity. | Length, heading and the fishing-vessel class are model estimates, not ground truth. | Dark means no AIS broadcast matched at the acquisition time; without an AIS feed the broadcasting status is unverified, not assumed. | An inspection lead, not proof of illegal activity.", "caveat": "A SAR detection is a radar blip: it has a position and a size, not an identity.", "innocent": "A radar contact with no AIS may be a vessel not required to broadcast, sea clutter, or fixed infrastructure; treat as a lead to confirm."}}, {"type": "Feature", "geometry": {"type": "Point", "coordinates": [-13.72559783935547, 9.457811889905171]}, "properties": {"id": "s1sar__20260703_0073", "kind": "dark_vessel_sar", "mpa": "Sentinel-1 SAR detection", "severity": "medium", "severity_reason": "fishing-type vessel underway (broadcasting unverified)", "when": "2026-07-03T06:42:05Z", "score": 0.98, "vessel": "(SAR detection -- no AIS identity)", "ship_name": "", "ship_type": "Fishing vessel", "destination": "", "gear": "Sentinel-1 SAR (our detection)", "flag": "", "flag_emoji": "", "eez": "Guinean Exclusive Economic Zone", "eez_sovereign": "Guinea", "eez_foreign": null, "authorization": "unverifiable", "authorities": "", "iuu_listed": false, "iuu_label": "", "imo": "", "next_port": null, "evidence_hash": "4dd7cf69398ac1df45ca5472d162aaabd5b0db4fa2791c06160379d09c481114", "evidence_schema": "seavigil-evidence-1.0", "why": "Sentinel-1 SAR detection, confidence 0.78 \u00b7 length 27 m (industrial scale) \u00b7 classified fishing vessel (p=0.98) \u00b7 heading about 338 deg at 2 kn", "why_full": "Sentinel-1 SAR detection, confidence 0.78 \u00b7 length 27 m (industrial scale) \u00b7 classified fishing vessel (p=0.98) \u00b7 heading about 338 deg at 2 kn", "baseline": "", "caveats": "A SAR detection is a radar blip: it has a position and a size, not an identity. | Length, heading and the fishing-vessel class are model estimates, not ground truth. | Dark means no AIS broadcast matched at the acquisition time; without an AIS feed the broadcasting status is unverified, not assumed. | An inspection lead, not proof of illegal activity.", "caveat": "A SAR detection is a radar blip: it has a position and a size, not an identity.", "innocent": "A radar contact with no AIS may be a vessel not required to broadcast, sea clutter, or fixed infrastructure; treat as a lead to confirm."}}, {"type": "Feature", "geometry": {"type": "Point", "coordinates": [-13.935282211303711, 9.32732006121104]}, "properties": {"id": "s1sar__20260703_0075", "kind": "dark_vessel_sar", "mpa": "Sentinel-1 SAR detection", "severity": "low", "severity_reason": "SAR-detected vessel (broadcasting unverified)", "when": "2026-07-03T06:42:05Z", "score": 0.0, "vessel": "(SAR detection -- no AIS identity)", "ship_name": "", "ship_type": "Vessel", "destination": "", "gear": "Sentinel-1 SAR (our detection)", "flag": "", "flag_emoji": "", "eez": "Guinean Exclusive Economic Zone", "eez_sovereign": "Guinea", "eez_foreign": null, "authorization": "unverifiable", "authorities": "", "iuu_listed": false, "iuu_label": "", "imo": "", "next_port": null, "evidence_hash": "167508a5a11e7357a24b7d8c7a7210d918b9d35800a02c74788ad09b49df79ca", "evidence_schema": "seavigil-evidence-1.0", "why": "Sentinel-1 SAR detection, confidence 0.99 \u00b7 length 104 m (industrial scale) \u00b7 classified non-fishing vessel (p=0.00) \u00b7 heading about 68 deg at 0 kn \u00b7 near-stationary at acquisition (likely at anchor)", "why_full": "Sentinel-1 SAR detection, confidence 0.99 \u00b7 length 104 m (industrial scale) \u00b7 classified non-fishing vessel (p=0.00) \u00b7 heading about 68 deg at 0 kn \u00b7 near-stationary at acquisition (likely at anchor)", "baseline": "", "caveats": "A SAR detection is a radar blip: it has a position and a size, not an identity. | Length, heading and the fishing-vessel class are model estimates, not ground truth. | Dark means no AIS broadcast matched at the acquisition time; without an AIS feed the broadcasting status is unverified, not assumed. | An inspection lead, not proof of illegal activity.", "caveat": "A SAR detection is a radar blip: it has a position and a size, not an identity.", "innocent": "A radar contact with no AIS may be a vessel not required to broadcast, sea clutter, or fixed infrastructure; treat as a lead to confirm."}}, {"type": "Feature", "geometry": {"type": "Point", "coordinates": [-13.732550125122073, 9.281242463442396]}, "properties": {"id": "s1sar__20260703_0076", "kind": "dark_vessel_sar", "mpa": "Sentinel-1 SAR detection", "severity": "low", "severity_reason": "SAR-detected vessel (broadcasting unverified)", "when": "2026-07-03T06:42:05Z", "score": 0.13, "vessel": "(SAR detection -- no AIS identity)", "ship_name": "", "ship_type": "Vessel", "destination": "", "gear": "Sentinel-1 SAR (our detection)", "flag": "", "flag_emoji": "", "eez": "Guinean Exclusive Economic Zone", "eez_sovereign": "Guinea", "eez_foreign": null, "authorization": "unverifiable", "authorities": "", "iuu_listed": false, "iuu_label": "", "imo": "", "next_port": null, "evidence_hash": "2253172e06f40ff7f9fd4501383c9d8555422ae159e80e265d186be4d1e2412d", "evidence_schema": "seavigil-evidence-1.0", "why": "Sentinel-1 SAR detection, confidence 0.99 \u00b7 length 61 m (industrial scale) \u00b7 classified non-fishing vessel (p=0.13) \u00b7 heading about 248 deg at 2 kn", "why_full": "Sentinel-1 SAR detection, confidence 0.99 \u00b7 length 61 m (industrial scale) \u00b7 classified non-fishing vessel (p=0.13) \u00b7 heading about 248 deg at 2 kn", "baseline": "", "caveats": "A SAR detection is a radar blip: it has a position and a size, not an identity. | Length, heading and the fishing-vessel class are model estimates, not ground truth. | Dark means no AIS broadcast matched at the acquisition time; without an AIS feed the broadcasting status is unverified, not assumed. | An inspection lead, not proof of illegal activity.", "caveat": "A SAR detection is a radar blip: it has a position and a size, not an identity.", "innocent": "A radar contact with no AIS may be a vessel not required to broadcast, sea clutter, or fixed infrastructure; treat as a lead to confirm."}}, {"type": "Feature", "geometry": {"type": "Point", "coordinates": [-13.83417366027832, 9.28115775639018]}, "properties": {"id": "s1sar__20260703_0077", "kind": "dark_vessel_sar", "mpa": "Sentinel-1 SAR detection", "severity": "low", "severity_reason": "SAR-detected vessel (broadcasting unverified)", "when": "2026-07-03T06:42:05Z", "score": 0.0, "vessel": "(SAR detection -- no AIS identity)", "ship_name": "", "ship_type": "Vessel", "destination": "", "gear": "Sentinel-1 SAR (our detection)", "flag": "", "flag_emoji": "", "eez": "Guinean Exclusive Economic Zone", "eez_sovereign": "Guinea", "eez_foreign": null, "authorization": "unverifiable", "authorities": "", "iuu_listed": false, "iuu_label": "", "imo": "", "next_port": null, "evidence_hash": "69b2907fe6adb70bdd53ab867b09888a79a3d063f0cdd44d4a9507a3eaab83aa", "evidence_schema": "seavigil-evidence-1.0", "why": "Sentinel-1 SAR detection, confidence 0.99 \u00b7 length 128 m (industrial scale) \u00b7 classified non-fishing vessel (p=0.00) \u00b7 heading about 225 deg at 1 kn \u00b7 near-stationary at acquisition (likely at anchor)", "why_full": "Sentinel-1 SAR detection, confidence 0.99 \u00b7 length 128 m (industrial scale) \u00b7 classified non-fishing vessel (p=0.00) \u00b7 heading about 225 deg at 1 kn \u00b7 near-stationary at acquisition (likely at anchor)", "baseline": "", "caveats": "A SAR detection is a radar blip: it has a position and a size, not an identity. | Length, heading and the fishing-vessel class are model estimates, not ground truth. | Dark means no AIS broadcast matched at the acquisition time; without an AIS feed the broadcasting status is unverified, not assumed. | An inspection lead, not proof of illegal activity.", "caveat": "A SAR detection is a radar blip: it has a position and a size, not an identity.", "innocent": "A radar contact with no AIS may be a vessel not required to broadcast, sea clutter, or fixed infrastructure; treat as a lead to confirm."}}, {"type": "Feature", "geometry": {"type": "Point", "coordinates": [-13.78851173400879, 9.26260641926107]}, "properties": {"id": "s1sar__20260703_0078", "kind": "dark_vessel_sar", "mpa": "Sentinel-1 SAR detection", "severity": "low", "severity_reason": "SAR-detected vessel (broadcasting unverified)", "when": "2026-07-03T06:42:05Z", "score": 0.0, "vessel": "(SAR detection -- no AIS identity)", "ship_name": "", "ship_type": "Vessel", "destination": "", "gear": "Sentinel-1 SAR (our detection)", "flag": "", "flag_emoji": "", "eez": "Guinean Exclusive Economic Zone", "eez_sovereign": "Guinea", "eez_foreign": null, "authorization": "unverifiable", "authorities": "", "iuu_listed": false, "iuu_label": "", "imo": "", "next_port": null, "evidence_hash": "17c802bb0e6ed275e6a5a30035e84adb1a3b729f2e3d337348580d42a93e5037", "evidence_schema": "seavigil-evidence-1.0", "why": "Sentinel-1 SAR detection, confidence 0.99 \u00b7 length 155 m (industrial scale) \u00b7 classified non-fishing vessel (p=0.00) \u00b7 heading about 225 deg at 0 kn \u00b7 near-stationary at acquisition (likely at anchor)", "why_full": "Sentinel-1 SAR detection, confidence 0.99 \u00b7 length 155 m (industrial scale) \u00b7 classified non-fishing vessel (p=0.00) \u00b7 heading about 225 deg at 0 kn \u00b7 near-stationary at acquisition (likely at anchor)", "baseline": "", "caveats": "A SAR detection is a radar blip: it has a position and a size, not an identity. | Length, heading and the fishing-vessel class are model estimates, not ground truth. | Dark means no AIS broadcast matched at the acquisition time; without an AIS feed the broadcasting status is unverified, not assumed. | An inspection lead, not proof of illegal activity.", "caveat": "A SAR detection is a radar blip: it has a position and a size, not an identity.", "innocent": "A radar contact with no AIS may be a vessel not required to broadcast, sea clutter, or fixed infrastructure; treat as a lead to confirm."}}, {"type": "Feature", "geometry": {"type": "Point", "coordinates": [-13.730661849975586, 9.33502730131679]}, "properties": {"id": "s1sar__20260703_0079", "kind": "dark_vessel_sar", "mpa": "Sentinel-1 SAR detection", "severity": "low", "severity_reason": "SAR-detected vessel (broadcasting unverified)", "when": "2026-07-03T06:42:05Z", "score": 0.0, "vessel": "(SAR detection -- no AIS identity)", "ship_name": "", "ship_type": "Vessel", "destination": "", "gear": "Sentinel-1 SAR (our detection)", "flag": "", "flag_emoji": "", "eez": "Guinean Exclusive Economic Zone", "eez_sovereign": "Guinea", "eez_foreign": null, "authorization": "unverifiable", "authorities": "", "iuu_listed": false, "iuu_label": "", "imo": "", "next_port": null, "evidence_hash": "825ae5dd7192b9ba59fa1e7c63f86060ab3c939f97251a5838e5c5309d4556c1", "evidence_schema": "seavigil-evidence-1.0", "why": "Sentinel-1 SAR detection, confidence 0.99 \u00b7 length 159 m (industrial scale) \u00b7 classified non-fishing vessel (p=0.00) \u00b7 heading about 225 deg at 0 kn \u00b7 near-stationary at acquisition (likely at anchor)", "why_full": "Sentinel-1 SAR detection, confidence 0.99 \u00b7 length 159 m (industrial scale) \u00b7 classified non-fishing vessel (p=0.00) \u00b7 heading about 225 deg at 0 kn \u00b7 near-stationary at acquisition (likely at anchor)", "baseline": "", "caveats": "A SAR detection is a radar blip: it has a position and a size, not an identity. | Length, heading and the fishing-vessel class are model estimates, not ground truth. | Dark means no AIS broadcast matched at the acquisition time; without an AIS feed the broadcasting status is unverified, not assumed. | An inspection lead, not proof of illegal activity.", "caveat": "A SAR detection is a radar blip: it has a position and a size, not an identity.", "innocent": "A radar contact with no AIS may be a vessel not required to broadcast, sea clutter, or fixed infrastructure; treat as a lead to confirm."}}, {"type": "Feature", "geometry": {"type": "Point", "coordinates": [-13.668520431518555, 9.302842093266392]}, "properties": {"id": "s1sar__20260703_0080", "kind": "dark_vessel_sar", "mpa": "Sentinel-1 SAR detection", "severity": "low", "severity_reason": "SAR-detected vessel (broadcasting unverified)", "when": "2026-07-03T06:42:05Z", "score": 0.0, "vessel": "(SAR detection -- no AIS identity)", "ship_name": "", "ship_type": "Vessel", "destination": "", "gear": "Sentinel-1 SAR (our detection)", "flag": "", "flag_emoji": "", "eez": "Guinean Exclusive Economic Zone", "eez_sovereign": "Guinea", "eez_foreign": null, "authorization": "unverifiable", "authorities": "", "iuu_listed": false, "iuu_label": "", "imo": "", "next_port": null, "evidence_hash": "68ade2b0b6a24ab86fb6ca70ca11bc32f953f464ef41b4f183f53a01730ace10", "evidence_schema": "seavigil-evidence-1.0", "why": "Sentinel-1 SAR detection, confidence 0.99 \u00b7 length 104 m (industrial scale) \u00b7 classified non-fishing vessel (p=0.00) \u00b7 heading about 45 deg at 0 kn \u00b7 near-stationary at acquisition (likely at anchor)", "why_full": "Sentinel-1 SAR detection, confidence 0.99 \u00b7 length 104 m (industrial scale) \u00b7 classified non-fishing vessel (p=0.00) \u00b7 heading about 45 deg at 0 kn \u00b7 near-stationary at acquisition (likely at anchor)", "baseline": "", "caveats": "A SAR detection is a radar blip: it has a position and a size, not an identity. | Length, heading and the fishing-vessel class are model estimates, not ground truth. | Dark means no AIS broadcast matched at the acquisition time; without an AIS feed the broadcasting status is unverified, not assumed. | An inspection lead, not proof of illegal activity.", "caveat": "A SAR detection is a radar blip: it has a position and a size, not an identity.", "innocent": "A radar contact with no AIS may be a vessel not required to broadcast, sea clutter, or fixed infrastructure; treat as a lead to confirm."}}, {"type": "Feature", "geometry": {"type": "Point", "coordinates": [-13.596851806640627, 9.32799762760982]}, "properties": {"id": "s1sar__20260703_0081", "kind": "dark_vessel_sar", "mpa": "Sentinel-1 SAR detection", "severity": "low", "severity_reason": "SAR-detected vessel (broadcasting unverified)", "when": "2026-07-03T06:42:05Z", "score": 0.02, "vessel": "(SAR detection -- no AIS identity)", "ship_name": "", "ship_type": "Vessel", "destination": "", "gear": "Sentinel-1 SAR (our detection)", "flag": "", "flag_emoji": "", "eez": "Guinean Exclusive Economic Zone", "eez_sovereign": "Guinea", "eez_foreign": null, "authorization": "unverifiable", "authorities": "", "iuu_listed": false, "iuu_label": "", "imo": "", "next_port": null, "evidence_hash": "ec2fd87d673305f2a4e86357a1629dddaf966e003f06ae4236becd1d1cb51b41", "evidence_schema": "seavigil-evidence-1.0", "why": "Sentinel-1 SAR detection, confidence 1.00 \u00b7 length 93 m (industrial scale) \u00b7 classified non-fishing vessel (p=0.02) \u00b7 heading about 22 deg at 0 kn \u00b7 near-stationary at acquisition (likely at anchor)", "why_full": "Sentinel-1 SAR detection, confidence 1.00 \u00b7 length 93 m (industrial scale) \u00b7 classified non-fishing vessel (p=0.02) \u00b7 heading about 22 deg at 0 kn \u00b7 near-stationary at acquisition (likely at anchor)", "baseline": "", "caveats": "A SAR detection is a radar blip: it has a position and a size, not an identity. | Length, heading and the fishing-vessel class are model estimates, not ground truth. | Dark means no AIS broadcast matched at the acquisition time; without an AIS feed the broadcasting status is unverified, not assumed. | An inspection lead, not proof of illegal activity.", "caveat": "A SAR detection is a radar blip: it has a position and a size, not an identity.", "innocent": "A radar contact with no AIS may be a vessel not required to broadcast, sea clutter, or fixed infrastructure; treat as a lead to confirm."}}, {"type": "Feature", "geometry": {"type": "Point", "coordinates": [-13.97776840209961, 9.238462801504255]}, "properties": {"id": "s1sar__20260703_0083", "kind": "dark_vessel_sar", "mpa": "Sentinel-1 SAR detection", "severity": "low", "severity_reason": "SAR-detected vessel (broadcasting unverified)", "when": "2026-07-03T06:42:05Z", "score": 0.01, "vessel": "(SAR detection -- no AIS identity)", "ship_name": "", "ship_type": "Vessel", "destination": "", "gear": "Sentinel-1 SAR (our detection)", "flag": "", "flag_emoji": "", "eez": "Guinean Exclusive Economic Zone", "eez_sovereign": "Guinea", "eez_foreign": null, "authorization": "unverifiable", "authorities": "", "iuu_listed": false, "iuu_label": "", "imo": "", "next_port": null, "evidence_hash": "76aaac6286193d47d9ebd64d574edd98f789a805256d8b9ebc5454150731a7a3", "evidence_schema": "seavigil-evidence-1.0", "why": "Sentinel-1 SAR detection, confidence 0.99 \u00b7 length 137 m (industrial scale) \u00b7 classified non-fishing vessel (p=0.01) \u00b7 heading about 180 deg at 2 kn", "why_full": "Sentinel-1 SAR detection, confidence 0.99 \u00b7 length 137 m (industrial scale) \u00b7 classified non-fishing vessel (p=0.01) \u00b7 heading about 180 deg at 2 kn", "baseline": "", "caveats": "A SAR detection is a radar blip: it has a position and a size, not an identity. | Length, heading and the fishing-vessel class are model estimates, not ground truth. | Dark means no AIS broadcast matched at the acquisition time; without an AIS feed the broadcasting status is unverified, not assumed. | An inspection lead, not proof of illegal activity.", "caveat": "A SAR detection is a radar blip: it has a position and a size, not an identity.", "innocent": "A radar contact with no AIS may be a vessel not required to broadcast, sea clutter, or fixed infrastructure; treat as a lead to confirm."}}, {"type": "Feature", "geometry": {"type": "Point", "coordinates": [-13.850567321777344, 9.263368822294062]}, "properties": {"id": "s1sar__20260703_0084", "kind": "dark_vessel_sar", "mpa": "Sentinel-1 SAR detection", "severity": "low", "severity_reason": "SAR-detected vessel (broadcasting unverified)", "when": "2026-07-03T06:42:05Z", "score": 0.0, "vessel": "(SAR detection -- no AIS identity)", "ship_name": "", "ship_type": "Vessel", "destination": "", "gear": "Sentinel-1 SAR (our detection)", "flag": "", "flag_emoji": "", "eez": "Guinean Exclusive Economic Zone", "eez_sovereign": "Guinea", "eez_foreign": null, "authorization": "unverifiable", "authorities": "", "iuu_listed": false, "iuu_label": "", "imo": "", "next_port": null, "evidence_hash": "c963f0096e6c8e5313792076f5458e6003a1d387c325ccc5a3fd6da874979bbe", "evidence_schema": "seavigil-evidence-1.0", "why": "Sentinel-1 SAR detection, confidence 0.99 \u00b7 length 140 m (industrial scale) \u00b7 classified non-fishing vessel (p=0.00) \u00b7 heading about 225 deg at 0 kn \u00b7 near-stationary at acquisition (likely at anchor)", "why_full": "Sentinel-1 SAR detection, confidence 0.99 \u00b7 length 140 m (industrial scale) \u00b7 classified non-fishing vessel (p=0.00) \u00b7 heading about 225 deg at 0 kn \u00b7 near-stationary at acquisition (likely at anchor)", "baseline": "", "caveats": "A SAR detection is a radar blip: it has a position and a size, not an identity. | Length, heading and the fishing-vessel class are model estimates, not ground truth. | Dark means no AIS broadcast matched at the acquisition time; without an AIS feed the broadcasting status is unverified, not assumed. | An inspection lead, not proof of illegal activity.", "caveat": "A SAR detection is a radar blip: it has a position and a size, not an identity.", "innocent": "A radar contact with no AIS may be a vessel not required to broadcast, sea clutter, or fixed infrastructure; treat as a lead to confirm."}}, {"type": "Feature", "geometry": {"type": "Point", "coordinates": [-13.88266799926758, 9.258963804158538]}, "properties": {"id": "s1sar__20260703_0085", "kind": "dark_vessel_sar", "mpa": "Sentinel-1 SAR detection", "severity": "low", "severity_reason": "SAR-detected vessel (broadcasting unverified)", "when": "2026-07-03T06:42:05Z", "score": 0.0, "vessel": "(SAR detection -- no AIS identity)", "ship_name": "", "ship_type": "Vessel", "destination": "", "gear": "Sentinel-1 SAR (our detection)", "flag": "", "flag_emoji": "", "eez": "Guinean Exclusive Economic Zone", "eez_sovereign": "Guinea", "eez_foreign": null, "authorization": "unverifiable", "authorities": "", "iuu_listed": false, "iuu_label": "", "imo": "", "next_port": null, "evidence_hash": "f90e6c405434672c9fbfdb91b619d503d9447b384e01c34fdfa9698138364969", "evidence_schema": "seavigil-evidence-1.0", "why": "Sentinel-1 SAR detection, confidence 0.99 \u00b7 length 195 m (industrial scale) \u00b7 classified non-fishing vessel (p=0.00) \u00b7 heading about 225 deg at 0 kn \u00b7 near-stationary at acquisition (likely at anchor)", "why_full": "Sentinel-1 SAR detection, confidence 0.99 \u00b7 length 195 m (industrial scale) \u00b7 classified non-fishing vessel (p=0.00) \u00b7 heading about 225 deg at 0 kn \u00b7 near-stationary at acquisition (likely at anchor)", "baseline": "", "caveats": "A SAR detection is a radar blip: it has a position and a size, not an identity. | Length, heading and the fishing-vessel class are model estimates, not ground truth. | Dark means no AIS broadcast matched at the acquisition time; without an AIS feed the broadcasting status is unverified, not assumed. | An inspection lead, not proof of illegal activity.", "caveat": "A SAR detection is a radar blip: it has a position and a size, not an identity.", "innocent": "A radar contact with no AIS may be a vessel not required to broadcast, sea clutter, or fixed infrastructure; treat as a lead to confirm."}}, {"type": "Feature", "geometry": {"type": "Point", "coordinates": [-13.871939163208008, 9.27895536584975]}, "properties": {"id": "s1sar__20260703_0086", "kind": "dark_vessel_sar", "mpa": "Sentinel-1 SAR detection", "severity": "low", "severity_reason": "SAR-detected vessel (broadcasting unverified)", "when": "2026-07-03T06:42:05Z", "score": 0.0, "vessel": "(SAR detection -- no AIS identity)", "ship_name": "", "ship_type": "Vessel", "destination": "", "gear": "Sentinel-1 SAR (our detection)", "flag": "", "flag_emoji": "", "eez": "Guinean Exclusive Economic Zone", "eez_sovereign": "Guinea", "eez_foreign": null, "authorization": "unverifiable", "authorities": "", "iuu_listed": false, "iuu_label": "", "imo": "", "next_port": null, "evidence_hash": "08d092dfbefa25493306e0ef069d8577698dbf28df2303b9264167f364de2551", "evidence_schema": "seavigil-evidence-1.0", "why": "Sentinel-1 SAR detection, confidence 0.99 \u00b7 length 163 m (industrial scale) \u00b7 classified non-fishing vessel (p=0.00) \u00b7 heading about 202 deg at 0 kn \u00b7 near-stationary at acquisition (likely at anchor)", "why_full": "Sentinel-1 SAR detection, confidence 0.99 \u00b7 length 163 m (industrial scale) \u00b7 classified non-fishing vessel (p=0.00) \u00b7 heading about 202 deg at 0 kn \u00b7 near-stationary at acquisition (likely at anchor)", "baseline": "", "caveats": "A SAR detection is a radar blip: it has a position and a size, not an identity. | Length, heading and the fishing-vessel class are model estimates, not ground truth. | Dark means no AIS broadcast matched at the acquisition time; without an AIS feed the broadcasting status is unverified, not assumed. | An inspection lead, not proof of illegal activity.", "caveat": "A SAR detection is a radar blip: it has a position and a size, not an identity.", "innocent": "A radar contact with no AIS may be a vessel not required to broadcast, sea clutter, or fixed infrastructure; treat as a lead to confirm."}}, {"type": "Feature", "geometry": {"type": "Point", "coordinates": [-13.893911819458008, 9.23897110526192]}, "properties": {"id": "s1sar__20260703_0087", "kind": "dark_vessel_sar", "mpa": "Sentinel-1 SAR detection", "severity": "low", "severity_reason": "SAR-detected vessel (broadcasting unverified)", "when": "2026-07-03T06:42:05Z", "score": 0.0, "vessel": "(SAR detection -- no AIS identity)", "ship_name": "", "ship_type": "Vessel", "destination": "", "gear": "Sentinel-1 SAR (our detection)", "flag": "", "flag_emoji": "", "eez": "Guinean Exclusive Economic Zone", "eez_sovereign": "Guinea", "eez_foreign": null, "authorization": "unverifiable", "authorities": "", "iuu_listed": false, "iuu_label": "", "imo": "", "next_port": null, "evidence_hash": "c418c4a6b57e8f65ebc27960f57c89427b85d09f4f7b0b42791d01f9249899a4", "evidence_schema": "seavigil-evidence-1.0", "why": "Sentinel-1 SAR detection, confidence 0.99 \u00b7 length 191 m (industrial scale) \u00b7 classified non-fishing vessel (p=0.00) \u00b7 heading about 202 deg at 1 kn \u00b7 near-stationary at acquisition (likely at anchor)", "why_full": "Sentinel-1 SAR detection, confidence 0.99 \u00b7 length 191 m (industrial scale) \u00b7 classified non-fishing vessel (p=0.00) \u00b7 heading about 202 deg at 1 kn \u00b7 near-stationary at acquisition (likely at anchor)", "baseline": "", "caveats": "A SAR detection is a radar blip: it has a position and a size, not an identity. | Length, heading and the fishing-vessel class are model estimates, not ground truth. | Dark means no AIS broadcast matched at the acquisition time; without an AIS feed the broadcasting status is unverified, not assumed. | An inspection lead, not proof of illegal activity.", "caveat": "A SAR detection is a radar blip: it has a position and a size, not an identity.", "innocent": "A radar contact with no AIS may be a vessel not required to broadcast, sea clutter, or fixed infrastructure; treat as a lead to confirm."}}, {"type": "Feature", "geometry": {"type": "Point", "coordinates": [-13.886015396118164, 9.280988342224347]}, "properties": {"id": "s1sar__20260703_0088", "kind": "dark_vessel_sar", "mpa": "Sentinel-1 SAR detection", "severity": "medium", "severity_reason": "fishing-type vessel underway (broadcasting unverified)", "when": "2026-07-03T06:42:05Z", "score": 0.94, "vessel": "(SAR detection -- no AIS identity)", "ship_name": "", "ship_type": "Fishing vessel", "destination": "", "gear": "Sentinel-1 SAR (our detection)", "flag": "", "flag_emoji": "", "eez": "Guinean Exclusive Economic Zone", "eez_sovereign": "Guinea", "eez_foreign": null, "authorization": "unverifiable", "authorities": "", "iuu_listed": false, "iuu_label": "", "imo": "", "next_port": null, "evidence_hash": "5a3d0407635bc32a0fdb0d0db06b17e381f31d4d3f42d270147703117fcf7a0d", "evidence_schema": "seavigil-evidence-1.0", "why": "Sentinel-1 SAR detection, confidence 0.80 \u00b7 length 32 m (industrial scale) \u00b7 classified fishing vessel (p=0.94) \u00b7 heading about 0 deg at 2 kn", "why_full": "Sentinel-1 SAR detection, confidence 0.80 \u00b7 length 32 m (industrial scale) \u00b7 classified fishing vessel (p=0.94) \u00b7 heading about 0 deg at 2 kn", "baseline": "", "caveats": "A SAR detection is a radar blip: it has a position and a size, not an identity. | Length, heading and the fishing-vessel class are model estimates, not ground truth. | Dark means no AIS broadcast matched at the acquisition time; without an AIS feed the broadcasting status is unverified, not assumed. | An inspection lead, not proof of illegal activity.", "caveat": "A SAR detection is a radar blip: it has a position and a size, not an identity.", "innocent": "A radar contact with no AIS may be a vessel not required to broadcast, sea clutter, or fixed infrastructure; treat as a lead to confirm."}}, {"type": "Feature", "geometry": {"type": "Point", "coordinates": [-13.808510284423829, 9.305891345400992]}, "properties": {"id": "s1sar__20260703_0089", "kind": "dark_vessel_sar", "mpa": "Sentinel-1 SAR detection", "severity": "low", "severity_reason": "SAR-detected vessel (broadcasting unverified)", "when": "2026-07-03T06:42:05Z", "score": 0.0, "vessel": "(SAR detection -- no AIS identity)", "ship_name": "", "ship_type": "Vessel", "destination": "", "gear": "Sentinel-1 SAR (our detection)", "flag": "", "flag_emoji": "", "eez": "Guinean Exclusive Economic Zone", "eez_sovereign": "Guinea", "eez_foreign": null, "authorization": "unverifiable", "authorities": "", "iuu_listed": false, "iuu_label": "", "imo": "", "next_port": null, "evidence_hash": "4c667b0a585700528bd6ed4138935f6dace0eb3affba0921ccaf6ca176be1842", "evidence_schema": "seavigil-evidence-1.0", "why": "Sentinel-1 SAR detection, confidence 1.00 \u00b7 length 189 m (industrial scale) \u00b7 classified non-fishing vessel (p=0.00) \u00b7 heading about 180 deg at 0 kn \u00b7 near-stationary at acquisition (likely at anchor)", "why_full": "Sentinel-1 SAR detection, confidence 1.00 \u00b7 length 189 m (industrial scale) \u00b7 classified non-fishing vessel (p=0.00) \u00b7 heading about 180 deg at 0 kn \u00b7 near-stationary at acquisition (likely at anchor)", "baseline": "", "caveats": "A SAR detection is a radar blip: it has a position and a size, not an identity. | Length, heading and the fishing-vessel class are model estimates, not ground truth. | Dark means no AIS broadcast matched at the acquisition time; without an AIS feed the broadcasting status is unverified, not assumed. | An inspection lead, not proof of illegal activity.", "caveat": "A SAR detection is a radar blip: it has a position and a size, not an identity.", "innocent": "A radar contact with no AIS may be a vessel not required to broadcast, sea clutter, or fixed infrastructure; treat as a lead to confirm."}}, {"type": "Feature", "geometry": {"type": "Point", "coordinates": [-13.76379249572754, 9.24778158714649]}, "properties": {"id": "s1sar__20260703_0090", "kind": "dark_vessel_sar", "mpa": "Sentinel-1 SAR detection", "severity": "low", "severity_reason": "SAR-detected vessel (broadcasting unverified)", "when": "2026-07-03T06:42:05Z", "score": 0.03, "vessel": "(SAR detection -- no AIS identity)", "ship_name": "", "ship_type": "Vessel", "destination": "", "gear": "Sentinel-1 SAR (our detection)", "flag": "", "flag_emoji": "", "eez": "Guinean Exclusive Economic Zone", "eez_sovereign": "Guinea", "eez_foreign": null, "authorization": "unverifiable", "authorities": "", "iuu_listed": false, "iuu_label": "", "imo": "", "next_port": null, "evidence_hash": "a244c54009944867a074b41d8fd39cb8c217efbe29b29b872c35b354ff377325", "evidence_schema": "seavigil-evidence-1.0", "why": "Sentinel-1 SAR detection, confidence 1.00 \u00b7 length 79 m (industrial scale) \u00b7 classified non-fishing vessel (p=0.03) \u00b7 heading about 0 deg at 0 kn \u00b7 near-stationary at acquisition (likely at anchor)", "why_full": "Sentinel-1 SAR detection, confidence 1.00 \u00b7 length 79 m (industrial scale) \u00b7 classified non-fishing vessel (p=0.03) \u00b7 heading about 0 deg at 0 kn \u00b7 near-stationary at acquisition (likely at anchor)", "baseline": "", "caveats": "A SAR detection is a radar blip: it has a position and a size, not an identity. | Length, heading and the fishing-vessel class are model estimates, not ground truth. | Dark means no AIS broadcast matched at the acquisition time; without an AIS feed the broadcasting status is unverified, not assumed. | An inspection lead, not proof of illegal activity.", "caveat": "A SAR detection is a radar blip: it has a position and a size, not an identity.", "innocent": "A radar contact with no AIS may be a vessel not required to broadcast, sea clutter, or fixed infrastructure; treat as a lead to confirm."}}, {"type": "Feature", "geometry": {"type": "Point", "coordinates": [-13.783361892700196, 9.245409556022494]}, "properties": {"id": "s1sar__20260703_0091", "kind": "dark_vessel_sar", "mpa": "Sentinel-1 SAR detection", "severity": "low", "severity_reason": "SAR-detected vessel (broadcasting unverified)", "when": "2026-07-03T06:42:05Z", "score": 0.0, "vessel": "(SAR detection -- no AIS identity)", "ship_name": "", "ship_type": "Vessel", "destination": "", "gear": "Sentinel-1 SAR (our detection)", "flag": "", "flag_emoji": "", "eez": "Guinean Exclusive Economic Zone", "eez_sovereign": "Guinea", "eez_foreign": null, "authorization": "unverifiable", "authorities": "", "iuu_listed": false, "iuu_label": "", "imo": "", "next_port": null, "evidence_hash": "540cf03182a94912194cea8767301e62ab1a6fcfef1ab3a6896187af699bbd31", "evidence_schema": "seavigil-evidence-1.0", "why": "Sentinel-1 SAR detection, confidence 0.99 \u00b7 length 139 m (industrial scale) \u00b7 classified non-fishing vessel (p=0.00) \u00b7 heading about 225 deg at 1 kn \u00b7 near-stationary at acquisition (likely at anchor)", "why_full": "Sentinel-1 SAR detection, confidence 0.99 \u00b7 length 139 m (industrial scale) \u00b7 classified non-fishing vessel (p=0.00) \u00b7 heading about 225 deg at 1 kn \u00b7 near-stationary at acquisition (likely at anchor)", "baseline": "", "caveats": "A SAR detection is a radar blip: it has a position and a size, not an identity. | Length, heading and the fishing-vessel class are model estimates, not ground truth. | Dark means no AIS broadcast matched at the acquisition time; without an AIS feed the broadcasting status is unverified, not assumed. | An inspection lead, not proof of illegal activity.", "caveat": "A SAR detection is a radar blip: it has a position and a size, not an identity.", "innocent": "A radar contact with no AIS may be a vessel not required to broadcast, sea clutter, or fixed infrastructure; treat as a lead to confirm."}}, {"type": "Feature", "geometry": {"type": "Point", "coordinates": [-13.75804183959961, 9.239394691166332]}, "properties": {"id": "s1sar__20260703_0092", "kind": "dark_vessel_sar", "mpa": "Sentinel-1 SAR detection", "severity": "medium", "severity_reason": "fishing-type vessel underway (broadcasting unverified)", "when": "2026-07-03T06:42:05Z", "score": 0.95, "vessel": "(SAR detection -- no AIS identity)", "ship_name": "", "ship_type": "Fishing vessel", "destination": "", "gear": "Sentinel-1 SAR (our detection)", "flag": "", "flag_emoji": "", "eez": "Guinean Exclusive Economic Zone", "eez_sovereign": "Guinea", "eez_foreign": null, "authorization": "unverifiable", "authorities": "", "iuu_listed": false, "iuu_label": "", "imo": "", "next_port": null, "evidence_hash": "e6f7265cd7ef00606a0e59f00e2335b25f107dea51e82e26ae878db270bc1e94", "evidence_schema": "seavigil-evidence-1.0", "why": "Sentinel-1 SAR detection, confidence 0.99 \u00b7 length 40 m (industrial scale) \u00b7 classified fishing vessel (p=0.95) \u00b7 heading about 0 deg at 3 kn", "why_full": "Sentinel-1 SAR detection, confidence 0.99 \u00b7 length 40 m (industrial scale) \u00b7 classified fishing vessel (p=0.95) \u00b7 heading about 0 deg at 3 kn", "baseline": "", "caveats": "A SAR detection is a radar blip: it has a position and a size, not an identity. | Length, heading and the fishing-vessel class are model estimates, not ground truth. | Dark means no AIS broadcast matched at the acquisition time; without an AIS feed the broadcasting status is unverified, not assumed. | An inspection lead, not proof of illegal activity.", "caveat": "A SAR detection is a radar blip: it has a position and a size, not an identity.", "innocent": "A radar contact with no AIS may be a vessel not required to broadcast, sea clutter, or fixed infrastructure; treat as a lead to confirm."}}, {"type": "Feature", "geometry": {"type": "Point", "coordinates": [-13.746626358032229, 9.241597329657]}, "properties": {"id": "s1sar__20260703_0093", "kind": "dark_vessel_sar", "mpa": "Sentinel-1 SAR detection", "severity": "low", "severity_reason": "SAR-detected vessel (broadcasting unverified)", "when": "2026-07-03T06:42:05Z", "score": 0.01, "vessel": "(SAR detection -- no AIS identity)", "ship_name": "", "ship_type": "Vessel", "destination": "", "gear": "Sentinel-1 SAR (our detection)", "flag": "", "flag_emoji": "", "eez": "Guinean Exclusive Economic Zone", "eez_sovereign": "Guinea", "eez_foreign": null, "authorization": "unverifiable", "authorities": "", "iuu_listed": false, "iuu_label": "", "imo": "", "next_port": null, "evidence_hash": "781cd5c49a6ce7d3e26c6ee00e99fb4ced8d2d6c05758543bcf6faa6a19cd5af", "evidence_schema": "seavigil-evidence-1.0", "why": "Sentinel-1 SAR detection, confidence 0.99 \u00b7 length 124 m (industrial scale) \u00b7 classified non-fishing vessel (p=0.01) \u00b7 heading about 180 deg at 0 kn \u00b7 near-stationary at acquisition (likely at anchor)", "why_full": "Sentinel-1 SAR detection, confidence 0.99 \u00b7 length 124 m (industrial scale) \u00b7 classified non-fishing vessel (p=0.01) \u00b7 heading about 180 deg at 0 kn \u00b7 near-stationary at acquisition (likely at anchor)", "baseline": "", "caveats": "A SAR detection is a radar blip: it has a position and a size, not an identity. | Length, heading and the fishing-vessel class are model estimates, not ground truth. | Dark means no AIS broadcast matched at the acquisition time; without an AIS feed the broadcasting status is unverified, not assumed. | An inspection lead, not proof of illegal activity.", "caveat": "A SAR detection is a radar blip: it has a position and a size, not an identity.", "innocent": "A radar contact with no AIS may be a vessel not required to broadcast, sea clutter, or fixed infrastructure; treat as a lead to confirm."}}, {"type": "Feature", "geometry": {"type": "Point", "coordinates": [-13.7533211517334, 9.274211708481538]}, "properties": {"id": "s1sar__20260703_0094", "kind": "dark_vessel_sar", "mpa": "Sentinel-1 SAR detection", "severity": "low", "severity_reason": "SAR-detected vessel (broadcasting unverified)", "when": "2026-07-03T06:42:05Z", "score": 0.14, "vessel": "(SAR detection -- no AIS identity)", "ship_name": "", "ship_type": "Vessel", "destination": "", "gear": "Sentinel-1 SAR (our detection)", "flag": "", "flag_emoji": "", "eez": "Guinean Exclusive Economic Zone", "eez_sovereign": "Guinea", "eez_foreign": null, "authorization": "unverifiable", "authorities": "", "iuu_listed": false, "iuu_label": "", "imo": "", "next_port": null, "evidence_hash": "f647b8549607fb3e357172e271ec9eaf4a9d24420370c98b696307963e429ce1", "evidence_schema": "seavigil-evidence-1.0", "why": "Sentinel-1 SAR detection, confidence 0.99 \u00b7 length 69 m (industrial scale) \u00b7 classified non-fishing vessel (p=0.14) \u00b7 heading about 225 deg at 2 kn", "why_full": "Sentinel-1 SAR detection, confidence 0.99 \u00b7 length 69 m (industrial scale) \u00b7 classified non-fishing vessel (p=0.14) \u00b7 heading about 225 deg at 2 kn", "baseline": "", "caveats": "A SAR detection is a radar blip: it has a position and a size, not an identity. | Length, heading and the fishing-vessel class are model estimates, not ground truth. | Dark means no AIS broadcast matched at the acquisition time; without an AIS feed the broadcasting status is unverified, not assumed. | An inspection lead, not proof of illegal activity.", "caveat": "A SAR detection is a radar blip: it has a position and a size, not an identity.", "innocent": "A radar contact with no AIS may be a vessel not required to broadcast, sea clutter, or fixed infrastructure; treat as a lead to confirm."}}, {"type": "Feature", "geometry": {"type": "Point", "coordinates": [-13.770315628051758, 9.239394691166332]}, "properties": {"id": "s1sar__20260703_0095", "kind": "dark_vessel_sar", "mpa": "Sentinel-1 SAR detection", "severity": "medium", "severity_reason": "fishing-type vessel underway (broadcasting unverified)", "when": "2026-07-03T06:42:05Z", "score": 0.93, "vessel": "(SAR detection -- no AIS identity)", "ship_name": "", "ship_type": "Fishing vessel", "destination": "", "gear": "Sentinel-1 SAR (our detection)", "flag": "", "flag_emoji": "", "eez": "Guinean Exclusive Economic Zone", "eez_sovereign": "Guinea", "eez_foreign": null, "authorization": "unverifiable", "authorities": "", "iuu_listed": false, "iuu_label": "", "imo": "", "next_port": null, "evidence_hash": "8241b3cbe4422d9c684bfabf1eeb232065cd454573ac6eb8a48cada239194c61", "evidence_schema": "seavigil-evidence-1.0", "why": "Sentinel-1 SAR detection, confidence 0.98 \u00b7 length 40 m (industrial scale) \u00b7 classified fishing vessel (p=0.93) \u00b7 heading about 0 deg at 3 kn", "why_full": "Sentinel-1 SAR detection, confidence 0.98 \u00b7 length 40 m (industrial scale) \u00b7 classified fishing vessel (p=0.93) \u00b7 heading about 0 deg at 3 kn", "baseline": "", "caveats": "A SAR detection is a radar blip: it has a position and a size, not an identity. | Length, heading and the fishing-vessel class are model estimates, not ground truth. | Dark means no AIS broadcast matched at the acquisition time; without an AIS feed the broadcasting status is unverified, not assumed. | An inspection lead, not proof of illegal activity.", "caveat": "A SAR detection is a radar blip: it has a position and a size, not an identity.", "innocent": "A radar contact with no AIS may be a vessel not required to broadcast, sea clutter, or fixed infrastructure; treat as a lead to confirm."}}, {"type": "Feature", "geometry": {"type": "Point", "coordinates": [-13.834087829589844, 9.221518923441709]}, "properties": {"id": "s1sar__20260703_0096", "kind": "dark_vessel_sar", "mpa": "Sentinel-1 SAR detection", "severity": "low", "severity_reason": "SAR-detected vessel (broadcasting unverified)", "when": "2026-07-03T06:42:05Z", "score": 0.01, "vessel": "(SAR detection -- no AIS identity)", "ship_name": "", "ship_type": "Vessel", "destination": "", "gear": "Sentinel-1 SAR (our detection)", "flag": "", "flag_emoji": "", "eez": "Guinean Exclusive Economic Zone", "eez_sovereign": "Guinea", "eez_foreign": null, "authorization": "unverifiable", "authorities": "", "iuu_listed": false, "iuu_label": "", "imo": "", "next_port": null, "evidence_hash": "ec0ba5736b590c2ead6df9c7e57620b76deda7f043e45e4978029f402c975f8f", "evidence_schema": "seavigil-evidence-1.0", "why": "Sentinel-1 SAR detection, confidence 0.98 \u00b7 length 77 m (industrial scale) \u00b7 classified non-fishing vessel (p=0.01) \u00b7 heading about 225 deg at 0 kn \u00b7 near-stationary at acquisition (likely at anchor)", "why_full": "Sentinel-1 SAR detection, confidence 0.98 \u00b7 length 77 m (industrial scale) \u00b7 classified non-fishing vessel (p=0.01) \u00b7 heading about 225 deg at 0 kn \u00b7 near-stationary at acquisition (likely at anchor)", "baseline": "", "caveats": "A SAR detection is a radar blip: it has a position and a size, not an identity. | Length, heading and the fishing-vessel class are model estimates, not ground truth. | Dark means no AIS broadcast matched at the acquisition time; without an AIS feed the broadcasting status is unverified, not assumed. | An inspection lead, not proof of illegal activity.", "caveat": "A SAR detection is a radar blip: it has a position and a size, not an identity.", "innocent": "A radar contact with no AIS may be a vessel not required to broadcast, sea clutter, or fixed infrastructure; treat as a lead to confirm."}}, {"type": "Feature", "geometry": {"type": "Point", "coordinates": [-13.749287109375, 9.25320331252562]}, "properties": {"id": "s1sar__20260703_0097", "kind": "dark_vessel_sar", "mpa": "Sentinel-1 SAR detection", "severity": "low", "severity_reason": "SAR-detected vessel (broadcasting unverified)", "when": "2026-07-03T06:42:05Z", "score": 0.0, "vessel": "(SAR detection -- no AIS identity)", "ship_name": "", "ship_type": "Vessel", "destination": "", "gear": "Sentinel-1 SAR (our detection)", "flag": "", "flag_emoji": "", "eez": "Guinean Exclusive Economic Zone", "eez_sovereign": "Guinea", "eez_foreign": null, "authorization": "unverifiable", "authorities": "", "iuu_listed": false, "iuu_label": "", "imo": "", "next_port": null, "evidence_hash": "ce736619fd8d90ca12db1d3686f9a7e413fb30d822f4c61f0ae5390b23cc4f3f", "evidence_schema": "seavigil-evidence-1.0", "why": "Sentinel-1 SAR detection, confidence 0.98 \u00b7 length 219 m (industrial scale) \u00b7 classified non-fishing vessel (p=0.00) \u00b7 heading about 202 deg at 0 kn \u00b7 near-stationary at acquisition (likely at anchor)", "why_full": "Sentinel-1 SAR detection, confidence 0.98 \u00b7 length 219 m (industrial scale) \u00b7 classified non-fishing vessel (p=0.00) \u00b7 heading about 202 deg at 0 kn \u00b7 near-stationary at acquisition (likely at anchor)", "baseline": "", "caveats": "A SAR detection is a radar blip: it has a position and a size, not an identity. | Length, heading and the fishing-vessel class are model estimates, not ground truth. | Dark means no AIS broadcast matched at the acquisition time; without an AIS feed the broadcasting status is unverified, not assumed. | An inspection lead, not proof of illegal activity.", "caveat": "A SAR detection is a radar blip: it has a position and a size, not an identity.", "innocent": "A radar contact with no AIS may be a vessel not required to broadcast, sea clutter, or fixed infrastructure; treat as a lead to confirm."}}, {"type": "Feature", "geometry": {"type": "Point", "coordinates": [-13.806021194458008, 9.247358011332617]}, "properties": {"id": "s1sar__20260703_0098", "kind": "dark_vessel_sar", "mpa": "Sentinel-1 SAR detection", "severity": "low", "severity_reason": "SAR-detected vessel (broadcasting unverified)", "when": "2026-07-03T06:42:05Z", "score": 0.0, "vessel": "(SAR detection -- no AIS identity)", "ship_name": "", "ship_type": "Vessel", "destination": "", "gear": "Sentinel-1 SAR (our detection)", "flag": "", "flag_emoji": "", "eez": "Guinean Exclusive Economic Zone", "eez_sovereign": "Guinea", "eez_foreign": null, "authorization": "unverifiable", "authorities": "", "iuu_listed": false, "iuu_label": "", "imo": "", "next_port": null, "evidence_hash": "51597ac8a264ce55a17d28f79fcff48585a45cd8687cb47fa93a8ea7fdccacee", "evidence_schema": "seavigil-evidence-1.0", "why": "Sentinel-1 SAR detection, confidence 0.98 \u00b7 length 204 m (industrial scale) \u00b7 classified non-fishing vessel (p=0.00) \u00b7 heading about 225 deg at 0 kn \u00b7 near-stationary at acquisition (likely at anchor)", "why_full": "Sentinel-1 SAR detection, confidence 0.98 \u00b7 length 204 m (industrial scale) \u00b7 classified non-fishing vessel (p=0.00) \u00b7 heading about 225 deg at 0 kn \u00b7 near-stationary at acquisition (likely at anchor)", "baseline": "", "caveats": "A SAR detection is a radar blip: it has a position and a size, not an identity. | Length, heading and the fishing-vessel class are model estimates, not ground truth. | Dark means no AIS broadcast matched at the acquisition time; without an AIS feed the broadcasting status is unverified, not assumed. | An inspection lead, not proof of illegal activity.", "caveat": "A SAR detection is a radar blip: it has a position and a size, not an identity.", "innocent": "A radar contact with no AIS may be a vessel not required to broadcast, sea clutter, or fixed infrastructure; treat as a lead to confirm."}}, {"type": "Feature", "geometry": {"type": "Point", "coordinates": [-13.75203369140625, 9.224738322919178]}, "properties": {"id": "s1sar__20260703_0099", "kind": "dark_vessel_sar", "mpa": "Sentinel-1 SAR detection", "severity": "medium", "severity_reason": "fishing-type vessel underway (broadcasting unverified)", "when": "2026-07-03T06:42:05Z", "score": 0.96, "vessel": "(SAR detection -- no AIS identity)", "ship_name": "", "ship_type": "Fishing vessel", "destination": "", "gear": "Sentinel-1 SAR (our detection)", "flag": "", "flag_emoji": "", "eez": "Guinean Exclusive Economic Zone", "eez_sovereign": "Guinea", "eez_foreign": null, "authorization": "unverifiable", "authorities": "", "iuu_listed": false, "iuu_label": "", "imo": "", "next_port": null, "evidence_hash": "7300a530a64dde48a8a508dfd30e9dee240ad02aa8a69342b2dbb7e2e4cc0de6", "evidence_schema": "seavigil-evidence-1.0", "why": "Sentinel-1 SAR detection, confidence 0.77 \u00b7 length 41 m (industrial scale) \u00b7 classified fishing vessel (p=0.96) \u00b7 heading about 0 deg at 3 kn", "why_full": "Sentinel-1 SAR detection, confidence 0.77 \u00b7 length 41 m (industrial scale) \u00b7 classified fishing vessel (p=0.96) \u00b7 heading about 0 deg at 3 kn", "baseline": "", "caveats": "A SAR detection is a radar blip: it has a position and a size, not an identity. | Length, heading and the fishing-vessel class are model estimates, not ground truth. | Dark means no AIS broadcast matched at the acquisition time; without an AIS feed the broadcasting status is unverified, not assumed. | An inspection lead, not proof of illegal activity.", "caveat": "A SAR detection is a radar blip: it has a position and a size, not an identity.", "innocent": "A radar contact with no AIS may be a vessel not required to broadcast, sea clutter, or fixed infrastructure; treat as a lead to confirm."}}, {"type": "Feature", "geometry": {"type": "Point", "coordinates": [-13.686201553344723, 9.35526858154546]}, "properties": {"id": "s1sar__20260703_0100", "kind": "dark_vessel_sar", "mpa": "Sentinel-1 SAR detection", "severity": "low", "severity_reason": "SAR-detected vessel (broadcasting unverified)", "when": "2026-07-03T06:42:05Z", "score": 0.0, "vessel": "(SAR detection -- no AIS identity)", "ship_name": "", "ship_type": "Vessel", "destination": "", "gear": "Sentinel-1 SAR (our detection)", "flag": "", "flag_emoji": "", "eez": "Guinean Exclusive Economic Zone", "eez_sovereign": "Guinea", "eez_foreign": null, "authorization": "unverifiable", "authorities": "", "iuu_listed": false, "iuu_label": "", "imo": "", "next_port": null, "evidence_hash": "34f03448d7268f5cc11e1a45eebb7a88820016f8a71b2932d00728cccf7a9942", "evidence_schema": "seavigil-evidence-1.0", "why": "Sentinel-1 SAR detection, confidence 1.00 \u00b7 length 184 m (industrial scale) \u00b7 classified non-fishing vessel (p=0.00) \u00b7 heading about 202 deg at 0 kn \u00b7 near-stationary at acquisition (likely at anchor)", "why_full": "Sentinel-1 SAR detection, confidence 1.00 \u00b7 length 184 m (industrial scale) \u00b7 classified non-fishing vessel (p=0.00) \u00b7 heading about 202 deg at 0 kn \u00b7 near-stationary at acquisition (likely at anchor)", "baseline": "", "caveats": "A SAR detection is a radar blip: it has a position and a size, not an identity. | Length, heading and the fishing-vessel class are model estimates, not ground truth. | Dark means no AIS broadcast matched at the acquisition time; without an AIS feed the broadcasting status is unverified, not assumed. | An inspection lead, not proof of illegal activity.", "caveat": "A SAR detection is a radar blip: it has a position and a size, not an identity.", "innocent": "A radar contact with no AIS may be a vessel not required to broadcast, sea clutter, or fixed infrastructure; treat as a lead to confirm."}}, {"type": "Feature", "geometry": {"type": "Point", "coordinates": [-13.685686569213868, 9.303011496860211]}, "properties": {"id": "s1sar__20260703_0101", "kind": "dark_vessel_sar", "mpa": "Sentinel-1 SAR detection", "severity": "low", "severity_reason": "SAR-detected vessel (broadcasting unverified)", "when": "2026-07-03T06:42:05Z", "score": 0.0, "vessel": "(SAR detection -- no AIS identity)", "ship_name": "", "ship_type": "Vessel", "destination": "", "gear": "Sentinel-1 SAR (our detection)", "flag": "", "flag_emoji": "", "eez": "Guinean Exclusive Economic Zone", "eez_sovereign": "Guinea", "eez_foreign": null, "authorization": "unverifiable", "authorities": "", "iuu_listed": false, "iuu_label": "", "imo": "", "next_port": null, "evidence_hash": "41b5151cd47023e913debdc4c68625fec23459e1feb31d0a21a8253f360a8475", "evidence_schema": "seavigil-evidence-1.0", "why": "Sentinel-1 SAR detection, confidence 1.00 \u00b7 length 111 m (industrial scale) \u00b7 classified non-fishing vessel (p=0.00) \u00b7 heading about 45 deg at 0 kn \u00b7 near-stationary at acquisition (likely at anchor)", "why_full": "Sentinel-1 SAR detection, confidence 1.00 \u00b7 length 111 m (industrial scale) \u00b7 classified non-fishing vessel (p=0.00) \u00b7 heading about 45 deg at 0 kn \u00b7 near-stationary at acquisition (likely at anchor)", "baseline": "", "caveats": "A SAR detection is a radar blip: it has a position and a size, not an identity. | Length, heading and the fishing-vessel class are model estimates, not ground truth. | Dark means no AIS broadcast matched at the acquisition time; without an AIS feed the broadcasting status is unverified, not assumed. | An inspection lead, not proof of illegal activity.", "caveat": "A SAR detection is a radar blip: it has a position and a size, not an identity.", "innocent": "A radar contact with no AIS may be a vessel not required to broadcast, sea clutter, or fixed infrastructure; treat as a lead to confirm."}}, {"type": "Feature", "geometry": {"type": "Point", "coordinates": [-13.723452072143552, 9.355946093576335]}, "properties": {"id": "s1sar__20260703_0102", "kind": "dark_vessel_sar", "mpa": "Sentinel-1 SAR detection", "severity": "low", "severity_reason": "SAR-detected vessel (broadcasting unverified)", "when": "2026-07-03T06:42:05Z", "score": 0.0, "vessel": "(SAR detection -- no AIS identity)", "ship_name": "", "ship_type": "Vessel", "destination": "", "gear": "Sentinel-1 SAR (our detection)", "flag": "", "flag_emoji": "", "eez": "Guinean Exclusive Economic Zone", "eez_sovereign": "Guinea", "eez_foreign": null, "authorization": "unverifiable", "authorities": "", "iuu_listed": false, "iuu_label": "", "imo": "", "next_port": null, "evidence_hash": "9b3de71b4498add8ff38a8f5ceec8645bcd01c4a8d49a2e6ee84015dfa92823c", "evidence_schema": "seavigil-evidence-1.0", "why": "Sentinel-1 SAR detection, confidence 1.00 \u00b7 length 175 m (industrial scale) \u00b7 classified non-fishing vessel (p=0.00) \u00b7 heading about 225 deg at 0 kn \u00b7 near-stationary at acquisition (likely at anchor)", "why_full": "Sentinel-1 SAR detection, confidence 1.00 \u00b7 length 175 m (industrial scale) \u00b7 classified non-fishing vessel (p=0.00) \u00b7 heading about 225 deg at 0 kn \u00b7 near-stationary at acquisition (likely at anchor)", "baseline": "", "caveats": "A SAR detection is a radar blip: it has a position and a size, not an identity. | Length, heading and the fishing-vessel class are model estimates, not ground truth. | Dark means no AIS broadcast matched at the acquisition time; without an AIS feed the broadcasting status is unverified, not assumed. | An inspection lead, not proof of illegal activity.", "caveat": "A SAR detection is a radar blip: it has a position and a size, not an identity.", "innocent": "A radar contact with no AIS may be a vessel not required to broadcast, sea clutter, or fixed infrastructure; treat as a lead to confirm."}}, {"type": "Feature", "geometry": {"type": "Point", "coordinates": [-13.613846282958985, 9.302079776078836]}, "properties": {"id": "s1sar__20260703_0103", "kind": "dark_vessel_sar", "mpa": "Sentinel-1 SAR detection", "severity": "low", "severity_reason": "SAR-detected vessel (broadcasting unverified)", "when": "2026-07-03T06:42:05Z", "score": 0.0, "vessel": "(SAR detection -- no AIS identity)", "ship_name": "", "ship_type": "Vessel", "destination": "", "gear": "Sentinel-1 SAR (our detection)", "flag": "", "flag_emoji": "", "eez": "Guinean Exclusive Economic Zone", "eez_sovereign": "Guinea", "eez_foreign": null, "authorization": "unverifiable", "authorities": "", "iuu_listed": false, "iuu_label": "", "imo": "", "next_port": null, "evidence_hash": "3c99da7bdd26422703c590d4eca24705c60f3b19ab007abd6339d02cf3f641f4", "evidence_schema": "seavigil-evidence-1.0", "why": "Sentinel-1 SAR detection, confidence 1.00 \u00b7 length 101 m (industrial scale) \u00b7 classified non-fishing vessel (p=0.00) \u00b7 heading about 45 deg at 0 kn \u00b7 near-stationary at acquisition (likely at anchor)", "why_full": "Sentinel-1 SAR detection, confidence 1.00 \u00b7 length 101 m (industrial scale) \u00b7 classified non-fishing vessel (p=0.00) \u00b7 heading about 45 deg at 0 kn \u00b7 near-stationary at acquisition (likely at anchor)", "baseline": "", "caveats": "A SAR detection is a radar blip: it has a position and a size, not an identity. | Length, heading and the fishing-vessel class are model estimates, not ground truth. | Dark means no AIS broadcast matched at the acquisition time; without an AIS feed the broadcasting status is unverified, not assumed. | An inspection lead, not proof of illegal activity.", "caveat": "A SAR detection is a radar blip: it has a position and a size, not an identity.", "innocent": "A radar contact with no AIS may be a vessel not required to broadcast, sea clutter, or fixed infrastructure; treat as a lead to confirm."}}, {"type": "Feature", "geometry": {"type": "Point", "coordinates": [-13.61693618774414, 9.324186299499011]}, "properties": {"id": "s1sar__20260703_0104", "kind": "dark_vessel_sar", "mpa": "Sentinel-1 SAR detection", "severity": "low", "severity_reason": "SAR-detected vessel (broadcasting unverified)", "when": "2026-07-03T06:42:05Z", "score": 0.01, "vessel": "(SAR detection -- no AIS identity)", "ship_name": "", "ship_type": "Vessel", "destination": "", "gear": "Sentinel-1 SAR (our detection)", "flag": "", "flag_emoji": "", "eez": "Guinean Exclusive Economic Zone", "eez_sovereign": "Guinea", "eez_foreign": null, "authorization": "unverifiable", "authorities": "", "iuu_listed": false, "iuu_label": "", "imo": "", "next_port": null, "evidence_hash": "9c773ee945a473bcf753aa6d39d1e8cd5db1573ead16a1ab50461f789b80ee0b", "evidence_schema": "seavigil-evidence-1.0", "why": "Sentinel-1 SAR detection, confidence 0.99 \u00b7 length 91 m (industrial scale) \u00b7 classified non-fishing vessel (p=0.01) \u00b7 heading about 45 deg at 0 kn \u00b7 near-stationary at acquisition (likely at anchor)", "why_full": "Sentinel-1 SAR detection, confidence 0.99 \u00b7 length 91 m (industrial scale) \u00b7 classified non-fishing vessel (p=0.01) \u00b7 heading about 45 deg at 0 kn \u00b7 near-stationary at acquisition (likely at anchor)", "baseline": "", "caveats": "A SAR detection is a radar blip: it has a position and a size, not an identity. | Length, heading and the fishing-vessel class are model estimates, not ground truth. | Dark means no AIS broadcast matched at the acquisition time; without an AIS feed the broadcasting status is unverified, not assumed. | An inspection lead, not proof of illegal activity.", "caveat": "A SAR detection is a radar blip: it has a position and a size, not an identity.", "innocent": "A radar contact with no AIS may be a vessel not required to broadcast, sea clutter, or fixed infrastructure; treat as a lead to confirm."}}, {"type": "Feature", "geometry": {"type": "Point", "coordinates": [-13.235383987426756, 8.633677581749705]}, "properties": {"id": "s1sar__20260703_0000", "kind": "dark_vessel_sar", "mpa": "Sentinel-1 SAR detection", "severity": "medium", "severity_reason": "fishing-type vessel underway (broadcasting unverified)", "when": "2026-07-03T06:42:30Z", "score": 0.97, "vessel": "(SAR detection -- no AIS identity)", "ship_name": "", "ship_type": "Fishing vessel", "destination": "", "gear": "Sentinel-1 SAR (our detection)", "flag": "", "flag_emoji": "", "eez": "Sierra Leonean Exclusive Economic Zone", "eez_sovereign": "Sierra Leone", "eez_foreign": null, "authorization": "unverifiable", "authorities": "", "iuu_listed": false, "iuu_label": "", "imo": "", "next_port": null, "evidence_hash": "ad99808858ef37dd147fe15f757cb801aa4d48e3bf2ad5c80030e3088583affc", "evidence_schema": "seavigil-evidence-1.0", "why": "Sentinel-1 SAR detection, confidence 0.93 \u00b7 length 27 m (industrial scale) \u00b7 classified fishing vessel (p=0.97) \u00b7 heading about 338 deg at 2 kn", "why_full": "Sentinel-1 SAR detection, confidence 0.93 \u00b7 length 27 m (industrial scale) \u00b7 classified fishing vessel (p=0.97) \u00b7 heading about 338 deg at 2 kn", "baseline": "", "caveats": "A SAR detection is a radar blip: it has a position and a size, not an identity. | Length, heading and the fishing-vessel class are model estimates, not ground truth. | Dark means no AIS broadcast matched at the acquisition time; without an AIS feed the broadcasting status is unverified, not assumed. | An inspection lead, not proof of illegal activity.", "caveat": "A SAR detection is a radar blip: it has a position and a size, not an identity.", "innocent": "A radar contact with no AIS may be a vessel not required to broadcast, sea clutter, or fixed infrastructure; treat as a lead to confirm."}}, {"type": "Feature", "geometry": {"type": "Point", "coordinates": [-13.241477966308592, 8.739565548704626]}, "properties": {"id": "s1sar__20260703_0001", "kind": "dark_vessel_sar", "mpa": "Sentinel-1 SAR detection", "severity": "low", "severity_reason": "SAR-detected vessel (broadcasting unverified)", "when": "2026-07-03T06:42:30Z", "score": 0.28, "vessel": "(SAR detection -- no AIS identity)", "ship_name": "", "ship_type": "Vessel", "destination": "", "gear": "Sentinel-1 SAR (our detection)", "flag": "", "flag_emoji": "", "eez": "Sierra Leonean Exclusive Economic Zone", "eez_sovereign": "Sierra Leone", "eez_foreign": null, "authorization": "unverifiable", "authorities": "", "iuu_listed": false, "iuu_label": "", "imo": "", "next_port": null, "evidence_hash": "7e425bc2aa23b90fc41c3fdfb0d693d269c32d73c90c4e15e6768bd8066edab2", "evidence_schema": "seavigil-evidence-1.0", "why": "Sentinel-1 SAR detection, confidence 0.77 \u00b7 length 52 m (industrial scale) \u00b7 classified non-fishing vessel (p=0.28) \u00b7 heading about 0 deg at 0 kn \u00b7 near-stationary at acquisition (likely at anchor)", "why_full": "Sentinel-1 SAR detection, confidence 0.77 \u00b7 length 52 m (industrial scale) \u00b7 classified non-fishing vessel (p=0.28) \u00b7 heading about 0 deg at 0 kn \u00b7 near-stationary at acquisition (likely at anchor)", "baseline": "", "caveats": "A SAR detection is a radar blip: it has a position and a size, not an identity. | Length, heading and the fishing-vessel class are model estimates, not ground truth. | Dark means no AIS broadcast matched at the acquisition time; without an AIS feed the broadcasting status is unverified, not assumed. | An inspection lead, not proof of illegal activity.", "caveat": "A SAR detection is a radar blip: it has a position and a size, not an identity.", "innocent": "A radar contact with no AIS may be a vessel not required to broadcast, sea clutter, or fixed infrastructure; treat as a lead to confirm."}}, {"type": "Feature", "geometry": {"type": "Point", "coordinates": [-13.275810241699215, 8.535484055020692]}, "properties": {"id": "s1sar__20260703_0002", "kind": "dark_vessel_sar", "mpa": "Sentinel-1 SAR detection", "severity": "medium", "severity_reason": "fishing-type vessel underway (broadcasting unverified)", "when": "2026-07-03T06:42:30Z", "score": 0.95, "vessel": "(SAR detection -- no AIS identity)", "ship_name": "", "ship_type": "Fishing vessel", "destination": "", "gear": "Sentinel-1 SAR (our detection)", "flag": "", "flag_emoji": "", "eez": "Sierra Leonean Exclusive Economic Zone", "eez_sovereign": "Sierra Leone", "eez_foreign": null, "authorization": "unverifiable", "authorities": "", "iuu_listed": false, "iuu_label": "", "imo": "", "next_port": null, "evidence_hash": "8fee983df92406f45491aaf38f5b5bff1af0ef851e209ecd2ad43c1f09aac908", "evidence_schema": "seavigil-evidence-1.0", "why": "Sentinel-1 SAR detection, confidence 0.71 \u00b7 length 29 m (industrial scale) \u00b7 classified fishing vessel (p=0.95) \u00b7 heading about 338 deg at 2 kn", "why_full": "Sentinel-1 SAR detection, confidence 0.71 \u00b7 length 29 m (industrial scale) \u00b7 classified fishing vessel (p=0.95) \u00b7 heading about 338 deg at 2 kn", "baseline": "", "caveats": "A SAR detection is a radar blip: it has a position and a size, not an identity. | Length, heading and the fishing-vessel class are model estimates, not ground truth. | Dark means no AIS broadcast matched at the acquisition time; without an AIS feed the broadcasting status is unverified, not assumed. | An inspection lead, not proof of illegal activity.", "caveat": "A SAR detection is a radar blip: it has a position and a size, not an identity.", "innocent": "A radar contact with no AIS may be a vessel not required to broadcast, sea clutter, or fixed infrastructure; treat as a lead to confirm."}}, {"type": "Feature", "geometry": {"type": "Point", "coordinates": [-13.216243743896484, 8.509509880330143]}, "properties": {"id": "s1sar__20260703_0003", "kind": "dark_vessel_sar", "mpa": "Sentinel-1 SAR detection", "severity": "low", "severity_reason": "SAR-detected vessel (broadcasting unverified)", "when": "2026-07-03T06:42:30Z", "score": 0.08, "vessel": "(SAR detection -- no AIS identity)", "ship_name": "", "ship_type": "Vessel", "destination": "", "gear": "Sentinel-1 SAR (our detection)", "flag": "", "flag_emoji": "", "eez": "Sierra Leonean Exclusive Economic Zone", "eez_sovereign": "Sierra Leone", "eez_foreign": null, "authorization": "unverifiable", "authorities": "", "iuu_listed": false, "iuu_label": "", "imo": "", "next_port": null, "evidence_hash": "832ea4215a9a1db638faf2915c380aac451f27651d86ce65c98e4fb7ee8e9099", "evidence_schema": "seavigil-evidence-1.0", "why": "Sentinel-1 SAR detection, confidence 0.99 \u00b7 length 66 m (industrial scale) \u00b7 classified non-fishing vessel (p=0.08) \u00b7 heading about 90 deg at 0 kn \u00b7 near-stationary at acquisition (likely at anchor)", "why_full": "Sentinel-1 SAR detection, confidence 0.99 \u00b7 length 66 m (industrial scale) \u00b7 classified non-fishing vessel (p=0.08) \u00b7 heading about 90 deg at 0 kn \u00b7 near-stationary at acquisition (likely at anchor)", "baseline": "", "caveats": "A SAR detection is a radar blip: it has a position and a size, not an identity. | Length, heading and the fishing-vessel class are model estimates, not ground truth. | Dark means no AIS broadcast matched at the acquisition time; without an AIS feed the broadcasting status is unverified, not assumed. | An inspection lead, not proof of illegal activity.", "caveat": "A SAR detection is a radar blip: it has a position and a size, not an identity.", "innocent": "A radar contact with no AIS may be a vessel not required to broadcast, sea clutter, or fixed infrastructure; treat as a lead to confirm."}}, {"type": "Feature", "geometry": {"type": "Point", "coordinates": [-13.23504066467285, 8.51332972252741]}, "properties": {"id": "s1sar__20260703_0004", "kind": "dark_vessel_sar", "mpa": "Sentinel-1 SAR detection", "severity": "low", "severity_reason": "SAR-detected vessel (broadcasting unverified)", "when": "2026-07-03T06:42:30Z", "score": 0.22, "vessel": "(SAR detection -- no AIS identity)", "ship_name": "", "ship_type": "Vessel", "destination": "", "gear": "Sentinel-1 SAR (our detection)", "flag": "", "flag_emoji": "", "eez": "Sierra Leonean Exclusive Economic Zone", "eez_sovereign": "Sierra Leone", "eez_foreign": null, "authorization": "unverifiable", "authorities": "", "iuu_listed": false, "iuu_label": "", "imo": "", "next_port": null, "evidence_hash": "c745efe4ff47da85afaaaac73949da9d0694dbac77832c30e57eafcbbd6c0727", "evidence_schema": "seavigil-evidence-1.0", "why": "Sentinel-1 SAR detection, confidence 0.98 \u00b7 length 39 m (industrial scale) \u00b7 classified non-fishing vessel (p=0.22) \u00b7 heading about 90 deg at 0 kn \u00b7 near-stationary at acquisition (likely at anchor)", "why_full": "Sentinel-1 SAR detection, confidence 0.98 \u00b7 length 39 m (industrial scale) \u00b7 classified non-fishing vessel (p=0.22) \u00b7 heading about 90 deg at 0 kn \u00b7 near-stationary at acquisition (likely at anchor)", "baseline": "", "caveats": "A SAR detection is a radar blip: it has a position and a size, not an identity. | Length, heading and the fishing-vessel class are model estimates, not ground truth. | Dark means no AIS broadcast matched at the acquisition time; without an AIS feed the broadcasting status is unverified, not assumed. | An inspection lead, not proof of illegal activity.", "caveat": "A SAR detection is a radar blip: it has a position and a size, not an identity.", "innocent": "A radar contact with no AIS may be a vessel not required to broadcast, sea clutter, or fixed infrastructure; treat as a lead to confirm."}}, {"type": "Feature", "geometry": {"type": "Point", "coordinates": [-13.20929145812988, 8.603466896613634]}, "properties": {"id": "s1sar__20260703_0007", "kind": "dark_vessel_sar", "mpa": "Sentinel-1 SAR detection", "severity": "low", "severity_reason": "SAR-detected vessel (broadcasting unverified)", "when": "2026-07-03T06:42:30Z", "score": 0.95, "vessel": "(SAR detection -- no AIS identity)", "ship_name": "", "ship_type": "Fishing vessel", "destination": "", "gear": "Sentinel-1 SAR (our detection)", "flag": "", "flag_emoji": "", "eez": "Sierra Leonean Exclusive Economic Zone", "eez_sovereign": "Sierra Leone", "eez_foreign": null, "authorization": "unverifiable", "authorities": "", "iuu_listed": false, "iuu_label": "", "imo": "", "next_port": null, "evidence_hash": "93690947fa6840d72aefec6dc2d22be1bcc94d717bd5dc75fa533dccfedabf16", "evidence_schema": "seavigil-evidence-1.0", "why": "Sentinel-1 SAR detection, confidence 0.94 \u00b7 length 29 m (industrial scale) \u00b7 classified fishing vessel (p=0.95) \u00b7 heading about 338 deg at 1 kn \u00b7 near-stationary at acquisition (likely at anchor)", "why_full": "Sentinel-1 SAR detection, confidence 0.94 \u00b7 length 29 m (industrial scale) \u00b7 classified fishing vessel (p=0.95) \u00b7 heading about 338 deg at 1 kn \u00b7 near-stationary at acquisition (likely at anchor)", "baseline": "", "caveats": "A SAR detection is a radar blip: it has a position and a size, not an identity. | Length, heading and the fishing-vessel class are model estimates, not ground truth. | Dark means no AIS broadcast matched at the acquisition time; without an AIS feed the broadcasting status is unverified, not assumed. | An inspection lead, not proof of illegal activity.", "caveat": "A SAR detection is a radar blip: it has a position and a size, not an identity.", "innocent": "A radar contact with no AIS may be a vessel not required to broadcast, sea clutter, or fixed infrastructure; treat as a lead to confirm."}}, {"type": "Feature", "geometry": {"type": "Point", "coordinates": [-13.20585823059082, 8.565530405059388]}, "properties": {"id": "s1sar__20260703_0009", "kind": "dark_vessel_sar", "mpa": "Sentinel-1 SAR detection", "severity": "medium", "severity_reason": "fishing-type vessel underway (broadcasting unverified)", "when": "2026-07-03T06:42:30Z", "score": 0.98, "vessel": "(SAR detection -- no AIS identity)", "ship_name": "", "ship_type": "Fishing vessel", "destination": "", "gear": "Sentinel-1 SAR (our detection)", "flag": "", "flag_emoji": "", "eez": "Sierra Leonean Exclusive Economic Zone", "eez_sovereign": "Sierra Leone", "eez_foreign": null, "authorization": "unverifiable", "authorities": "", "iuu_listed": false, "iuu_label": "", "imo": "", "next_port": null, "evidence_hash": "dba461fd776c660e067516a5dbe15a91f1046caeae94dc45bc082b475ad0e4bf", "evidence_schema": "seavigil-evidence-1.0", "why": "Sentinel-1 SAR detection, confidence 0.86 \u00b7 length 23 m (small) \u00b7 classified fishing vessel (p=0.98) \u00b7 heading about 338 deg at 3 kn", "why_full": "Sentinel-1 SAR detection, confidence 0.86 \u00b7 length 23 m (small) \u00b7 classified fishing vessel (p=0.98) \u00b7 heading about 338 deg at 3 kn", "baseline": "", "caveats": "A SAR detection is a radar blip: it has a position and a size, not an identity. | Length, heading and the fishing-vessel class are model estimates, not ground truth. | Dark means no AIS broadcast matched at the acquisition time; without an AIS feed the broadcasting status is unverified, not assumed. | An inspection lead, not proof of illegal activity.", "caveat": "A SAR detection is a radar blip: it has a position and a size, not an identity.", "innocent": "A radar contact with no AIS may be a vessel not required to broadcast, sea clutter, or fixed infrastructure; treat as a lead to confirm."}}, {"type": "Feature", "geometry": {"type": "Point", "coordinates": [-13.215642929077148, 8.566379137582853]}, "properties": {"id": "s1sar__20260703_0010", "kind": "dark_vessel_sar", "mpa": "Sentinel-1 SAR detection", "severity": "medium", "severity_reason": "fishing-type vessel underway (broadcasting unverified)", "when": "2026-07-03T06:42:30Z", "score": 0.98, "vessel": "(SAR detection -- no AIS identity)", "ship_name": "", "ship_type": "Fishing vessel", "destination": "", "gear": "Sentinel-1 SAR (our detection)", "flag": "", "flag_emoji": "", "eez": "Sierra Leonean Exclusive Economic Zone", "eez_sovereign": "Sierra Leone", "eez_foreign": null, "authorization": "unverifiable", "authorities": "", "iuu_listed": false, "iuu_label": "", "imo": "", "next_port": null, "evidence_hash": "42f6c1cf032ab65addefa8789c8f8bcdbe54c750354048c71854d781cb23e2b5", "evidence_schema": "seavigil-evidence-1.0", "why": "Sentinel-1 SAR detection, confidence 0.86 \u00b7 length 25 m (industrial scale) \u00b7 classified fishing vessel (p=0.98) \u00b7 heading about 0 deg at 2 kn", "why_full": "Sentinel-1 SAR detection, confidence 0.86 \u00b7 length 25 m (industrial scale) \u00b7 classified fishing vessel (p=0.98) \u00b7 heading about 0 deg at 2 kn", "baseline": "", "caveats": "A SAR detection is a radar blip: it has a position and a size, not an identity. | Length, heading and the fishing-vessel class are model estimates, not ground truth. | Dark means no AIS broadcast matched at the acquisition time; without an AIS feed the broadcasting status is unverified, not assumed. | An inspection lead, not proof of illegal activity.", "caveat": "A SAR detection is a radar blip: it has a position and a size, not an identity.", "innocent": "A radar contact with no AIS may be a vessel not required to broadcast, sea clutter, or fixed infrastructure; treat as a lead to confirm."}}, {"type": "Feature", "geometry": {"type": "Point", "coordinates": [-13.424898147583006, 8.472837458954604]}, "properties": {"id": "s1sar__20260703_0021", "kind": "dark_vessel_sar", "mpa": "Sentinel-1 SAR detection", "severity": "low", "severity_reason": "SAR-detected vessel (broadcasting unverified)", "when": "2026-07-03T06:42:30Z", "score": 0.02, "vessel": "(SAR detection -- no AIS identity)", "ship_name": "", "ship_type": "Vessel", "destination": "", "gear": "Sentinel-1 SAR (our detection)", "flag": "", "flag_emoji": "", "eez": "Sierra Leonean Exclusive Economic Zone", "eez_sovereign": "Sierra Leone", "eez_foreign": null, "authorization": "unverifiable", "authorities": "", "iuu_listed": false, "iuu_label": "", "imo": "", "next_port": null, "evidence_hash": "e90cab096e902b64c24d7a4549fcf6a3f3c03032b6e88b01e5986ea47262d0a4", "evidence_schema": "seavigil-evidence-1.0", "why": "Sentinel-1 SAR detection, confidence 0.99 \u00b7 length 92 m (industrial scale) \u00b7 classified non-fishing vessel (p=0.02) \u00b7 heading about 0 deg at 0 kn \u00b7 near-stationary at acquisition (likely at anchor)", "why_full": "Sentinel-1 SAR detection, confidence 0.99 \u00b7 length 92 m (industrial scale) \u00b7 classified non-fishing vessel (p=0.02) \u00b7 heading about 0 deg at 0 kn \u00b7 near-stationary at acquisition (likely at anchor)", "baseline": "", "caveats": "A SAR detection is a radar blip: it has a position and a size, not an identity. | Length, heading and the fishing-vessel class are model estimates, not ground truth. | Dark means no AIS broadcast matched at the acquisition time; without an AIS feed the broadcasting status is unverified, not assumed. | An inspection lead, not proof of illegal activity.", "caveat": "A SAR detection is a radar blip: it has a position and a size, not an identity.", "innocent": "A radar contact with no AIS may be a vessel not required to broadcast, sea clutter, or fixed infrastructure; treat as a lead to confirm."}}, {"type": "Feature", "geometry": {"type": "Point", "coordinates": [-13.39434242248535, 8.45203788728725]}, "properties": {"id": "s1sar__20260703_0022", "kind": "dark_vessel_sar", "mpa": "Sentinel-1 SAR detection", "severity": "low", "severity_reason": "SAR-detected vessel (broadcasting unverified)", "when": "2026-07-03T06:42:30Z", "score": 0.0, "vessel": "(SAR detection -- no AIS identity)", "ship_name": "", "ship_type": "Vessel", "destination": "", "gear": "Sentinel-1 SAR (our detection)", "flag": "", "flag_emoji": "", "eez": "Sierra Leonean Exclusive Economic Zone", "eez_sovereign": "Sierra Leone", "eez_foreign": null, "authorization": "unverifiable", "authorities": "", "iuu_listed": false, "iuu_label": "", "imo": "", "next_port": null, "evidence_hash": "02acd3491b006389f1f5ab4fa25e030c56609966502d28401ce515801b486434", "evidence_schema": "seavigil-evidence-1.0", "why": "Sentinel-1 SAR detection, confidence 0.99 \u00b7 length 165 m (industrial scale) \u00b7 classified non-fishing vessel (p=0.00) \u00b7 heading about 202 deg at 0 kn \u00b7 near-stationary at acquisition (likely at anchor)", "why_full": "Sentinel-1 SAR detection, confidence 0.99 \u00b7 length 165 m (industrial scale) \u00b7 classified non-fishing vessel (p=0.00) \u00b7 heading about 202 deg at 0 kn \u00b7 near-stationary at acquisition (likely at anchor)", "baseline": "", "caveats": "A SAR detection is a radar blip: it has a position and a size, not an identity. | Length, heading and the fishing-vessel class are model estimates, not ground truth. | Dark means no AIS broadcast matched at the acquisition time; without an AIS feed the broadcasting status is unverified, not assumed. | An inspection lead, not proof of illegal activity.", "caveat": "A SAR detection is a radar blip: it has a position and a size, not an identity.", "innocent": "A radar contact with no AIS may be a vessel not required to broadcast, sea clutter, or fixed infrastructure; treat as a lead to confirm."}}, {"type": "Feature", "geometry": {"type": "Point", "coordinates": [-13.413740158081051, 8.482854810696933]}, "properties": {"id": "s1sar__20260703_0023", "kind": "dark_vessel_sar", "mpa": "Sentinel-1 SAR detection", "severity": "low", "severity_reason": "SAR-detected vessel (broadcasting unverified)", "when": "2026-07-03T06:42:30Z", "score": 0.01, "vessel": "(SAR detection -- no AIS identity)", "ship_name": "", "ship_type": "Vessel", "destination": "", "gear": "Sentinel-1 SAR (our detection)", "flag": "", "flag_emoji": "", "eez": "Sierra Leonean Exclusive Economic Zone", "eez_sovereign": "Sierra Leone", "eez_foreign": null, "authorization": "unverifiable", "authorities": "", "iuu_listed": false, "iuu_label": "", "imo": "", "next_port": null, "evidence_hash": "d42af92df589848b564b2331ac6bbc8b1d07018817c6af65a66bd0824b977c58", "evidence_schema": "seavigil-evidence-1.0", "why": "Sentinel-1 SAR detection, confidence 0.99 \u00b7 length 103 m (industrial scale) \u00b7 classified non-fishing vessel (p=0.01) \u00b7 heading about 0 deg at 0 kn \u00b7 near-stationary at acquisition (likely at anchor)", "why_full": "Sentinel-1 SAR detection, confidence 0.99 \u00b7 length 103 m (industrial scale) \u00b7 classified non-fishing vessel (p=0.01) \u00b7 heading about 0 deg at 0 kn \u00b7 near-stationary at acquisition (likely at anchor)", "baseline": "", "caveats": "A SAR detection is a radar blip: it has a position and a size, not an identity. | Length, heading and the fishing-vessel class are model estimates, not ground truth. | Dark means no AIS broadcast matched at the acquisition time; without an AIS feed the broadcasting status is unverified, not assumed. | An inspection lead, not proof of illegal activity.", "caveat": "A SAR detection is a radar blip: it has a position and a size, not an identity.", "innocent": "A radar contact with no AIS may be a vessel not required to broadcast, sea clutter, or fixed infrastructure; treat as a lead to confirm."}}, {"type": "Feature", "geometry": {"type": "Point", "coordinates": [-13.456054687499996, 8.4710546825593]}, "properties": {"id": "s1sar__20260703_0024", "kind": "dark_vessel_sar", "mpa": "Sentinel-1 SAR detection", "severity": "low", "severity_reason": "SAR-detected vessel (broadcasting unverified)", "when": "2026-07-03T06:42:30Z", "score": 0.01, "vessel": "(SAR detection -- no AIS identity)", "ship_name": "", "ship_type": "Vessel", "destination": "", "gear": "Sentinel-1 SAR (our detection)", "flag": "", "flag_emoji": "", "eez": "Sierra Leonean Exclusive Economic Zone", "eez_sovereign": "Sierra Leone", "eez_foreign": null, "authorization": "unverifiable", "authorities": "", "iuu_listed": false, "iuu_label": "", "imo": "", "next_port": null, "evidence_hash": "1c0cba3de3f936d4d0c08833e6d2161f02618de9429442c01c542af5adde2111", "evidence_schema": "seavigil-evidence-1.0", "why": "Sentinel-1 SAR detection, confidence 0.99 \u00b7 length 92 m (industrial scale) \u00b7 classified non-fishing vessel (p=0.01) \u00b7 heading about 45 deg at 0 kn \u00b7 near-stationary at acquisition (likely at anchor)", "why_full": "Sentinel-1 SAR detection, confidence 0.99 \u00b7 length 92 m (industrial scale) \u00b7 classified non-fishing vessel (p=0.01) \u00b7 heading about 45 deg at 0 kn \u00b7 near-stationary at acquisition (likely at anchor)", "baseline": "", "caveats": "A SAR detection is a radar blip: it has a position and a size, not an identity. | Length, heading and the fishing-vessel class are model estimates, not ground truth. | Dark means no AIS broadcast matched at the acquisition time; without an AIS feed the broadcasting status is unverified, not assumed. | An inspection lead, not proof of illegal activity.", "caveat": "A SAR detection is a radar blip: it has a position and a size, not an identity.", "innocent": "A radar contact with no AIS may be a vessel not required to broadcast, sea clutter, or fixed infrastructure; treat as a lead to confirm."}}, {"type": "Feature", "geometry": {"type": "Point", "coordinates": [-13.38807678222656, 8.494060352255875]}, "properties": {"id": "s1sar__20260703_0025", "kind": "dark_vessel_sar", "mpa": "Sentinel-1 SAR detection", "severity": "low", "severity_reason": "SAR-detected vessel (broadcasting unverified)", "when": "2026-07-03T06:42:30Z", "score": 0.01, "vessel": "(SAR detection -- no AIS identity)", "ship_name": "", "ship_type": "Vessel", "destination": "", "gear": "Sentinel-1 SAR (our detection)", "flag": "", "flag_emoji": "", "eez": "Sierra Leonean Exclusive Economic Zone", "eez_sovereign": "Sierra Leone", "eez_foreign": null, "authorization": "unverifiable", "authorities": "", "iuu_listed": false, "iuu_label": "", "imo": "", "next_port": null, "evidence_hash": "4c1ab98584024c907faae9ef1a86e48030b6870d1ba75ced16d0e13ed3e1bf42", "evidence_schema": "seavigil-evidence-1.0", "why": "Sentinel-1 SAR detection, confidence 0.99 \u00b7 length 79 m (industrial scale) \u00b7 classified non-fishing vessel (p=0.01) \u00b7 heading about 0 deg at 0 kn \u00b7 near-stationary at acquisition (likely at anchor)", "why_full": "Sentinel-1 SAR detection, confidence 0.99 \u00b7 length 79 m (industrial scale) \u00b7 classified non-fishing vessel (p=0.01) \u00b7 heading about 0 deg at 0 kn \u00b7 near-stationary at acquisition (likely at anchor)", "baseline": "", "caveats": "A SAR detection is a radar blip: it has a position and a size, not an identity. | Length, heading and the fishing-vessel class are model estimates, not ground truth. | Dark means no AIS broadcast matched at the acquisition time; without an AIS feed the broadcasting status is unverified, not assumed. | An inspection lead, not proof of illegal activity.", "caveat": "A SAR detection is a radar blip: it has a position and a size, not an identity.", "innocent": "A radar contact with no AIS may be a vessel not required to broadcast, sea clutter, or fixed infrastructure; treat as a lead to confirm."}}, {"type": "Feature", "geometry": {"type": "Point", "coordinates": [-13.412881851196287, 8.475808734582916]}, "properties": {"id": "s1sar__20260703_0026", "kind": "dark_vessel_sar", "mpa": "Sentinel-1 SAR detection", "severity": "low", "severity_reason": "SAR-detected vessel (broadcasting unverified)", "when": "2026-07-03T06:42:30Z", "score": 0.03, "vessel": "(SAR detection -- no AIS identity)", "ship_name": "", "ship_type": "Vessel", "destination": "", "gear": "Sentinel-1 SAR (our detection)", "flag": "", "flag_emoji": "", "eez": "Sierra Leonean Exclusive Economic Zone", "eez_sovereign": "Sierra Leone", "eez_foreign": null, "authorization": "unverifiable", "authorities": "", "iuu_listed": false, "iuu_label": "", "imo": "", "next_port": null, "evidence_hash": "8e7ce077dff527c9555f1de766d87cfcfdc30c11fb8c0bf8e01e610d1aa1b01a", "evidence_schema": "seavigil-evidence-1.0", "why": "Sentinel-1 SAR detection, confidence 0.99 \u00b7 length 82 m (industrial scale) \u00b7 classified non-fishing vessel (p=0.03) \u00b7 heading about 180 deg at 1 kn \u00b7 near-stationary at acquisition (likely at anchor)", "why_full": "Sentinel-1 SAR detection, confidence 0.99 \u00b7 length 82 m (industrial scale) \u00b7 classified non-fishing vessel (p=0.03) \u00b7 heading about 180 deg at 1 kn \u00b7 near-stationary at acquisition (likely at anchor)", "baseline": "", "caveats": "A SAR detection is a radar blip: it has a position and a size, not an identity. | Length, heading and the fishing-vessel class are model estimates, not ground truth. | Dark means no AIS broadcast matched at the acquisition time; without an AIS feed the broadcasting status is unverified, not assumed. | An inspection lead, not proof of illegal activity.", "caveat": "A SAR detection is a radar blip: it has a position and a size, not an identity.", "innocent": "A radar contact with no AIS may be a vessel not required to broadcast, sea clutter, or fixed infrastructure; treat as a lead to confirm."}}, {"type": "Feature", "geometry": {"type": "Point", "coordinates": [-13.393999099731444, 8.490325208080124]}, "properties": {"id": "s1sar__20260703_0027", "kind": "dark_vessel_sar", "mpa": "Sentinel-1 SAR detection", "severity": "low", "severity_reason": "SAR-detected vessel (broadcasting unverified)", "when": "2026-07-03T06:42:30Z", "score": 0.01, "vessel": "(SAR detection -- no AIS identity)", "ship_name": "", "ship_type": "Vessel", "destination": "", "gear": "Sentinel-1 SAR (our detection)", "flag": "", "flag_emoji": "", "eez": "Sierra Leonean Exclusive Economic Zone", "eez_sovereign": "Sierra Leone", "eez_foreign": null, "authorization": "unverifiable", "authorities": "", "iuu_listed": false, "iuu_label": "", "imo": "", "next_port": null, "evidence_hash": "4af2f466926d584164083166bfa452fe14378467e2a662b79fd887c8a15fa1d2", "evidence_schema": "seavigil-evidence-1.0", "why": "Sentinel-1 SAR detection, confidence 0.99 \u00b7 length 105 m (industrial scale) \u00b7 classified non-fishing vessel (p=0.01) \u00b7 heading about 0 deg at 0 kn \u00b7 near-stationary at acquisition (likely at anchor)", "why_full": "Sentinel-1 SAR detection, confidence 0.99 \u00b7 length 105 m (industrial scale) \u00b7 classified non-fishing vessel (p=0.01) \u00b7 heading about 0 deg at 0 kn \u00b7 near-stationary at acquisition (likely at anchor)", "baseline": "", "caveats": "A SAR detection is a radar blip: it has a position and a size, not an identity. | Length, heading and the fishing-vessel class are model estimates, not ground truth. | Dark means no AIS broadcast matched at the acquisition time; without an AIS feed the broadcasting status is unverified, not assumed. | An inspection lead, not proof of illegal activity.", "caveat": "A SAR detection is a radar blip: it has a position and a size, not an identity.", "innocent": "A radar contact with no AIS may be a vessel not required to broadcast, sea clutter, or fixed infrastructure; treat as a lead to confirm."}}, {"type": "Feature", "geometry": {"type": "Point", "coordinates": [-13.38284111022949, 8.481156972845328]}, "properties": {"id": "s1sar__20260703_0028", "kind": "dark_vessel_sar", "mpa": "Sentinel-1 SAR detection", "severity": "low", "severity_reason": "SAR-detected vessel (broadcasting unverified)", "when": "2026-07-03T06:42:30Z", "score": 0.04, "vessel": "(SAR detection -- no AIS identity)", "ship_name": "", "ship_type": "Vessel", "destination": "", "gear": "Sentinel-1 SAR (our detection)", "flag": "", "flag_emoji": "", "eez": "Sierra Leonean Exclusive Economic Zone", "eez_sovereign": "Sierra Leone", "eez_foreign": null, "authorization": "unverifiable", "authorities": "", "iuu_listed": false, "iuu_label": "", "imo": "", "next_port": null, "evidence_hash": "c7e20d549144176dd21a5eb9840149fb4347716225936e53584f49a126a77462", "evidence_schema": "seavigil-evidence-1.0", "why": "Sentinel-1 SAR detection, confidence 0.99 \u00b7 length 85 m (industrial scale) \u00b7 classified non-fishing vessel (p=0.04) \u00b7 heading about 22 deg at 7 kn", "why_full": "Sentinel-1 SAR detection, confidence 0.99 \u00b7 length 85 m (industrial scale) \u00b7 classified non-fishing vessel (p=0.04) \u00b7 heading about 22 deg at 7 kn", "baseline": "", "caveats": "A SAR detection is a radar blip: it has a position and a size, not an identity. | Length, heading and the fishing-vessel class are model estimates, not ground truth. | Dark means no AIS broadcast matched at the acquisition time; without an AIS feed the broadcasting status is unverified, not assumed. | An inspection lead, not proof of illegal activity.", "caveat": "A SAR detection is a radar blip: it has a position and a size, not an identity.", "innocent": "A radar contact with no AIS may be a vessel not required to broadcast, sea clutter, or fixed infrastructure; treat as a lead to confirm."}}, {"type": "Feature", "geometry": {"type": "Point", "coordinates": [-13.386960983276364, 8.47563894802264]}, "properties": {"id": "s1sar__20260703_0029", "kind": "dark_vessel_sar", "mpa": "Sentinel-1 SAR detection", "severity": "low", "severity_reason": "SAR-detected vessel (broadcasting unverified)", "when": "2026-07-03T06:42:30Z", "score": 0.03, "vessel": "(SAR detection -- no AIS identity)", "ship_name": "", "ship_type": "Vessel", "destination": "", "gear": "Sentinel-1 SAR (our detection)", "flag": "", "flag_emoji": "", "eez": "Sierra Leonean Exclusive Economic Zone", "eez_sovereign": "Sierra Leone", "eez_foreign": null, "authorization": "unverifiable", "authorities": "", "iuu_listed": false, "iuu_label": "", "imo": "", "next_port": null, "evidence_hash": "726dc55bebc282f59543a07665614c356f35b14618212b393c12874d1ed9b601", "evidence_schema": "seavigil-evidence-1.0", "why": "Sentinel-1 SAR detection, confidence 0.99 \u00b7 length 52 m (industrial scale) \u00b7 classified non-fishing vessel (p=0.03) \u00b7 heading about 225 deg at 5 kn", "why_full": "Sentinel-1 SAR detection, confidence 0.99 \u00b7 length 52 m (industrial scale) \u00b7 classified non-fishing vessel (p=0.03) \u00b7 heading about 225 deg at 5 kn", "baseline": "", "caveats": "A SAR detection is a radar blip: it has a position and a size, not an identity. | Length, heading and the fishing-vessel class are model estimates, not ground truth. | Dark means no AIS broadcast matched at the acquisition time; without an AIS feed the broadcasting status is unverified, not assumed. | An inspection lead, not proof of illegal activity.", "caveat": "A SAR detection is a radar blip: it has a position and a size, not an identity.", "innocent": "A radar contact with no AIS may be a vessel not required to broadcast, sea clutter, or fixed infrastructure; treat as a lead to confirm."}}, {"type": "Feature", "geometry": {"type": "Point", "coordinates": [-13.403869628906248, 8.480392943364405]}, "properties": {"id": "s1sar__20260703_0030", "kind": "dark_vessel_sar", "mpa": "Sentinel-1 SAR detection", "severity": "medium", "severity_reason": "fishing-type vessel underway (broadcasting unverified)", "when": "2026-07-03T06:42:30Z", "score": 0.96, "vessel": "(SAR detection -- no AIS identity)", "ship_name": "", "ship_type": "Fishing vessel", "destination": "", "gear": "Sentinel-1 SAR (our detection)", "flag": "", "flag_emoji": "", "eez": "Sierra Leonean Exclusive Economic Zone", "eez_sovereign": "Sierra Leone", "eez_foreign": null, "authorization": "unverifiable", "authorities": "", "iuu_listed": false, "iuu_label": "", "imo": "", "next_port": null, "evidence_hash": "6ebfec86a66499e2966f30f942f9637891a53fc58dc1c0c9bbc743cebb62418a", "evidence_schema": "seavigil-evidence-1.0", "why": "Sentinel-1 SAR detection, confidence 0.99 \u00b7 length 26 m (industrial scale) \u00b7 classified fishing vessel (p=0.96) \u00b7 heading about 338 deg at 2 kn", "why_full": "Sentinel-1 SAR detection, confidence 0.99 \u00b7 length 26 m (industrial scale) \u00b7 classified fishing vessel (p=0.96) \u00b7 heading about 338 deg at 2 kn", "baseline": "", "caveats": "A SAR detection is a radar blip: it has a position and a size, not an identity. | Length, heading and the fishing-vessel class are model estimates, not ground truth. | Dark means no AIS broadcast matched at the acquisition time; without an AIS feed the broadcasting status is unverified, not assumed. | An inspection lead, not proof of illegal activity.", "caveat": "A SAR detection is a radar blip: it has a position and a size, not an identity.", "innocent": "A radar contact with no AIS may be a vessel not required to broadcast, sea clutter, or fixed infrastructure; treat as a lead to confirm."}}, {"type": "Feature", "geometry": {"type": "Point", "coordinates": [-13.39477157592773, 8.463244326708725]}, "properties": {"id": "s1sar__20260703_0031", "kind": "dark_vessel_sar", "mpa": "Sentinel-1 SAR detection", "severity": "low", "severity_reason": "SAR-detected vessel (broadcasting unverified)", "when": "2026-07-03T06:42:30Z", "score": 0.85, "vessel": "(SAR detection -- no AIS identity)", "ship_name": "", "ship_type": "Fishing vessel", "destination": "", "gear": "Sentinel-1 SAR (our detection)", "flag": "", "flag_emoji": "", "eez": "Sierra Leonean Exclusive Economic Zone", "eez_sovereign": "Sierra Leone", "eez_foreign": null, "authorization": "unverifiable", "authorities": "", "iuu_listed": false, "iuu_label": "", "imo": "", "next_port": null, "evidence_hash": "6cdeb1977da1438187d4e4dee1ac95cff5084a0f29304882c7562bbd18a91b0b", "evidence_schema": "seavigil-evidence-1.0", "why": "Sentinel-1 SAR detection, confidence 0.98 \u00b7 length 37 m (industrial scale) \u00b7 classified fishing vessel (p=0.85) \u00b7 heading about 0 deg at 1 kn \u00b7 near-stationary at acquisition (likely at anchor)", "why_full": "Sentinel-1 SAR detection, confidence 0.98 \u00b7 length 37 m (industrial scale) \u00b7 classified fishing vessel (p=0.85) \u00b7 heading about 0 deg at 1 kn \u00b7 near-stationary at acquisition (likely at anchor)", "baseline": "", "caveats": "A SAR detection is a radar blip: it has a position and a size, not an identity. | Length, heading and the fishing-vessel class are model estimates, not ground truth. | Dark means no AIS broadcast matched at the acquisition time; without an AIS feed the broadcasting status is unverified, not assumed. | An inspection lead, not proof of illegal activity.", "caveat": "A SAR detection is a radar blip: it has a position and a size, not an identity.", "innocent": "A radar contact with no AIS may be a vessel not required to broadcast, sea clutter, or fixed infrastructure; treat as a lead to confirm."}}, {"type": "Feature", "geometry": {"type": "Point", "coordinates": [-13.389879226684569, 8.46995105493616]}, "properties": {"id": "s1sar__20260703_0032", "kind": "dark_vessel_sar", "mpa": "Sentinel-1 SAR detection", "severity": "low", "severity_reason": "SAR-detected vessel (broadcasting unverified)", "when": "2026-07-03T06:42:30Z", "score": 0.01, "vessel": "(SAR detection -- no AIS identity)", "ship_name": "", "ship_type": "Vessel", "destination": "", "gear": "Sentinel-1 SAR (our detection)", "flag": "", "flag_emoji": "", "eez": "Sierra Leonean Exclusive Economic Zone", "eez_sovereign": "Sierra Leone", "eez_foreign": null, "authorization": "unverifiable", "authorities": "", "iuu_listed": false, "iuu_label": "", "imo": "", "next_port": null, "evidence_hash": "317c9923ad24d7285593bb647066fde8698b3017081199cc49952c2701d4a02e", "evidence_schema": "seavigil-evidence-1.0", "why": "Sentinel-1 SAR detection, confidence 0.94 \u00b7 length 98 m (industrial scale) \u00b7 classified non-fishing vessel (p=0.01) \u00b7 heading about 45 deg at 0 kn \u00b7 near-stationary at acquisition (likely at anchor)", "why_full": "Sentinel-1 SAR detection, confidence 0.94 \u00b7 length 98 m (industrial scale) \u00b7 classified non-fishing vessel (p=0.01) \u00b7 heading about 45 deg at 0 kn \u00b7 near-stationary at acquisition (likely at anchor)", "baseline": "", "caveats": "A SAR detection is a radar blip: it has a position and a size, not an identity. | Length, heading and the fishing-vessel class are model estimates, not ground truth. | Dark means no AIS broadcast matched at the acquisition time; without an AIS feed the broadcasting status is unverified, not assumed. | An inspection lead, not proof of illegal activity.", "caveat": "A SAR detection is a radar blip: it has a position and a size, not an identity.", "innocent": "A radar contact with no AIS may be a vessel not required to broadcast, sea clutter, or fixed infrastructure; treat as a lead to confirm."}}, {"type": "Feature", "geometry": {"type": "Point", "coordinates": [-13.38678932189941, 8.47096978823914]}, "properties": {"id": "s1sar__20260703_0033", "kind": "dark_vessel_sar", "mpa": "Sentinel-1 SAR detection", "severity": "low", "severity_reason": "SAR-detected vessel (broadcasting unverified)", "when": "2026-07-03T06:42:30Z", "score": 0.0, "vessel": "(SAR detection -- no AIS identity)", "ship_name": "", "ship_type": "Vessel", "destination": "", "gear": "Sentinel-1 SAR (our detection)", "flag": "", "flag_emoji": "", "eez": "Sierra Leonean Exclusive Economic Zone", "eez_sovereign": "Sierra Leone", "eez_foreign": null, "authorization": "unverifiable", "authorities": "", "iuu_listed": false, "iuu_label": "", "imo": "", "next_port": null, "evidence_hash": "c4138b4f3696f33a6d4f11d34f9abf0ea6709c4d266e6cdad16086847f97b851", "evidence_schema": "seavigil-evidence-1.0", "why": "Sentinel-1 SAR detection, confidence 0.92 \u00b7 length 201 m (industrial scale) \u00b7 classified non-fishing vessel (p=0.00) \u00b7 heading about 45 deg at 0 kn \u00b7 near-stationary at acquisition (likely at anchor)", "why_full": "Sentinel-1 SAR detection, confidence 0.92 \u00b7 length 201 m (industrial scale) \u00b7 classified non-fishing vessel (p=0.00) \u00b7 heading about 45 deg at 0 kn \u00b7 near-stationary at acquisition (likely at anchor)", "baseline": "", "caveats": "A SAR detection is a radar blip: it has a position and a size, not an identity. | Length, heading and the fishing-vessel class are model estimates, not ground truth. | Dark means no AIS broadcast matched at the acquisition time; without an AIS feed the broadcasting status is unverified, not assumed. | An inspection lead, not proof of illegal activity.", "caveat": "A SAR detection is a radar blip: it has a position and a size, not an identity.", "innocent": "A radar contact with no AIS may be a vessel not required to broadcast, sea clutter, or fixed infrastructure; treat as a lead to confirm."}}, {"type": "Feature", "geometry": {"type": "Point", "coordinates": [-13.301988601684569, 8.451868090244629]}, "properties": {"id": "s1sar__20260703_0034", "kind": "dark_vessel_sar", "mpa": "Sentinel-1 SAR detection", "severity": "low", "severity_reason": "SAR-detected vessel (broadcasting unverified)", "when": "2026-07-03T06:42:30Z", "score": 0.29, "vessel": "(SAR detection -- no AIS identity)", "ship_name": "", "ship_type": "Vessel", "destination": "", "gear": "Sentinel-1 SAR (our detection)", "flag": "", "flag_emoji": "", "eez": "Sierra Leonean Exclusive Economic Zone", "eez_sovereign": "Sierra Leone", "eez_foreign": null, "authorization": "unverifiable", "authorities": "", "iuu_listed": false, "iuu_label": "", "imo": "", "next_port": null, "evidence_hash": "154364d84a25f22199776a3ca6627c0f41045c6d2d3f30f4ed7e26a368b7cec2", "evidence_schema": "seavigil-evidence-1.0", "why": "Sentinel-1 SAR detection, confidence 0.99 \u00b7 length 44 m (industrial scale) \u00b7 classified non-fishing vessel (p=0.29) \u00b7 heading about 0 deg at 0 kn \u00b7 near-stationary at acquisition (likely at anchor)", "why_full": "Sentinel-1 SAR detection, confidence 0.99 \u00b7 length 44 m (industrial scale) \u00b7 classified non-fishing vessel (p=0.29) \u00b7 heading about 0 deg at 0 kn \u00b7 near-stationary at acquisition (likely at anchor)", "baseline": "", "caveats": "A SAR detection is a radar blip: it has a position and a size, not an identity. | Length, heading and the fishing-vessel class are model estimates, not ground truth. | Dark means no AIS broadcast matched at the acquisition time; without an AIS feed the broadcasting status is unverified, not assumed. | An inspection lead, not proof of illegal activity.", "caveat": "A SAR detection is a radar blip: it has a position and a size, not an identity.", "innocent": "A radar contact with no AIS may be a vessel not required to broadcast, sea clutter, or fixed infrastructure; treat as a lead to confirm."}}, {"type": "Feature", "geometry": {"type": "Point", "coordinates": [-13.311258316040036, 8.496946575122124]}, "properties": {"id": "s1sar__20260703_0035", "kind": "dark_vessel_sar", "mpa": "Sentinel-1 SAR detection", "severity": "low", "severity_reason": "SAR-detected vessel (broadcasting unverified)", "when": "2026-07-03T06:42:30Z", "score": 0.01, "vessel": "(SAR detection -- no AIS identity)", "ship_name": "", "ship_type": "Vessel", "destination": "", "gear": "Sentinel-1 SAR (our detection)", "flag": "", "flag_emoji": "", "eez": "Sierra Leonean Exclusive Economic Zone", "eez_sovereign": "Sierra Leone", "eez_foreign": null, "authorization": "unverifiable", "authorities": "", "iuu_listed": false, "iuu_label": "", "imo": "", "next_port": null, "evidence_hash": "7bdc99c7d752f17f48fc513f3887328cfae266696711857f17928734a1f4b10e", "evidence_schema": "seavigil-evidence-1.0", "why": "Sentinel-1 SAR detection, confidence 0.99 \u00b7 length 176 m (industrial scale) \u00b7 classified non-fishing vessel (p=0.01) \u00b7 heading about 158 deg at 0 kn \u00b7 near-stationary at acquisition (likely at anchor)", "why_full": "Sentinel-1 SAR detection, confidence 0.99 \u00b7 length 176 m (industrial scale) \u00b7 classified non-fishing vessel (p=0.01) \u00b7 heading about 158 deg at 0 kn \u00b7 near-stationary at acquisition (likely at anchor)", "baseline": "", "caveats": "A SAR detection is a radar blip: it has a position and a size, not an identity. | Length, heading and the fishing-vessel class are model estimates, not ground truth. | Dark means no AIS broadcast matched at the acquisition time; without an AIS feed the broadcasting status is unverified, not assumed. | An inspection lead, not proof of illegal activity.", "caveat": "A SAR detection is a radar blip: it has a position and a size, not an identity.", "innocent": "A radar contact with no AIS may be a vessel not required to broadcast, sea clutter, or fixed infrastructure; treat as a lead to confirm."}}, {"type": "Feature", "geometry": {"type": "Point", "coordinates": [-13.343015670776364, 8.474195759233304]}, "properties": {"id": "s1sar__20260703_0036", "kind": "dark_vessel_sar", "mpa": "Sentinel-1 SAR detection", "severity": "low", "severity_reason": "SAR-detected vessel (broadcasting unverified)", "when": "2026-07-03T06:42:30Z", "score": 0.0, "vessel": "(SAR detection -- no AIS identity)", "ship_name": "", "ship_type": "Vessel", "destination": "", "gear": "Sentinel-1 SAR (our detection)", "flag": "", "flag_emoji": "", "eez": "Sierra Leonean Exclusive Economic Zone", "eez_sovereign": "Sierra Leone", "eez_foreign": null, "authorization": "unverifiable", "authorities": "", "iuu_listed": false, "iuu_label": "", "imo": "", "next_port": null, "evidence_hash": "76d1e2f33ed53d83b2de74fa62b9dfa09a6650438e97006c5ab5d5b9607dcc5b", "evidence_schema": "seavigil-evidence-1.0", "why": "Sentinel-1 SAR detection, confidence 0.99 \u00b7 length 180 m (industrial scale) \u00b7 classified non-fishing vessel (p=0.00) \u00b7 heading about 180 deg at 5 kn", "why_full": "Sentinel-1 SAR detection, confidence 0.99 \u00b7 length 180 m (industrial scale) \u00b7 classified non-fishing vessel (p=0.00) \u00b7 heading about 180 deg at 5 kn", "baseline": "", "caveats": "A SAR detection is a radar blip: it has a position and a size, not an identity. | Length, heading and the fishing-vessel class are model estimates, not ground truth. | Dark means no AIS broadcast matched at the acquisition time; without an AIS feed the broadcasting status is unverified, not assumed. | An inspection lead, not proof of illegal activity.", "caveat": "A SAR detection is a radar blip: it has a position and a size, not an identity.", "innocent": "A radar contact with no AIS may be a vessel not required to broadcast, sea clutter, or fixed infrastructure; treat as a lead to confirm."}}, {"type": "Feature", "geometry": {"type": "Point", "coordinates": [-13.359838485717772, 8.474874907573598]}, "properties": {"id": "s1sar__20260703_0037", "kind": "dark_vessel_sar", "mpa": "Sentinel-1 SAR detection", "severity": "low", "severity_reason": "SAR-detected vessel (broadcasting unverified)", "when": "2026-07-03T06:42:30Z", "score": 0.02, "vessel": "(SAR detection -- no AIS identity)", "ship_name": "", "ship_type": "Vessel", "destination": "", "gear": "Sentinel-1 SAR (our detection)", "flag": "", "flag_emoji": "", "eez": "Sierra Leonean Exclusive Economic Zone", "eez_sovereign": "Sierra Leone", "eez_foreign": null, "authorization": "unverifiable", "authorities": "", "iuu_listed": false, "iuu_label": "", "imo": "", "next_port": null, "evidence_hash": "ed0680f895a288ff69d4eca8acc9160224be421c2eecc4d314f5b4ffd48d75b3", "evidence_schema": "seavigil-evidence-1.0", "why": "Sentinel-1 SAR detection, confidence 0.99 \u00b7 length 113 m (industrial scale) \u00b7 classified non-fishing vessel (p=0.02) \u00b7 heading about 0 deg at 0 kn \u00b7 near-stationary at acquisition (likely at anchor)", "why_full": "Sentinel-1 SAR detection, confidence 0.99 \u00b7 length 113 m (industrial scale) \u00b7 classified non-fishing vessel (p=0.02) \u00b7 heading about 0 deg at 0 kn \u00b7 near-stationary at acquisition (likely at anchor)", "baseline": "", "caveats": "A SAR detection is a radar blip: it has a position and a size, not an identity. | Length, heading and the fishing-vessel class are model estimates, not ground truth. | Dark means no AIS broadcast matched at the acquisition time; without an AIS feed the broadcasting status is unverified, not assumed. | An inspection lead, not proof of illegal activity.", "caveat": "A SAR detection is a radar blip: it has a position and a size, not an identity.", "innocent": "A radar contact with no AIS may be a vessel not required to broadcast, sea clutter, or fixed infrastructure; treat as a lead to confirm."}}, {"type": "Feature", "geometry": {"type": "Point", "coordinates": [-13.330312728881834, 8.475723841312147]}, "properties": {"id": "s1sar__20260703_0038", "kind": "dark_vessel_sar", "mpa": "Sentinel-1 SAR detection", "severity": "low", "severity_reason": "SAR-detected vessel (broadcasting unverified)", "when": "2026-07-03T06:42:30Z", "score": 0.16, "vessel": "(SAR detection -- no AIS identity)", "ship_name": "", "ship_type": "Vessel", "destination": "", "gear": "Sentinel-1 SAR (our detection)", "flag": "", "flag_emoji": "", "eez": "Sierra Leonean Exclusive Economic Zone", "eez_sovereign": "Sierra Leone", "eez_foreign": null, "authorization": "unverifiable", "authorities": "", "iuu_listed": false, "iuu_label": "", "imo": "", "next_port": null, "evidence_hash": "b16d73531b4cb9e62f5e09e16125a5ac0a522e8537e37ba3b586153d314d1e67", "evidence_schema": "seavigil-evidence-1.0", "why": "Sentinel-1 SAR detection, confidence 0.99 \u00b7 length 53 m (industrial scale) \u00b7 classified non-fishing vessel (p=0.16) \u00b7 heading about 0 deg at 0 kn \u00b7 near-stationary at acquisition (likely at anchor)", "why_full": "Sentinel-1 SAR detection, confidence 0.99 \u00b7 length 53 m (industrial scale) \u00b7 classified non-fishing vessel (p=0.16) \u00b7 heading about 0 deg at 0 kn \u00b7 near-stationary at acquisition (likely at anchor)", "baseline": "", "caveats": "A SAR detection is a radar blip: it has a position and a size, not an identity. | Length, heading and the fishing-vessel class are model estimates, not ground truth. | Dark means no AIS broadcast matched at the acquisition time; without an AIS feed the broadcasting status is unverified, not assumed. | An inspection lead, not proof of illegal activity.", "caveat": "A SAR detection is a radar blip: it has a position and a size, not an identity.", "innocent": "A radar contact with no AIS may be a vessel not required to broadcast, sea clutter, or fixed infrastructure; treat as a lead to confirm."}}, {"type": "Feature", "geometry": {"type": "Point", "coordinates": [-13.318296432495115, 8.481581433011629]}, "properties": {"id": "s1sar__20260703_0039", "kind": "dark_vessel_sar", "mpa": "Sentinel-1 SAR detection", "severity": "low", "severity_reason": "SAR-detected vessel (broadcasting unverified)", "when": "2026-07-03T06:42:30Z", "score": 0.16, "vessel": "(SAR detection -- no AIS identity)", "ship_name": "", "ship_type": "Vessel", "destination": "", "gear": "Sentinel-1 SAR (our detection)", "flag": "", "flag_emoji": "", "eez": "Sierra Leonean Exclusive Economic Zone", "eez_sovereign": "Sierra Leone", "eez_foreign": null, "authorization": "unverifiable", "authorities": "", "iuu_listed": false, "iuu_label": "", "imo": "", "next_port": null, "evidence_hash": "ffef1658fe30b378e57f55790a3d8550325a2043815b6bad3cec5993dbc8acd8", "evidence_schema": "seavigil-evidence-1.0", "why": "Sentinel-1 SAR detection, confidence 0.99 \u00b7 length 63 m (industrial scale) \u00b7 classified non-fishing vessel (p=0.16) \u00b7 heading about 0 deg at 0 kn \u00b7 near-stationary at acquisition (likely at anchor)", "why_full": "Sentinel-1 SAR detection, confidence 0.99 \u00b7 length 63 m (industrial scale) \u00b7 classified non-fishing vessel (p=0.16) \u00b7 heading about 0 deg at 0 kn \u00b7 near-stationary at acquisition (likely at anchor)", "baseline": "", "caveats": "A SAR detection is a radar blip: it has a position and a size, not an identity. | Length, heading and the fishing-vessel class are model estimates, not ground truth. | Dark means no AIS broadcast matched at the acquisition time; without an AIS feed the broadcasting status is unverified, not assumed. | An inspection lead, not proof of illegal activity.", "caveat": "A SAR detection is a radar blip: it has a position and a size, not an identity.", "innocent": "A radar contact with no AIS may be a vessel not required to broadcast, sea clutter, or fixed infrastructure; treat as a lead to confirm."}}, {"type": "Feature", "geometry": {"type": "Point", "coordinates": [-13.279672622680662, 8.500681654822763]}, "properties": {"id": "s1sar__20260703_0040", "kind": "dark_vessel_sar", "mpa": "Sentinel-1 SAR detection", "severity": "low", "severity_reason": "SAR-detected vessel (broadcasting unverified)", "when": "2026-07-03T06:42:30Z", "score": 0.0, "vessel": "(SAR detection -- no AIS identity)", "ship_name": "", "ship_type": "Vessel", "destination": "", "gear": "Sentinel-1 SAR (our detection)", "flag": "", "flag_emoji": "", "eez": "Sierra Leonean Exclusive Economic Zone", "eez_sovereign": "Sierra Leone", "eez_foreign": null, "authorization": "unverifiable", "authorities": "", "iuu_listed": false, "iuu_label": "", "imo": "", "next_port": null, "evidence_hash": "56bcd06e9e8b93cbe5991d14f9ada475458ec2ad9f3e0498823fd972b64d4daf", "evidence_schema": "seavigil-evidence-1.0", "why": "Sentinel-1 SAR detection, confidence 0.99 \u00b7 length 76 m (industrial scale) \u00b7 classified non-fishing vessel (p=0.00) \u00b7 heading about 68 deg at 0 kn \u00b7 near-stationary at acquisition (likely at anchor)", "why_full": "Sentinel-1 SAR detection, confidence 0.99 \u00b7 length 76 m (industrial scale) \u00b7 classified non-fishing vessel (p=0.00) \u00b7 heading about 68 deg at 0 kn \u00b7 near-stationary at acquisition (likely at anchor)", "baseline": "", "caveats": "A SAR detection is a radar blip: it has a position and a size, not an identity. | Length, heading and the fishing-vessel class are model estimates, not ground truth. | Dark means no AIS broadcast matched at the acquisition time; without an AIS feed the broadcasting status is unverified, not assumed. | An inspection lead, not proof of illegal activity.", "caveat": "A SAR detection is a radar blip: it has a position and a size, not an identity.", "innocent": "A radar contact with no AIS may be a vessel not required to broadcast, sea clutter, or fixed infrastructure; treat as a lead to confirm."}}, {"type": "Feature", "geometry": {"type": "Point", "coordinates": [-13.332372665405272, 8.482345460129272]}, "properties": {"id": "s1sar__20260703_0041", "kind": "dark_vessel_sar", "mpa": "Sentinel-1 SAR detection", "severity": "low", "severity_reason": "SAR-detected vessel (broadcasting unverified)", "when": "2026-07-03T06:42:30Z", "score": 0.07, "vessel": "(SAR detection -- no AIS identity)", "ship_name": "", "ship_type": "Vessel", "destination": "", "gear": "Sentinel-1 SAR (our detection)", "flag": "", "flag_emoji": "", "eez": "Sierra Leonean Exclusive Economic Zone", "eez_sovereign": "Sierra Leone", "eez_foreign": null, "authorization": "unverifiable", "authorities": "", "iuu_listed": false, "iuu_label": "", "imo": "", "next_port": null, "evidence_hash": "806821b11b2101d20f9f7a6b3346fcd4379a1fc4016d481508e1c56186773e6c", "evidence_schema": "seavigil-evidence-1.0", "why": "Sentinel-1 SAR detection, confidence 0.99 \u00b7 length 56 m (industrial scale) \u00b7 classified non-fishing vessel (p=0.07) \u00b7 heading about 0 deg at 0 kn \u00b7 near-stationary at acquisition (likely at anchor)", "why_full": "Sentinel-1 SAR detection, confidence 0.99 \u00b7 length 56 m (industrial scale) \u00b7 classified non-fishing vessel (p=0.07) \u00b7 heading about 0 deg at 0 kn \u00b7 near-stationary at acquisition (likely at anchor)", "baseline": "", "caveats": "A SAR detection is a radar blip: it has a position and a size, not an identity. | Length, heading and the fishing-vessel class are model estimates, not ground truth. | Dark means no AIS broadcast matched at the acquisition time; without an AIS feed the broadcasting status is unverified, not assumed. | An inspection lead, not proof of illegal activity.", "caveat": "A SAR detection is a radar blip: it has a position and a size, not an identity.", "innocent": "A radar contact with no AIS may be a vessel not required to broadcast, sea clutter, or fixed infrastructure; treat as a lead to confirm."}}, {"type": "Feature", "geometry": {"type": "Point", "coordinates": [-13.321557998657225, 8.48616557292364]}, "properties": {"id": "s1sar__20260703_0042", "kind": "dark_vessel_sar", "mpa": "Sentinel-1 SAR detection", "severity": "low", "severity_reason": "SAR-detected vessel (broadcasting unverified)", "when": "2026-07-03T06:42:30Z", "score": 0.3, "vessel": "(SAR detection -- no AIS identity)", "ship_name": "", "ship_type": "Vessel", "destination": "", "gear": "Sentinel-1 SAR (our detection)", "flag": "", "flag_emoji": "", "eez": "Sierra Leonean Exclusive Economic Zone", "eez_sovereign": "Sierra Leone", "eez_foreign": null, "authorization": "unverifiable", "authorities": "", "iuu_listed": false, "iuu_label": "", "imo": "", "next_port": null, "evidence_hash": "97a9a2b0add22cb17c697520f35694e877e84e6fd28c8fa80907fe726ef9b671", "evidence_schema": "seavigil-evidence-1.0", "why": "Sentinel-1 SAR detection, confidence 0.99 \u00b7 length 65 m (industrial scale) \u00b7 classified non-fishing vessel (p=0.30) \u00b7 heading about 0 deg at 0 kn \u00b7 near-stationary at acquisition (likely at anchor)", "why_full": "Sentinel-1 SAR detection, confidence 0.99 \u00b7 length 65 m (industrial scale) \u00b7 classified non-fishing vessel (p=0.30) \u00b7 heading about 0 deg at 0 kn \u00b7 near-stationary at acquisition (likely at anchor)", "baseline": "", "caveats": "A SAR detection is a radar blip: it has a position and a size, not an identity. | Length, heading and the fishing-vessel class are model estimates, not ground truth. | Dark means no AIS broadcast matched at the acquisition time; without an AIS feed the broadcasting status is unverified, not assumed. | An inspection lead, not proof of illegal activity.", "caveat": "A SAR detection is a radar blip: it has a position and a size, not an identity.", "innocent": "A radar contact with no AIS may be a vessel not required to broadcast, sea clutter, or fixed infrastructure; treat as a lead to confirm."}}, {"type": "Feature", "geometry": {"type": "Point", "coordinates": [-13.291088104248043, 8.504756245717894]}, "properties": {"id": "s1sar__20260703_0043", "kind": "dark_vessel_sar", "mpa": "Sentinel-1 SAR detection", "severity": "low", "severity_reason": "SAR-detected vessel (broadcasting unverified)", "when": "2026-07-03T06:42:30Z", "score": 0.06, "vessel": "(SAR detection -- no AIS identity)", "ship_name": "", "ship_type": "Vessel", "destination": "", "gear": "Sentinel-1 SAR (our detection)", "flag": "", "flag_emoji": "", "eez": "Sierra Leonean Exclusive Economic Zone", "eez_sovereign": "Sierra Leone", "eez_foreign": null, "authorization": "unverifiable", "authorities": "", "iuu_listed": false, "iuu_label": "", "imo": "", "next_port": null, "evidence_hash": "ef754933de2747d571b2aac31ead3bedee9105ab60c21ddc83e325b080684497", "evidence_schema": "seavigil-evidence-1.0", "why": "Sentinel-1 SAR detection, confidence 0.98 \u00b7 length 59 m (industrial scale) \u00b7 classified non-fishing vessel (p=0.06) \u00b7 heading about 68 deg at 0 kn \u00b7 near-stationary at acquisition (likely at anchor)", "why_full": "Sentinel-1 SAR detection, confidence 0.98 \u00b7 length 59 m (industrial scale) \u00b7 classified non-fishing vessel (p=0.06) \u00b7 heading about 68 deg at 0 kn \u00b7 near-stationary at acquisition (likely at anchor)", "baseline": "", "caveats": "A SAR detection is a radar blip: it has a position and a size, not an identity. | Length, heading and the fishing-vessel class are model estimates, not ground truth. | Dark means no AIS broadcast matched at the acquisition time; without an AIS feed the broadcasting status is unverified, not assumed. | An inspection lead, not proof of illegal activity.", "caveat": "A SAR detection is a radar blip: it has a position and a size, not an identity.", "innocent": "A radar contact with no AIS may be a vessel not required to broadcast, sea clutter, or fixed infrastructure; treat as a lead to confirm."}}, {"type": "Feature", "geometry": {"type": "Point", "coordinates": [-13.25418090820312, 8.497965236830538]}, "properties": {"id": "s1sar__20260703_0044", "kind": "dark_vessel_sar", "mpa": "Sentinel-1 SAR detection", "severity": "low", "severity_reason": "SAR-detected vessel (broadcasting unverified)", "when": "2026-07-03T06:42:30Z", "score": 0.11, "vessel": "(SAR detection -- no AIS identity)", "ship_name": "", "ship_type": "Vessel", "destination": "", "gear": "Sentinel-1 SAR (our detection)", "flag": "", "flag_emoji": "", "eez": "Sierra Leonean Exclusive Economic Zone", "eez_sovereign": "Sierra Leone", "eez_foreign": null, "authorization": "unverifiable", "authorities": "", "iuu_listed": false, "iuu_label": "", "imo": "", "next_port": null, "evidence_hash": "4accbecbd48ebd94da9169c8894acf1f3c80c11ee33de14a494697fbc7fcc3dd", "evidence_schema": "seavigil-evidence-1.0", "why": "Sentinel-1 SAR detection, confidence 0.98 \u00b7 length 63 m (industrial scale) \u00b7 classified non-fishing vessel (p=0.11) \u00b7 heading about 90 deg at 0 kn \u00b7 near-stationary at acquisition (likely at anchor)", "why_full": "Sentinel-1 SAR detection, confidence 0.98 \u00b7 length 63 m (industrial scale) \u00b7 classified non-fishing vessel (p=0.11) \u00b7 heading about 90 deg at 0 kn \u00b7 near-stationary at acquisition (likely at anchor)", "baseline": "", "caveats": "A SAR detection is a radar blip: it has a position and a size, not an identity. | Length, heading and the fishing-vessel class are model estimates, not ground truth. | Dark means no AIS broadcast matched at the acquisition time; without an AIS feed the broadcasting status is unverified, not assumed. | An inspection lead, not proof of illegal activity.", "caveat": "A SAR detection is a radar blip: it has a position and a size, not an identity.", "innocent": "A radar contact with no AIS may be a vessel not required to broadcast, sea clutter, or fixed infrastructure; treat as a lead to confirm."}}, {"type": "Feature", "geometry": {"type": "Point", "coordinates": [-13.311258316040036, 8.480138266533185]}, "properties": {"id": "s1sar__20260703_0045", "kind": "dark_vessel_sar", "mpa": "Sentinel-1 SAR detection", "severity": "medium", "severity_reason": "fishing-type vessel underway (broadcasting unverified)", "when": "2026-07-03T06:42:30Z", "score": 0.98, "vessel": "(SAR detection -- no AIS identity)", "ship_name": "", "ship_type": "Fishing vessel", "destination": "", "gear": "Sentinel-1 SAR (our detection)", "flag": "", "flag_emoji": "", "eez": "Sierra Leonean Exclusive Economic Zone", "eez_sovereign": "Sierra Leone", "eez_foreign": null, "authorization": "unverifiable", "authorities": "", "iuu_listed": false, "iuu_label": "", "imo": "", "next_port": null, "evidence_hash": "8648e5b5d1d06d07588eb67b10387ea664ec99185cf710533a726df03f2d037b", "evidence_schema": "seavigil-evidence-1.0", "why": "Sentinel-1 SAR detection, confidence 0.96 \u00b7 length 24 m (small) \u00b7 classified fishing vessel (p=0.98) \u00b7 heading about 338 deg at 3 kn", "why_full": "Sentinel-1 SAR detection, confidence 0.96 \u00b7 length 24 m (small) \u00b7 classified fishing vessel (p=0.98) \u00b7 heading about 338 deg at 3 kn", "baseline": "", "caveats": "A SAR detection is a radar blip: it has a position and a size, not an identity. | Length, heading and the fishing-vessel class are model estimates, not ground truth. | Dark means no AIS broadcast matched at the acquisition time; without an AIS feed the broadcasting status is unverified, not assumed. | An inspection lead, not proof of illegal activity.", "caveat": "A SAR detection is a radar blip: it has a position and a size, not an identity.", "innocent": "A radar contact with no AIS may be a vessel not required to broadcast, sea clutter, or fixed infrastructure; treat as a lead to confirm."}}, {"type": "Feature", "geometry": {"type": "Point", "coordinates": [-13.27375030517578, 8.49652213194505]}, "properties": {"id": "s1sar__20260703_0046", "kind": "dark_vessel_sar", "mpa": "Sentinel-1 SAR detection", "severity": "low", "severity_reason": "SAR-detected vessel (broadcasting unverified)", "when": "2026-07-03T06:42:30Z", "score": 0.06, "vessel": "(SAR detection -- no AIS identity)", "ship_name": "", "ship_type": "Vessel", "destination": "", "gear": "Sentinel-1 SAR (our detection)", "flag": "", "flag_emoji": "", "eez": "Sierra Leonean Exclusive Economic Zone", "eez_sovereign": "Sierra Leone", "eez_foreign": null, "authorization": "unverifiable", "authorities": "", "iuu_listed": false, "iuu_label": "", "imo": "", "next_port": null, "evidence_hash": "a592f6c80dc120737d483d153353e1c6fd0d0609b961aac2eaf197e4a47c7429", "evidence_schema": "seavigil-evidence-1.0", "why": "Sentinel-1 SAR detection, confidence 0.96 \u00b7 length 55 m (industrial scale) \u00b7 classified non-fishing vessel (p=0.06) \u00b7 heading about 248 deg at 0 kn \u00b7 near-stationary at acquisition (likely at anchor)", "why_full": "Sentinel-1 SAR detection, confidence 0.96 \u00b7 length 55 m (industrial scale) \u00b7 classified non-fishing vessel (p=0.06) \u00b7 heading about 248 deg at 0 kn \u00b7 near-stationary at acquisition (likely at anchor)", "baseline": "", "caveats": "A SAR detection is a radar blip: it has a position and a size, not an identity. | Length, heading and the fishing-vessel class are model estimates, not ground truth. | Dark means no AIS broadcast matched at the acquisition time; without an AIS feed the broadcasting status is unverified, not assumed. | An inspection lead, not proof of illegal activity.", "caveat": "A SAR detection is a radar blip: it has a position and a size, not an identity.", "innocent": "A radar contact with no AIS may be a vessel not required to broadcast, sea clutter, or fixed infrastructure; treat as a lead to confirm."}}, {"type": "Feature", "geometry": {"type": "Point", "coordinates": [-13.256669998168944, 8.49669190927224]}, "properties": {"id": "s1sar__20260703_0047", "kind": "dark_vessel_sar", "mpa": "Sentinel-1 SAR detection", "severity": "low", "severity_reason": "SAR-detected vessel (broadcasting unverified)", "when": "2026-07-03T06:42:30Z", "score": 0.34, "vessel": "(SAR detection -- no AIS identity)", "ship_name": "", "ship_type": "Vessel", "destination": "", "gear": "Sentinel-1 SAR (our detection)", "flag": "", "flag_emoji": "", "eez": "Sierra Leonean Exclusive Economic Zone", "eez_sovereign": "Sierra Leone", "eez_foreign": null, "authorization": "unverifiable", "authorities": "", "iuu_listed": false, "iuu_label": "", "imo": "", "next_port": null, "evidence_hash": "267663ff1209d471acba4a8ef49972979b1a575aacdb8acec3dea3350b39fe04", "evidence_schema": "seavigil-evidence-1.0", "why": "Sentinel-1 SAR detection, confidence 0.91 \u00b7 length 45 m (industrial scale) \u00b7 classified non-fishing vessel (p=0.34) \u00b7 heading about 112 deg at 0 kn \u00b7 near-stationary at acquisition (likely at anchor)", "why_full": "Sentinel-1 SAR detection, confidence 0.91 \u00b7 length 45 m (industrial scale) \u00b7 classified non-fishing vessel (p=0.34) \u00b7 heading about 112 deg at 0 kn \u00b7 near-stationary at acquisition (likely at anchor)", "baseline": "", "caveats": "A SAR detection is a radar blip: it has a position and a size, not an identity. | Length, heading and the fishing-vessel class are model estimates, not ground truth. | Dark means no AIS broadcast matched at the acquisition time; without an AIS feed the broadcasting status is unverified, not assumed. | An inspection lead, not proof of illegal activity.", "caveat": "A SAR detection is a radar blip: it has a position and a size, not an identity.", "innocent": "A radar contact with no AIS may be a vessel not required to broadcast, sea clutter, or fixed infrastructure; treat as a lead to confirm."}}, {"type": "Feature", "geometry": {"type": "Point", "coordinates": [-13.257013320922848, 8.499663000331067]}, "properties": {"id": "s1sar__20260703_0048", "kind": "dark_vessel_sar", "mpa": "Sentinel-1 SAR detection", "severity": "low", "severity_reason": "SAR-detected vessel (broadcasting unverified)", "when": "2026-07-03T06:42:30Z", "score": 0.6, "vessel": "(SAR detection -- no AIS identity)", "ship_name": "", "ship_type": "Fishing vessel", "destination": "", "gear": "Sentinel-1 SAR (our detection)", "flag": "", "flag_emoji": "", "eez": "Sierra Leonean Exclusive Economic Zone", "eez_sovereign": "Sierra Leone", "eez_foreign": null, "authorization": "unverifiable", "authorities": "", "iuu_listed": false, "iuu_label": "", "imo": "", "next_port": null, "evidence_hash": "889fb138c31658cec1fefbca29c98b63f0e382fd307b9e51204ba880a488b691", "evidence_schema": "seavigil-evidence-1.0", "why": "Sentinel-1 SAR detection, confidence 0.87 \u00b7 length 40 m (industrial scale) \u00b7 classified fishing vessel (p=0.60) \u00b7 heading about 270 deg at 0 kn \u00b7 near-stationary at acquisition (likely at anchor)", "why_full": "Sentinel-1 SAR detection, confidence 0.87 \u00b7 length 40 m (industrial scale) \u00b7 classified fishing vessel (p=0.60) \u00b7 heading about 270 deg at 0 kn \u00b7 near-stationary at acquisition (likely at anchor)", "baseline": "", "caveats": "A SAR detection is a radar blip: it has a position and a size, not an identity. | Length, heading and the fishing-vessel class are model estimates, not ground truth. | Dark means no AIS broadcast matched at the acquisition time; without an AIS feed the broadcasting status is unverified, not assumed. | An inspection lead, not proof of illegal activity.", "caveat": "A SAR detection is a radar blip: it has a position and a size, not an identity.", "innocent": "A radar contact with no AIS may be a vessel not required to broadcast, sea clutter, or fixed infrastructure; treat as a lead to confirm."}}, {"type": "Feature", "geometry": {"type": "Point", "coordinates": [-13.269887924194332, 8.397359383353212]}, "properties": {"id": "s1sar__20260703_0049", "kind": "dark_vessel_sar", "mpa": "Sentinel-1 SAR detection", "severity": "low", "severity_reason": "SAR-detected vessel (broadcasting unverified)", "when": "2026-07-03T06:42:30Z", "score": 0.16, "vessel": "(SAR detection -- no AIS identity)", "ship_name": "", "ship_type": "Vessel", "destination": "", "gear": "Sentinel-1 SAR (our detection)", "flag": "", "flag_emoji": "", "eez": "Sierra Leonean Exclusive Economic Zone", "eez_sovereign": "Sierra Leone", "eez_foreign": null, "authorization": "unverifiable", "authorities": "", "iuu_listed": false, "iuu_label": "", "imo": "", "next_port": null, "evidence_hash": "56d40baacb247e15eab74cb2e739797f346bfe07c4ff5cad43991da1016710f9", "evidence_schema": "seavigil-evidence-1.0", "why": "Sentinel-1 SAR detection, confidence 0.86 \u00b7 length 57 m (industrial scale) \u00b7 classified non-fishing vessel (p=0.16) \u00b7 heading about 0 deg at 1 kn", "why_full": "Sentinel-1 SAR detection, confidence 0.86 \u00b7 length 57 m (industrial scale) \u00b7 classified non-fishing vessel (p=0.16) \u00b7 heading about 0 deg at 1 kn", "baseline": "", "caveats": "A SAR detection is a radar blip: it has a position and a size, not an identity. | Length, heading and the fishing-vessel class are model estimates, not ground truth. | Dark means no AIS broadcast matched at the acquisition time; without an AIS feed the broadcasting status is unverified, not assumed. | An inspection lead, not proof of illegal activity.", "caveat": "A SAR detection is a radar blip: it has a position and a size, not an identity.", "innocent": "A radar contact with no AIS may be a vessel not required to broadcast, sea clutter, or fixed infrastructure; treat as a lead to confirm."}}, {"type": "Feature", "geometry": {"type": "Point", "coordinates": [-13.29615211486816, 8.4457553469237]}, "properties": {"id": "s1sar__20260703_0050", "kind": "dark_vessel_sar", "mpa": "Sentinel-1 SAR detection", "severity": "medium", "severity_reason": "fishing-type vessel underway (broadcasting unverified)", "when": "2026-07-03T06:42:30Z", "score": 0.97, "vessel": "(SAR detection -- no AIS identity)", "ship_name": "", "ship_type": "Fishing vessel", "destination": "", "gear": "Sentinel-1 SAR (our detection)", "flag": "", "flag_emoji": "", "eez": "Sierra Leonean Exclusive Economic Zone", "eez_sovereign": "Sierra Leone", "eez_foreign": null, "authorization": "unverifiable", "authorities": "", "iuu_listed": false, "iuu_label": "", "imo": "", "next_port": null, "evidence_hash": "a83855ac36161c43e6e98e905af26b19bfc335be2aa868452102cd442424d7ec", "evidence_schema": "seavigil-evidence-1.0", "why": "Sentinel-1 SAR detection, confidence 0.71 \u00b7 length 27 m (industrial scale) \u00b7 classified fishing vessel (p=0.97) \u00b7 heading about 338 deg at 3 kn", "why_full": "Sentinel-1 SAR detection, confidence 0.71 \u00b7 length 27 m (industrial scale) \u00b7 classified fishing vessel (p=0.97) \u00b7 heading about 338 deg at 3 kn", "baseline": "", "caveats": "A SAR detection is a radar blip: it has a position and a size, not an identity. | Length, heading and the fishing-vessel class are model estimates, not ground truth. | Dark means no AIS broadcast matched at the acquisition time; without an AIS feed the broadcasting status is unverified, not assumed. | An inspection lead, not proof of illegal activity.", "caveat": "A SAR detection is a radar blip: it has a position and a size, not an identity.", "innocent": "A radar contact with no AIS may be a vessel not required to broadcast, sea clutter, or fixed infrastructure; treat as a lead to confirm."}}, {"type": "Feature", "geometry": {"type": "Point", "coordinates": [-13.187662124633787, 8.490240318017264]}, "properties": {"id": "s1sar__20260703_0051", "kind": "dark_vessel_sar", "mpa": "Sentinel-1 SAR detection", "severity": "low", "severity_reason": "SAR-detected vessel (broadcasting unverified)", "when": "2026-07-03T06:42:30Z", "score": 0.02, "vessel": "(SAR detection -- no AIS identity)", "ship_name": "", "ship_type": "Vessel", "destination": "", "gear": "Sentinel-1 SAR (our detection)", "flag": "", "flag_emoji": "", "eez": "Sierra Leonean Exclusive Economic Zone", "eez_sovereign": "Sierra Leone", "eez_foreign": null, "authorization": "unverifiable", "authorities": "", "iuu_listed": false, "iuu_label": "", "imo": "", "next_port": null, "evidence_hash": "995ca198030545090bf5758fb5b1ce413d70fe4101f8c0eb21b898360ea61bae", "evidence_schema": "seavigil-evidence-1.0", "why": "Sentinel-1 SAR detection, confidence 0.99 \u00b7 length 82 m (industrial scale) \u00b7 classified non-fishing vessel (p=0.02) \u00b7 heading about 90 deg at 0 kn \u00b7 near-stationary at acquisition (likely at anchor)", "why_full": "Sentinel-1 SAR detection, confidence 0.99 \u00b7 length 82 m (industrial scale) \u00b7 classified non-fishing vessel (p=0.02) \u00b7 heading about 90 deg at 0 kn \u00b7 near-stationary at acquisition (likely at anchor)", "baseline": "", "caveats": "A SAR detection is a radar blip: it has a position and a size, not an identity. | Length, heading and the fishing-vessel class are model estimates, not ground truth. | Dark means no AIS broadcast matched at the acquisition time; without an AIS feed the broadcasting status is unverified, not assumed. | An inspection lead, not proof of illegal activity.", "caveat": "A SAR detection is a radar blip: it has a position and a size, not an identity.", "innocent": "A radar contact with no AIS may be a vessel not required to broadcast, sea clutter, or fixed infrastructure; treat as a lead to confirm."}}, {"type": "Feature", "geometry": {"type": "Point", "coordinates": [-13.250318527221678, 8.499663000331067]}, "properties": {"id": "s1sar__20260703_0052", "kind": "dark_vessel_sar", "mpa": "Sentinel-1 SAR detection", "severity": "low", "severity_reason": "SAR-detected vessel (broadcasting unverified)", "when": "2026-07-03T06:42:30Z", "score": 0.1, "vessel": "(SAR detection -- no AIS identity)", "ship_name": "", "ship_type": "Vessel", "destination": "", "gear": "Sentinel-1 SAR (our detection)", "flag": "", "flag_emoji": "", "eez": "Sierra Leonean Exclusive Economic Zone", "eez_sovereign": "Sierra Leone", "eez_foreign": null, "authorization": "unverifiable", "authorities": "", "iuu_listed": false, "iuu_label": "", "imo": "", "next_port": null, "evidence_hash": "114c98cb99d2872bf641693a2d2538ffe0e76503b372e3f171c7aaf7464497dc", "evidence_schema": "seavigil-evidence-1.0", "why": "Sentinel-1 SAR detection, confidence 0.99 \u00b7 length 55 m (industrial scale) \u00b7 classified non-fishing vessel (p=0.10) \u00b7 heading about 90 deg at 0 kn \u00b7 near-stationary at acquisition (likely at anchor)", "why_full": "Sentinel-1 SAR detection, confidence 0.99 \u00b7 length 55 m (industrial scale) \u00b7 classified non-fishing vessel (p=0.10) \u00b7 heading about 90 deg at 0 kn \u00b7 near-stationary at acquisition (likely at anchor)", "baseline": "", "caveats": "A SAR detection is a radar blip: it has a position and a size, not an identity. | Length, heading and the fishing-vessel class are model estimates, not ground truth. | Dark means no AIS broadcast matched at the acquisition time; without an AIS feed the broadcasting status is unverified, not assumed. | An inspection lead, not proof of illegal activity.", "caveat": "A SAR detection is a radar blip: it has a position and a size, not an identity.", "innocent": "A radar contact with no AIS may be a vessel not required to broadcast, sea clutter, or fixed infrastructure; treat as a lead to confirm."}}, {"type": "Feature", "geometry": {"type": "Point", "coordinates": [-13.194614410400389, 8.484977097459147]}, "properties": {"id": "s1sar__20260703_0053", "kind": "dark_vessel_sar", "mpa": "Sentinel-1 SAR detection", "severity": "low", "severity_reason": "SAR-detected vessel (broadcasting unverified)", "when": "2026-07-03T06:42:30Z", "score": 0.08, "vessel": "(SAR detection -- no AIS identity)", "ship_name": "", "ship_type": "Vessel", "destination": "", "gear": "Sentinel-1 SAR (our detection)", "flag": "", "flag_emoji": "", "eez": "Sierra Leonean Exclusive Economic Zone", "eez_sovereign": "Sierra Leone", "eez_foreign": null, "authorization": "unverifiable", "authorities": "", "iuu_listed": false, "iuu_label": "", "imo": "", "next_port": null, "evidence_hash": "9e4661e07d0d0a2bc820b00edcc93dcb82151382390c6beed04d05fb5f156230", "evidence_schema": "seavigil-evidence-1.0", "why": "Sentinel-1 SAR detection, confidence 0.98 \u00b7 length 49 m (industrial scale) \u00b7 classified non-fishing vessel (p=0.08) \u00b7 heading about 90 deg at 0 kn \u00b7 near-stationary at acquisition (likely at anchor)", "why_full": "Sentinel-1 SAR detection, confidence 0.98 \u00b7 length 49 m (industrial scale) \u00b7 classified non-fishing vessel (p=0.08) \u00b7 heading about 90 deg at 0 kn \u00b7 near-stationary at acquisition (likely at anchor)", "baseline": "", "caveats": "A SAR detection is a radar blip: it has a position and a size, not an identity. | Length, heading and the fishing-vessel class are model estimates, not ground truth. | Dark means no AIS broadcast matched at the acquisition time; without an AIS feed the broadcasting status is unverified, not assumed. | An inspection lead, not proof of illegal activity.", "caveat": "A SAR detection is a radar blip: it has a position and a size, not an identity.", "innocent": "A radar contact with no AIS may be a vessel not required to broadcast, sea clutter, or fixed infrastructure; treat as a lead to confirm."}}, {"type": "Feature", "geometry": {"type": "Point", "coordinates": [-13.192897796630856, 8.487948279223565]}, "properties": {"id": "s1sar__20260703_0054", "kind": "dark_vessel_sar", "mpa": "Sentinel-1 SAR detection", "severity": "low", "severity_reason": "SAR-detected vessel (broadcasting unverified)", "when": "2026-07-03T06:42:30Z", "score": 0.18, "vessel": "(SAR detection -- no AIS identity)", "ship_name": "", "ship_type": "Vessel", "destination": "", "gear": "Sentinel-1 SAR (our detection)", "flag": "", "flag_emoji": "", "eez": "Sierra Leonean Exclusive Economic Zone", "eez_sovereign": "Sierra Leone", "eez_foreign": null, "authorization": "unverifiable", "authorities": "", "iuu_listed": false, "iuu_label": "", "imo": "", "next_port": null, "evidence_hash": "eff3e69bc79cacec6140b9ef25f8e80f3098244a09ba3d490ae4254527a0f008", "evidence_schema": "seavigil-evidence-1.0", "why": "Sentinel-1 SAR detection, confidence 0.96 \u00b7 length 53 m (industrial scale) \u00b7 classified non-fishing vessel (p=0.18) \u00b7 heading about 90 deg at 0 kn \u00b7 near-stationary at acquisition (likely at anchor)", "why_full": "Sentinel-1 SAR detection, confidence 0.96 \u00b7 length 53 m (industrial scale) \u00b7 classified non-fishing vessel (p=0.18) \u00b7 heading about 90 deg at 0 kn \u00b7 near-stationary at acquisition (likely at anchor)", "baseline": "", "caveats": "A SAR detection is a radar blip: it has a position and a size, not an identity. | Length, heading and the fishing-vessel class are model estimates, not ground truth. | Dark means no AIS broadcast matched at the acquisition time; without an AIS feed the broadcasting status is unverified, not assumed. | An inspection lead, not proof of illegal activity.", "caveat": "A SAR detection is a radar blip: it has a position and a size, not an identity.", "innocent": "A radar contact with no AIS may be a vessel not required to broadcast, sea clutter, or fixed infrastructure; treat as a lead to confirm."}}, {"type": "Feature", "geometry": {"type": "Point", "coordinates": [-13.244052886962889, 8.493720795196882]}, "properties": {"id": "s1sar__20260703_0055", "kind": "dark_vessel_sar", "mpa": "Sentinel-1 SAR detection", "severity": "low", "severity_reason": "SAR-detected vessel (broadcasting unverified)", "when": "2026-07-03T06:42:30Z", "score": 0.0, "vessel": "(SAR detection -- no AIS identity)", "ship_name": "", "ship_type": "Vessel", "destination": "", "gear": "Sentinel-1 SAR (our detection)", "flag": "", "flag_emoji": "", "eez": "Sierra Leonean Exclusive Economic Zone", "eez_sovereign": "Sierra Leone", "eez_foreign": null, "authorization": "unverifiable", "authorities": "", "iuu_listed": false, "iuu_label": "", "imo": "", "next_port": null, "evidence_hash": "115a7654e9488db70a9f715e8abb09e6a6b344862678ec64b674a31b843bdc0b", "evidence_schema": "seavigil-evidence-1.0", "why": "Sentinel-1 SAR detection, confidence 0.95 \u00b7 length 150 m (industrial scale) \u00b7 classified non-fishing vessel (p=0.00) \u00b7 heading about 270 deg at 0 kn \u00b7 near-stationary at acquisition (likely at anchor)", "why_full": "Sentinel-1 SAR detection, confidence 0.95 \u00b7 length 150 m (industrial scale) \u00b7 classified non-fishing vessel (p=0.00) \u00b7 heading about 270 deg at 0 kn \u00b7 near-stationary at acquisition (likely at anchor)", "baseline": "", "caveats": "A SAR detection is a radar blip: it has a position and a size, not an identity. | Length, heading and the fishing-vessel class are model estimates, not ground truth. | Dark means no AIS broadcast matched at the acquisition time; without an AIS feed the broadcasting status is unverified, not assumed. | An inspection lead, not proof of illegal activity.", "caveat": "A SAR detection is a radar blip: it has a position and a size, not an identity.", "innocent": "A radar contact with no AIS may be a vessel not required to broadcast, sea clutter, or fixed infrastructure; treat as a lead to confirm."}}, {"type": "Feature", "geometry": {"type": "Point", "coordinates": [-13.229890823364254, 8.496946575122124]}, "properties": {"id": "s1sar__20260703_0056", "kind": "dark_vessel_sar", "mpa": "Sentinel-1 SAR detection", "severity": "low", "severity_reason": "SAR-detected vessel (broadcasting unverified)", "when": "2026-07-03T06:42:30Z", "score": 0.3, "vessel": "(SAR detection -- no AIS identity)", "ship_name": "", "ship_type": "Vessel", "destination": "", "gear": "Sentinel-1 SAR (our detection)", "flag": "", "flag_emoji": "", "eez": "Sierra Leonean Exclusive Economic Zone", "eez_sovereign": "Sierra Leone", "eez_foreign": null, "authorization": "unverifiable", "authorities": "", "iuu_listed": false, "iuu_label": "", "imo": "", "next_port": null, "evidence_hash": "95076f4b26dfb15a6df191204dde7299206fa6d277d7be9dd0d02de2f776c9f2", "evidence_schema": "seavigil-evidence-1.0", "why": "Sentinel-1 SAR detection, confidence 0.95 \u00b7 length 33 m (industrial scale) \u00b7 classified non-fishing vessel (p=0.30) \u00b7 heading about 248 deg at 0 kn \u00b7 near-stationary at acquisition (likely at anchor)", "why_full": "Sentinel-1 SAR detection, confidence 0.95 \u00b7 length 33 m (industrial scale) \u00b7 classified non-fishing vessel (p=0.30) \u00b7 heading about 248 deg at 0 kn \u00b7 near-stationary at acquisition (likely at anchor)", "baseline": "", "caveats": "A SAR detection is a radar blip: it has a position and a size, not an identity. | Length, heading and the fishing-vessel class are model estimates, not ground truth. | Dark means no AIS broadcast matched at the acquisition time; without an AIS feed the broadcasting status is unverified, not assumed. | An inspection lead, not proof of illegal activity.", "caveat": "A SAR detection is a radar blip: it has a position and a size, not an identity.", "innocent": "A radar contact with no AIS may be a vessel not required to broadcast, sea clutter, or fixed infrastructure; treat as a lead to confirm."}}, {"type": "Feature", "geometry": {"type": "Point", "coordinates": [-13.192897796630856, 8.48599579093961]}, "properties": {"id": "s1sar__20260703_0058", "kind": "dark_vessel_sar", "mpa": "Sentinel-1 SAR detection", "severity": "low", "severity_reason": "SAR-detected vessel (broadcasting unverified)", "when": "2026-07-03T06:42:30Z", "score": 0.02, "vessel": "(SAR detection -- no AIS identity)", "ship_name": "", "ship_type": "Vessel", "destination": "", "gear": "Sentinel-1 SAR (our detection)", "flag": "", "flag_emoji": "", "eez": "Sierra Leonean Exclusive Economic Zone", "eez_sovereign": "Sierra Leone", "eez_foreign": null, "authorization": "unverifiable", "authorities": "", "iuu_listed": false, "iuu_label": "", "imo": "", "next_port": null, "evidence_hash": "8fb7a0b31e6240e4a901f9c1be51320dc8b6f64c13ad1249dcb01d7593460a41", "evidence_schema": "seavigil-evidence-1.0", "why": "Sentinel-1 SAR detection, confidence 0.88 \u00b7 length 56 m (industrial scale) \u00b7 classified non-fishing vessel (p=0.02) \u00b7 heading about 90 deg at 0 kn \u00b7 near-stationary at acquisition (likely at anchor)", "why_full": "Sentinel-1 SAR detection, confidence 0.88 \u00b7 length 56 m (industrial scale) \u00b7 classified non-fishing vessel (p=0.02) \u00b7 heading about 90 deg at 0 kn \u00b7 near-stationary at acquisition (likely at anchor)", "baseline": "", "caveats": "A SAR detection is a radar blip: it has a position and a size, not an identity. | Length, heading and the fishing-vessel class are model estimates, not ground truth. | Dark means no AIS broadcast matched at the acquisition time; without an AIS feed the broadcasting status is unverified, not assumed. | An inspection lead, not proof of illegal activity.", "caveat": "A SAR detection is a radar blip: it has a position and a size, not an identity.", "innocent": "A radar contact with no AIS may be a vessel not required to broadcast, sea clutter, or fixed infrastructure; treat as a lead to confirm."}}, {"type": "Feature", "geometry": {"type": "Point", "coordinates": [-13.479829788208006, 8.395321525926978]}, "properties": {"id": "s1sar__20260703_0063", "kind": "dark_vessel_sar", "mpa": "Sentinel-1 SAR detection", "severity": "low", "severity_reason": "SAR-detected vessel (broadcasting unverified)", "when": "2026-07-03T06:42:30Z", "score": 0.0, "vessel": "(SAR detection -- no AIS identity)", "ship_name": "", "ship_type": "Vessel", "destination": "", "gear": "Sentinel-1 SAR (our detection)", "flag": "", "flag_emoji": "", "eez": "Sierra Leonean Exclusive Economic Zone", "eez_sovereign": "Sierra Leone", "eez_foreign": null, "authorization": "unverifiable", "authorities": "", "iuu_listed": false, "iuu_label": "", "imo": "", "next_port": null, "evidence_hash": "692f3872431d5976d9739a1987ba512b8681bc1dc8d275308a6e5bd9e40e21e3", "evidence_schema": "seavigil-evidence-1.0", "why": "Sentinel-1 SAR detection, confidence 0.99 \u00b7 length 99 m (industrial scale) \u00b7 classified non-fishing vessel (p=0.00) \u00b7 heading about 45 deg at 0 kn \u00b7 near-stationary at acquisition (likely at anchor)", "why_full": "Sentinel-1 SAR detection, confidence 0.99 \u00b7 length 99 m (industrial scale) \u00b7 classified non-fishing vessel (p=0.00) \u00b7 heading about 45 deg at 0 kn \u00b7 near-stationary at acquisition (likely at anchor)", "baseline": "", "caveats": "A SAR detection is a radar blip: it has a position and a size, not an identity. | Length, heading and the fishing-vessel class are model estimates, not ground truth. | Dark means no AIS broadcast matched at the acquisition time; without an AIS feed the broadcasting status is unverified, not assumed. | An inspection lead, not proof of illegal activity.", "caveat": "A SAR detection is a radar blip: it has a position and a size, not an identity.", "innocent": "A radar contact with no AIS may be a vessel not required to broadcast, sea clutter, or fixed infrastructure; treat as a lead to confirm."}}, {"type": "Feature", "geometry": {"type": "Point", "coordinates": [-13.267913818359371, 8.374772532902016]}, "properties": {"id": "s1sar__20260703_0064", "kind": "dark_vessel_sar", "mpa": "Sentinel-1 SAR detection", "severity": "medium", "severity_reason": "fishing-type vessel underway (broadcasting unverified)", "when": "2026-07-03T06:42:30Z", "score": 0.98, "vessel": "(SAR detection -- no AIS identity)", "ship_name": "", "ship_type": "Fishing vessel", "destination": "", "gear": "Sentinel-1 SAR (our detection)", "flag": "", "flag_emoji": "", "eez": "Sierra Leonean Exclusive Economic Zone", "eez_sovereign": "Sierra Leone", "eez_foreign": null, "authorization": "unverifiable", "authorities": "", "iuu_listed": false, "iuu_label": "", "imo": "", "next_port": null, "evidence_hash": "da4e26db3257beb7a4ba785ced76678f2806985623d3373a07789295716905e0", "evidence_schema": "seavigil-evidence-1.0", "why": "Sentinel-1 SAR detection, confidence 0.85 \u00b7 length 23 m (small) \u00b7 classified fishing vessel (p=0.98) \u00b7 heading about 338 deg at 2 kn", "why_full": "Sentinel-1 SAR detection, confidence 0.85 \u00b7 length 23 m (small) \u00b7 classified fishing vessel (p=0.98) \u00b7 heading about 338 deg at 2 kn", "baseline": "", "caveats": "A SAR detection is a radar blip: it has a position and a size, not an identity. | Length, heading and the fishing-vessel class are model estimates, not ground truth. | Dark means no AIS broadcast matched at the acquisition time; without an AIS feed the broadcasting status is unverified, not assumed. | An inspection lead, not proof of illegal activity.", "caveat": "A SAR detection is a radar blip: it has a position and a size, not an identity.", "innocent": "A radar contact with no AIS may be a vessel not required to broadcast, sea clutter, or fixed infrastructure; treat as a lead to confirm."}}, {"type": "Feature", "geometry": {"type": "Point", "coordinates": [-13.191181182861328, 8.271246903884949]}, "properties": {"id": "s1sar__20260703_0065", "kind": "dark_vessel_sar", "mpa": "Sentinel-1 SAR detection", "severity": "low", "severity_reason": "SAR-detected vessel (broadcasting unverified)", "when": "2026-07-03T06:42:30Z", "score": 0.89, "vessel": "(SAR detection -- no AIS identity)", "ship_name": "", "ship_type": "Fishing vessel", "destination": "", "gear": "Sentinel-1 SAR (our detection)", "flag": "", "flag_emoji": "", "eez": "Sierra Leonean Exclusive Economic Zone", "eez_sovereign": "Sierra Leone", "eez_foreign": null, "authorization": "unverifiable", "authorities": "", "iuu_listed": false, "iuu_label": "", "imo": "", "next_port": null, "evidence_hash": "1085e87cb7ca62c176c48bfa11aa34d482926349e50c0690ff97ce8d977f8a63", "evidence_schema": "seavigil-evidence-1.0", "why": "Sentinel-1 SAR detection, confidence 0.99 \u00b7 length 33 m (industrial scale) \u00b7 classified fishing vessel (p=0.89) \u00b7 heading about 0 deg at 1 kn \u00b7 near-stationary at acquisition (likely at anchor)", "why_full": "Sentinel-1 SAR detection, confidence 0.99 \u00b7 length 33 m (industrial scale) \u00b7 classified fishing vessel (p=0.89) \u00b7 heading about 0 deg at 1 kn \u00b7 near-stationary at acquisition (likely at anchor)", "baseline": "", "caveats": "A SAR detection is a radar blip: it has a position and a size, not an identity. | Length, heading and the fishing-vessel class are model estimates, not ground truth. | Dark means no AIS broadcast matched at the acquisition time; without an AIS feed the broadcasting status is unverified, not assumed. | An inspection lead, not proof of illegal activity.", "caveat": "A SAR detection is a radar blip: it has a position and a size, not an identity.", "innocent": "A radar contact with no AIS may be a vessel not required to broadcast, sea clutter, or fixed infrastructure; treat as a lead to confirm."}}, {"type": "Feature", "geometry": {"type": "Point", "coordinates": [-13.179079055786133, 8.2716715930906]}, "properties": {"id": "s1sar__20260703_0066", "kind": "dark_vessel_sar", "mpa": "Sentinel-1 SAR detection", "severity": "low", "severity_reason": "SAR-detected vessel (broadcasting unverified)", "when": "2026-07-03T06:42:30Z", "score": 0.02, "vessel": "(SAR detection -- no AIS identity)", "ship_name": "", "ship_type": "Vessel", "destination": "", "gear": "Sentinel-1 SAR (our detection)", "flag": "", "flag_emoji": "", "eez": "Sierra Leonean Exclusive Economic Zone", "eez_sovereign": "Sierra Leone", "eez_foreign": null, "authorization": "unverifiable", "authorities": "", "iuu_listed": false, "iuu_label": "", "imo": "", "next_port": null, "evidence_hash": "dce7ed0fa08e2d348b59afcef339ef6e49abd683c3c719f434762f890df819a5", "evidence_schema": "seavigil-evidence-1.0", "why": "Sentinel-1 SAR detection, confidence 0.98 \u00b7 length 79 m (industrial scale) \u00b7 classified non-fishing vessel (p=0.02) \u00b7 heading about 90 deg at 0 kn \u00b7 near-stationary at acquisition (likely at anchor)", "why_full": "Sentinel-1 SAR detection, confidence 0.98 \u00b7 length 79 m (industrial scale) \u00b7 classified non-fishing vessel (p=0.02) \u00b7 heading about 90 deg at 0 kn \u00b7 near-stationary at acquisition (likely at anchor)", "baseline": "", "caveats": "A SAR detection is a radar blip: it has a position and a size, not an identity. | Length, heading and the fishing-vessel class are model estimates, not ground truth. | Dark means no AIS broadcast matched at the acquisition time; without an AIS feed the broadcasting status is unverified, not assumed. | An inspection lead, not proof of illegal activity.", "caveat": "A SAR detection is a radar blip: it has a position and a size, not an identity.", "innocent": "A radar contact with no AIS may be a vessel not required to broadcast, sea clutter, or fixed infrastructure; treat as a lead to confirm."}}, {"type": "Feature", "geometry": {"type": "Point", "coordinates": [-13.178306579589842, 8.267339741724557]}, "properties": {"id": "s1sar__20260703_0067", "kind": "dark_vessel_sar", "mpa": "Sentinel-1 SAR detection", "severity": "low", "severity_reason": "SAR-detected vessel (broadcasting unverified)", "when": "2026-07-03T06:42:30Z", "score": 0.02, "vessel": "(SAR detection -- no AIS identity)", "ship_name": "", "ship_type": "Vessel", "destination": "", "gear": "Sentinel-1 SAR (our detection)", "flag": "", "flag_emoji": "", "eez": "Sierra Leonean Exclusive Economic Zone", "eez_sovereign": "Sierra Leone", "eez_foreign": null, "authorization": "unverifiable", "authorities": "", "iuu_listed": false, "iuu_label": "", "imo": "", "next_port": null, "evidence_hash": "73b33c182db02d1009577546bb2b2b6999e6c9b533539ca3524510ad5ea478f3", "evidence_schema": "seavigil-evidence-1.0", "why": "Sentinel-1 SAR detection, confidence 0.98 \u00b7 length 83 m (industrial scale) \u00b7 classified non-fishing vessel (p=0.02) \u00b7 heading about 90 deg at 0 kn \u00b7 near-stationary at acquisition (likely at anchor)", "why_full": "Sentinel-1 SAR detection, confidence 0.98 \u00b7 length 83 m (industrial scale) \u00b7 classified non-fishing vessel (p=0.02) \u00b7 heading about 90 deg at 0 kn \u00b7 near-stationary at acquisition (likely at anchor)", "baseline": "", "caveats": "A SAR detection is a radar blip: it has a position and a size, not an identity. | Length, heading and the fishing-vessel class are model estimates, not ground truth. | Dark means no AIS broadcast matched at the acquisition time; without an AIS feed the broadcasting status is unverified, not assumed. | An inspection lead, not proof of illegal activity.", "caveat": "A SAR detection is a radar blip: it has a position and a size, not an identity.", "innocent": "A radar contact with no AIS may be a vessel not required to broadcast, sea clutter, or fixed infrastructure; treat as a lead to confirm."}}, {"type": "Feature", "geometry": {"type": "Point", "coordinates": [-13.181396484374998, 8.267594557828348]}, "properties": {"id": "s1sar__20260703_0068", "kind": "dark_vessel_sar", "mpa": "Sentinel-1 SAR detection", "severity": "low", "severity_reason": "SAR-detected vessel (broadcasting unverified)", "when": "2026-07-03T06:42:30Z", "score": 0.0, "vessel": "(SAR detection -- no AIS identity)", "ship_name": "", "ship_type": "Vessel", "destination": "", "gear": "Sentinel-1 SAR (our detection)", "flag": "", "flag_emoji": "", "eez": "Sierra Leonean Exclusive Economic Zone", "eez_sovereign": "Sierra Leone", "eez_foreign": null, "authorization": "unverifiable", "authorities": "", "iuu_listed": false, "iuu_label": "", "imo": "", "next_port": null, "evidence_hash": "c89d980bc217e9299df3ee369b2cf13df083025247d62d54148220b92e938005", "evidence_schema": "seavigil-evidence-1.0", "why": "Sentinel-1 SAR detection, confidence 0.98 \u00b7 length 90 m (industrial scale) \u00b7 classified non-fishing vessel (p=0.00) \u00b7 heading about 90 deg at 0 kn \u00b7 near-stationary at acquisition (likely at anchor)", "why_full": "Sentinel-1 SAR detection, confidence 0.98 \u00b7 length 90 m (industrial scale) \u00b7 classified non-fishing vessel (p=0.00) \u00b7 heading about 90 deg at 0 kn \u00b7 near-stationary at acquisition (likely at anchor)", "baseline": "", "caveats": "A SAR detection is a radar blip: it has a position and a size, not an identity. | Length, heading and the fishing-vessel class are model estimates, not ground truth. | Dark means no AIS broadcast matched at the acquisition time; without an AIS feed the broadcasting status is unverified, not assumed. | An inspection lead, not proof of illegal activity.", "caveat": "A SAR detection is a radar blip: it has a position and a size, not an identity.", "innocent": "A radar contact with no AIS may be a vessel not required to broadcast, sea clutter, or fixed infrastructure; treat as a lead to confirm."}}, {"type": "Feature", "geometry": {"type": "Point", "coordinates": [-13.176246643066404, 8.269123450992895]}, "properties": {"id": "s1sar__20260703_0069", "kind": "dark_vessel_sar", "mpa": "Sentinel-1 SAR detection", "severity": "low", "severity_reason": "SAR-detected vessel (broadcasting unverified)", "when": "2026-07-03T06:42:30Z", "score": 0.13, "vessel": "(SAR detection -- no AIS identity)", "ship_name": "", "ship_type": "Vessel", "destination": "", "gear": "Sentinel-1 SAR (our detection)", "flag": "", "flag_emoji": "", "eez": "Sierra Leonean Exclusive Economic Zone", "eez_sovereign": "Sierra Leone", "eez_foreign": null, "authorization": "unverifiable", "authorities": "", "iuu_listed": false, "iuu_label": "", "imo": "", "next_port": null, "evidence_hash": "3f441fe99c70b21f4e6d3d52a6311f82ec94a2efc26314ddadf1c46311de0ec8", "evidence_schema": "seavigil-evidence-1.0", "why": "Sentinel-1 SAR detection, confidence 0.97 \u00b7 length 101 m (industrial scale) \u00b7 classified non-fishing vessel (p=0.13) \u00b7 heading about 135 deg at 0 kn \u00b7 near-stationary at acquisition (likely at anchor)", "why_full": "Sentinel-1 SAR detection, confidence 0.97 \u00b7 length 101 m (industrial scale) \u00b7 classified non-fishing vessel (p=0.13) \u00b7 heading about 135 deg at 0 kn \u00b7 near-stationary at acquisition (likely at anchor)", "baseline": "", "caveats": "A SAR detection is a radar blip: it has a position and a size, not an identity. | Length, heading and the fishing-vessel class are model estimates, not ground truth. | Dark means no AIS broadcast matched at the acquisition time; without an AIS feed the broadcasting status is unverified, not assumed. | An inspection lead, not proof of illegal activity.", "caveat": "A SAR detection is a radar blip: it has a position and a size, not an identity.", "innocent": "A radar contact with no AIS may be a vessel not required to broadcast, sea clutter, or fixed infrastructure; treat as a lead to confirm."}}, {"type": "Feature", "geometry": {"type": "Point", "coordinates": [-13.197618484497069, 8.312949196299419]}, "properties": {"id": "s1sar__20260703_0070", "kind": "dark_vessel_sar", "mpa": "Sentinel-1 SAR detection", "severity": "medium", "severity_reason": "fishing-type vessel underway (broadcasting unverified)", "when": "2026-07-03T06:42:30Z", "score": 0.85, "vessel": "(SAR detection -- no AIS identity)", "ship_name": "", "ship_type": "Fishing vessel", "destination": "", "gear": "Sentinel-1 SAR (our detection)", "flag": "", "flag_emoji": "", "eez": "Sierra Leonean Exclusive Economic Zone", "eez_sovereign": "Sierra Leone", "eez_foreign": null, "authorization": "unverifiable", "authorities": "", "iuu_listed": false, "iuu_label": "", "imo": "", "next_port": null, "evidence_hash": "0a8c9a0840ce11c2667fd2422efe1df0bcba878d157bbe837ed367442c204108", "evidence_schema": "seavigil-evidence-1.0", "why": "Sentinel-1 SAR detection, confidence 0.86 \u00b7 length 44 m (industrial scale) \u00b7 classified fishing vessel (p=0.85) \u00b7 heading about 338 deg at 3 kn", "why_full": "Sentinel-1 SAR detection, confidence 0.86 \u00b7 length 44 m (industrial scale) \u00b7 classified fishing vessel (p=0.85) \u00b7 heading about 338 deg at 3 kn", "baseline": "", "caveats": "A SAR detection is a radar blip: it has a position and a size, not an identity. | Length, heading and the fishing-vessel class are model estimates, not ground truth. | Dark means no AIS broadcast matched at the acquisition time; without an AIS feed the broadcasting status is unverified, not assumed. | An inspection lead, not proof of illegal activity.", "caveat": "A SAR detection is a radar blip: it has a position and a size, not an identity.", "innocent": "A radar contact with no AIS may be a vessel not required to broadcast, sea clutter, or fixed infrastructure; treat as a lead to confirm."}}, {"type": "Feature", "geometry": {"type": "Point", "coordinates": [-13.22997665405273, 8.338681800897831]}, "properties": {"id": "s1sar__20260703_0071", "kind": "dark_vessel_sar", "mpa": "Sentinel-1 SAR detection", "severity": "medium", "severity_reason": "fishing-type vessel underway (broadcasting unverified)", "when": "2026-07-03T06:42:30Z", "score": 0.91, "vessel": "(SAR detection -- no AIS identity)", "ship_name": "", "ship_type": "Fishing vessel", "destination": "", "gear": "Sentinel-1 SAR (our detection)", "flag": "", "flag_emoji": "", "eez": "Sierra Leonean Exclusive Economic Zone", "eez_sovereign": "Sierra Leone", "eez_foreign": null, "authorization": "unverifiable", "authorities": "", "iuu_listed": false, "iuu_label": "", "imo": "", "next_port": null, "evidence_hash": "20cbfa520e491dd200092be18d388b0e0093cba17dbc26951d5ad70360e7d275", "evidence_schema": "seavigil-evidence-1.0", "why": "Sentinel-1 SAR detection, confidence 0.86 \u00b7 length 33 m (industrial scale) \u00b7 classified fishing vessel (p=0.91) \u00b7 heading about 0 deg at 1 kn", "why_full": "Sentinel-1 SAR detection, confidence 0.86 \u00b7 length 33 m (industrial scale) \u00b7 classified fishing vessel (p=0.91) \u00b7 heading about 0 deg at 1 kn", "baseline": "", "caveats": "A SAR detection is a radar blip: it has a position and a size, not an identity. | Length, heading and the fishing-vessel class are model estimates, not ground truth. | Dark means no AIS broadcast matched at the acquisition time; without an AIS feed the broadcasting status is unverified, not assumed. | An inspection lead, not proof of illegal activity.", "caveat": "A SAR detection is a radar blip: it has a position and a size, not an identity.", "innocent": "A radar contact with no AIS may be a vessel not required to broadcast, sea clutter, or fixed infrastructure; treat as a lead to confirm."}}, {"type": "Feature", "geometry": {"type": "Point", "coordinates": [-77.31103866577149, -11.907937100250582]}, "properties": {"id": "s1sar__20260630_0000", "kind": "dark_vessel_sar", "mpa": "Sentinel-1 SAR detection", "severity": "medium", "severity_reason": "fishing-type vessel underway (broadcasting unverified)", "when": "2026-06-30T23:33:13Z", "score": 0.61, "vessel": "(SAR detection -- no AIS identity)", "ship_name": "", "ship_type": "Fishing vessel", "destination": "", "gear": "Sentinel-1 SAR (our detection)", "flag": "", "flag_emoji": "", "eez": "Peruvian Exclusive Economic Zone", "eez_sovereign": "Peru", "eez_foreign": null, "authorization": "unverifiable", "authorities": "", "iuu_listed": false, "iuu_label": "", "imo": "", "next_port": null, "evidence_hash": "4985bcc5e7af54bd85d6d206982652e9a15f496d16975c1e0c9713e17f9971d2", "evidence_schema": "seavigil-evidence-1.0", "why": "Sentinel-1 SAR detection, confidence 0.96 \u00b7 length 61 m (industrial scale) \u00b7 classified fishing vessel (p=0.61) \u00b7 heading about 338 deg at 7 kn", "why_full": "Sentinel-1 SAR detection, confidence 0.96 \u00b7 length 61 m (industrial scale) \u00b7 classified fishing vessel (p=0.61) \u00b7 heading about 338 deg at 7 kn", "baseline": "", "caveats": "A SAR detection is a radar blip: it has a position and a size, not an identity. | Length, heading and the fishing-vessel class are model estimates, not ground truth. | Dark means no AIS broadcast matched at the acquisition time; without an AIS feed the broadcasting status is unverified, not assumed. | An inspection lead, not proof of illegal activity.", "caveat": "A SAR detection is a radar blip: it has a position and a size, not an identity.", "innocent": "A radar contact with no AIS may be a vessel not required to broadcast, sea clutter, or fixed infrastructure; treat as a lead to confirm."}}, {"type": "Feature", "geometry": {"type": "Point", "coordinates": [-77.22246139526368, -12.006096200386397]}, "properties": {"id": "s1sar__20260630_0024", "kind": "dark_vessel_sar", "mpa": "Sentinel-1 SAR detection", "severity": "low", "severity_reason": "SAR-detected vessel (broadcasting unverified)", "when": "2026-06-30T23:33:13Z", "score": 0.01, "vessel": "(SAR detection -- no AIS identity)", "ship_name": "", "ship_type": "Vessel", "destination": "", "gear": "Sentinel-1 SAR (our detection)", "flag": "", "flag_emoji": "", "eez": "Peruvian Exclusive Economic Zone", "eez_sovereign": "Peru", "eez_foreign": null, "authorization": "unverifiable", "authorities": "", "iuu_listed": false, "iuu_label": "", "imo": "", "next_port": null, "evidence_hash": "8fd14161bfff9183bd6ab230203b459c4f829e76df8b2d2e3b73d0ea05947e77", "evidence_schema": "seavigil-evidence-1.0", "why": "Sentinel-1 SAR detection, confidence 0.99 \u00b7 length 160 m (industrial scale) \u00b7 classified non-fishing vessel (p=0.01) \u00b7 heading about 158 deg at 0 kn \u00b7 near-stationary at acquisition (likely at anchor)", "why_full": "Sentinel-1 SAR detection, confidence 0.99 \u00b7 length 160 m (industrial scale) \u00b7 classified non-fishing vessel (p=0.01) \u00b7 heading about 158 deg at 0 kn \u00b7 near-stationary at acquisition (likely at anchor)", "baseline": "", "caveats": "A SAR detection is a radar blip: it has a position and a size, not an identity. | Length, heading and the fishing-vessel class are model estimates, not ground truth. | Dark means no AIS broadcast matched at the acquisition time; without an AIS feed the broadcasting status is unverified, not assumed. | An inspection lead, not proof of illegal activity.", "caveat": "A SAR detection is a radar blip: it has a position and a size, not an identity.", "innocent": "A radar contact with no AIS may be a vessel not required to broadcast, sea clutter, or fixed infrastructure; treat as a lead to confirm."}}, {"type": "Feature", "geometry": {"type": "Point", "coordinates": [-77.22100227355958, -12.01272842017981]}, "properties": {"id": "s1sar__20260630_0028", "kind": "dark_vessel_sar", "mpa": "Sentinel-1 SAR detection", "severity": "low", "severity_reason": "SAR-detected vessel (broadcasting unverified)", "when": "2026-06-30T23:33:13Z", "score": 0.03, "vessel": "(SAR detection -- no AIS identity)", "ship_name": "", "ship_type": "Vessel", "destination": "", "gear": "Sentinel-1 SAR (our detection)", "flag": "", "flag_emoji": "", "eez": "Peruvian Exclusive Economic Zone", "eez_sovereign": "Peru", "eez_foreign": null, "authorization": "unverifiable", "authorities": "", "iuu_listed": false, "iuu_label": "", "imo": "", "next_port": null, "evidence_hash": "cca7b47bf96630a07ad49c29208ec2a5d9af738ac0dfe09ffcc498e3403a3214", "evidence_schema": "seavigil-evidence-1.0", "why": "Sentinel-1 SAR detection, confidence 0.98 \u00b7 length 102 m (industrial scale) \u00b7 classified non-fishing vessel (p=0.03) \u00b7 heading about 0 deg at 0 kn \u00b7 near-stationary at acquisition (likely at anchor)", "why_full": "Sentinel-1 SAR detection, confidence 0.98 \u00b7 length 102 m (industrial scale) \u00b7 classified non-fishing vessel (p=0.03) \u00b7 heading about 0 deg at 0 kn \u00b7 near-stationary at acquisition (likely at anchor)", "baseline": "", "caveats": "A SAR detection is a radar blip: it has a position and a size, not an identity. | Length, heading and the fishing-vessel class are model estimates, not ground truth. | Dark means no AIS broadcast matched at the acquisition time; without an AIS feed the broadcasting status is unverified, not assumed. | An inspection lead, not proof of illegal activity.", "caveat": "A SAR detection is a radar blip: it has a position and a size, not an identity.", "innocent": "A radar contact with no AIS may be a vessel not required to broadcast, sea clutter, or fixed infrastructure; treat as a lead to confirm."}}, {"type": "Feature", "geometry": {"type": "Point", "coordinates": [-77.2095867919922, -12.115297088089315]}, "properties": {"id": "s1sar__20260630_0113", "kind": "dark_vessel_sar", "mpa": "Sentinel-1 SAR detection", "severity": "low", "severity_reason": "SAR-detected vessel (broadcasting unverified)", "when": "2026-06-30T23:33:13Z", "score": 0.84, "vessel": "(SAR detection -- no AIS identity)", "ship_name": "", "ship_type": "Fishing vessel", "destination": "", "gear": "Sentinel-1 SAR (our detection)", "flag": "", "flag_emoji": "", "eez": "Peruvian Exclusive Economic Zone", "eez_sovereign": "Peru", "eez_foreign": null, "authorization": "unverifiable", "authorities": "", "iuu_listed": false, "iuu_label": "", "imo": "", "next_port": null, "evidence_hash": "71385dbe63b27d0d1e72ae057b9ef6d927911bee49216054aae45eaa287c8656", "evidence_schema": "seavigil-evidence-1.0", "why": "Sentinel-1 SAR detection, confidence 0.82 \u00b7 length 34 m (industrial scale) \u00b7 classified fishing vessel (p=0.84) \u00b7 heading about 248 deg at 1 kn \u00b7 near-stationary at acquisition (likely at anchor)", "why_full": "Sentinel-1 SAR detection, confidence 0.82 \u00b7 length 34 m (industrial scale) \u00b7 classified fishing vessel (p=0.84) \u00b7 heading about 248 deg at 1 kn \u00b7 near-stationary at acquisition (likely at anchor)", "baseline": "", "caveats": "A SAR detection is a radar blip: it has a position and a size, not an identity. | Length, heading and the fishing-vessel class are model estimates, not ground truth. | Dark means no AIS broadcast matched at the acquisition time; without an AIS feed the broadcasting status is unverified, not assumed. | An inspection lead, not proof of illegal activity.", "caveat": "A SAR detection is a radar blip: it has a position and a size, not an identity.", "innocent": "A radar contact with no AIS may be a vessel not required to broadcast, sea clutter, or fixed infrastructure; treat as a lead to confirm."}}, {"type": "Feature", "geometry": {"type": "Point", "coordinates": [-77.23490684509277, -12.093309404535823]}, "properties": {"id": "s1sar__20260630_0114", "kind": "dark_vessel_sar", "mpa": "Sentinel-1 SAR detection", "severity": "medium", "severity_reason": "fishing-type vessel underway (broadcasting unverified)", "when": "2026-06-30T23:33:13Z", "score": 0.52, "vessel": "(SAR detection -- no AIS identity)", "ship_name": "", "ship_type": "Fishing vessel", "destination": "", "gear": "Sentinel-1 SAR (our detection)", "flag": "", "flag_emoji": "", "eez": "", "eez_sovereign": "", "eez_foreign": null, "authorization": "unverifiable", "authorities": "", "iuu_listed": false, "iuu_label": "", "imo": "", "next_port": null, "evidence_hash": "7fc3dc3a0732eaf2f41b5da2b8a3904140de3cd40e9c0cce72ac245cea5b2416", "evidence_schema": "seavigil-evidence-1.0", "why": "Sentinel-1 SAR detection, confidence 0.74 \u00b7 length 45 m (industrial scale) \u00b7 classified fishing vessel (p=0.52) \u00b7 heading about 292 deg at 2 kn", "why_full": "Sentinel-1 SAR detection, confidence 0.74 \u00b7 length 45 m (industrial scale) \u00b7 classified fishing vessel (p=0.52) \u00b7 heading about 292 deg at 2 kn", "baseline": "", "caveats": "A SAR detection is a radar blip: it has a position and a size, not an identity. | Length, heading and the fishing-vessel class are model estimates, not ground truth. | Dark means no AIS broadcast matched at the acquisition time; without an AIS feed the broadcasting status is unverified, not assumed. | An inspection lead, not proof of illegal activity.", "caveat": "A SAR detection is a radar blip: it has a position and a size, not an identity.", "innocent": "A radar contact with no AIS may be a vessel not required to broadcast, sea clutter, or fixed infrastructure; treat as a lead to confirm."}}, {"type": "Feature", "geometry": {"type": "Point", "coordinates": [-77.22735374450684, -12.012392615508126]}, "properties": {"id": "s1sar__20260621_0006", "kind": "dark_vessel_sar", "mpa": "Sentinel-1 SAR detection", "severity": "low", "severity_reason": "SAR detection matched to an AIS broadcast (identified, broadcasting)", "when": "2026-06-21T10:47:43Z", "score": 0.0, "vessel": "(SAR detection -- no AIS identity)", "ship_name": "", "ship_type": "Vessel", "destination": "", "gear": "Sentinel-1 SAR (our detection)", "flag": "", "flag_emoji": "", "eez": "Peruvian Exclusive Economic Zone", "eez_sovereign": "Peru", "eez_foreign": null, "authorization": "unverifiable", "authorities": "", "iuu_listed": false, "iuu_label": "", "imo": "", "next_port": null, "evidence_hash": "52aaae50eda339d51190937a838c5d7f1a91267d8e57e7f75a005ead225f3764", "evidence_schema": "seavigil-evidence-1.0", "why": "Sentinel-1 SAR detection, confidence 0.99 \u00b7 length 187 m (industrial scale) \u00b7 classified non-fishing vessel (p=0.00) \u00b7 heading about 158 deg at 0 kn \u00b7 matched to an AIS broadcast at acquisition", "why_full": "Sentinel-1 SAR detection, confidence 0.99 \u00b7 length 187 m (industrial scale) \u00b7 classified non-fishing vessel (p=0.00) \u00b7 heading about 158 deg at 0 kn \u00b7 matched to an AIS broadcast at acquisition", "baseline": "", "caveats": "A SAR detection is a radar blip: it has a position and a size, not an identity. | Length, heading and the fishing-vessel class are model estimates, not ground truth. | Dark means no AIS broadcast matched at the acquisition time; without an AIS feed the broadcasting status is unverified, not assumed. | An inspection lead, not proof of illegal activity.", "caveat": "A SAR detection is a radar blip: it has a position and a size, not an identity.", "innocent": "A radar contact with no AIS may be a vessel not required to broadcast, sea clutter, or fixed infrastructure; treat as a lead to confirm."}}, {"type": "Feature", "geometry": {"type": "Point", "coordinates": [-77.25490539550782, -12.049748314461224]}, "properties": {"id": "s1sar__20260621_0056", "kind": "dark_vessel_sar", "mpa": "Sentinel-1 SAR detection", "severity": "high", "severity_reason": "dark vessel (no AIS broadcast) detected by SAR", "when": "2026-06-21T10:47:43Z", "score": 0.0, "vessel": "(dark -- no AIS identity)", "ship_name": "", "ship_type": "Vessel", "destination": "", "gear": "Sentinel-1 SAR (dark)", "flag": "", "flag_emoji": "", "eez": "Peruvian Exclusive Economic Zone", "eez_sovereign": "Peru", "eez_foreign": null, "authorization": "unverifiable", "authorities": "", "iuu_listed": false, "iuu_label": "", "imo": "", "next_port": null, "evidence_hash": "e6ef5b435fd76c9d3e1b8c95bef3cc6a3a56936da42ccabac898dbd4c1f968c2", "evidence_schema": "seavigil-evidence-1.0", "why": "Sentinel-1 SAR detection, confidence 0.99 \u00b7 length 148 m (industrial scale) \u00b7 classified non-fishing vessel (p=0.00) \u00b7 heading about 22 deg at 1 kn \u00b7 no AIS broadcast matched at acquisition (dark)", "why_full": "Sentinel-1 SAR detection, confidence 0.99 \u00b7 length 148 m (industrial scale) \u00b7 classified non-fishing vessel (p=0.00) \u00b7 heading about 22 deg at 1 kn \u00b7 no AIS broadcast matched at acquisition (dark)", "baseline": "", "caveats": "A SAR detection is a radar blip: it has a position and a size, not an identity. | Length, heading and the fishing-vessel class are model estimates, not ground truth. | Dark means no AIS broadcast matched at the acquisition time; without an AIS feed the broadcasting status is unverified, not assumed. | An inspection lead, not proof of illegal activity.", "caveat": "A SAR detection is a radar blip: it has a position and a size, not an identity.", "innocent": "A radar contact with no AIS may be a vessel not required to broadcast, sea clutter, or fixed infrastructure; treat as a lead to confirm."}}, {"type": "Feature", "geometry": {"type": "Point", "coordinates": [-77.31490104675294, -12.185528033780145]}, "properties": {"id": "s1sar__20260621_0086", "kind": "dark_vessel_sar", "mpa": "Sentinel-1 SAR detection", "severity": "high", "severity_reason": "dark vessel (no AIS broadcast) detected by SAR", "when": "2026-06-21T10:47:43Z", "score": 0.0, "vessel": "(dark -- no AIS identity)", "ship_name": "", "ship_type": "Vessel", "destination": "", "gear": "Sentinel-1 SAR (dark)", "flag": "", "flag_emoji": "", "eez": "Peruvian Exclusive Economic Zone", "eez_sovereign": "Peru", "eez_foreign": null, "authorization": "unverifiable", "authorities": "", "iuu_listed": false, "iuu_label": "", "imo": "", "next_port": null, "evidence_hash": "0b30943e87c0a4b7a62e1a26f0826436de0bd2c5e9bba1fe4a6c40eab8c38017", "evidence_schema": "seavigil-evidence-1.0", "why": "Sentinel-1 SAR detection, confidence 0.97 \u00b7 length 220 m (industrial scale) \u00b7 classified non-fishing vessel (p=0.00) \u00b7 heading about 0 deg at 10 kn \u00b7 no AIS broadcast matched at acquisition (dark)", "why_full": "Sentinel-1 SAR detection, confidence 0.97 \u00b7 length 220 m (industrial scale) \u00b7 classified non-fishing vessel (p=0.00) \u00b7 heading about 0 deg at 10 kn \u00b7 no AIS broadcast matched at acquisition (dark)", "baseline": "", "caveats": "A SAR detection is a radar blip: it has a position and a size, not an identity. | Length, heading and the fishing-vessel class are model estimates, not ground truth. | Dark means no AIS broadcast matched at the acquisition time; without an AIS feed the broadcasting status is unverified, not assumed. | An inspection lead, not proof of illegal activity.", "caveat": "A SAR detection is a radar blip: it has a position and a size, not an identity.", "innocent": "A radar contact with no AIS may be a vessel not required to broadcast, sea clutter, or fixed infrastructure; treat as a lead to confirm."}}, {"type": "Feature", "geometry": {"type": "Point", "coordinates": [-77.30545967102051, -12.162874915767386]}, "properties": {"id": "s1sar__20260621_0087", "kind": "dark_vessel_sar", "mpa": "Sentinel-1 SAR detection", "severity": "high", "severity_reason": "dark vessel (no AIS broadcast) detected by SAR", "when": "2026-06-21T10:47:43Z", "score": 0.97, "vessel": "(dark -- no AIS identity)", "ship_name": "", "ship_type": "Fishing vessel", "destination": "", "gear": "Sentinel-1 SAR (dark)", "flag": "", "flag_emoji": "", "eez": "Peruvian Exclusive Economic Zone", "eez_sovereign": "Peru", "eez_foreign": null, "authorization": "unverifiable", "authorities": "", "iuu_listed": false, "iuu_label": "", "imo": "", "next_port": null, "evidence_hash": "cb0c8117c8ba941d2fd2c32024e61028f21f040b6eb0d4eb38067bb0222f8ce5", "evidence_schema": "seavigil-evidence-1.0", "why": "Sentinel-1 SAR detection, confidence 0.85 \u00b7 length 28 m (industrial scale) \u00b7 classified fishing vessel (p=0.97) \u00b7 heading about 338 deg at 3 kn \u00b7 no AIS broadcast matched at acquisition (dark)", "why_full": "Sentinel-1 SAR detection, confidence 0.85 \u00b7 length 28 m (industrial scale) \u00b7 classified fishing vessel (p=0.97) \u00b7 heading about 338 deg at 3 kn \u00b7 no AIS broadcast matched at acquisition (dark)", "baseline": "", "caveats": "A SAR detection is a radar blip: it has a position and a size, not an identity. | Length, heading and the fishing-vessel class are model estimates, not ground truth. | Dark means no AIS broadcast matched at the acquisition time; without an AIS feed the broadcasting status is unverified, not assumed. | An inspection lead, not proof of illegal activity.", "caveat": "A SAR detection is a radar blip: it has a position and a size, not an identity.", "innocent": "A radar contact with no AIS may be a vessel not required to broadcast, sea clutter, or fixed infrastructure; treat as a lead to confirm."}}, {"type": "Feature", "geometry": {"type": "Point", "coordinates": [-77.22074478149415, -12.009790115104236]}, "properties": {"id": "s1sar__20260624_0023", "kind": "dark_vessel_sar", "mpa": "Sentinel-1 SAR detection", "severity": "high", "severity_reason": "dark vessel (no AIS broadcast) detected by SAR", "when": "2026-06-24T23:33:32Z", "score": 0.0, "vessel": "(dark -- no AIS identity)", "ship_name": "", "ship_type": "Vessel", "destination": "", "gear": "Sentinel-1 SAR (dark)", "flag": "", "flag_emoji": "", "eez": "Peruvian Exclusive Economic Zone", "eez_sovereign": "Peru", "eez_foreign": null, "authorization": "unverifiable", "authorities": "", "iuu_listed": false, "iuu_label": "", "imo": "", "next_port": null, "evidence_hash": "e654629fd0e0c117fcb533016c0c7eb707503f4f8e7c79aeef5e5e27afbbeea4", "evidence_schema": "seavigil-evidence-1.0", "why": "Sentinel-1 SAR detection, confidence 0.99 \u00b7 length 213 m (industrial scale) \u00b7 classified non-fishing vessel (p=0.00) \u00b7 heading about 315 deg at 0 kn \u00b7 no AIS broadcast matched at acquisition (dark)", "why_full": "Sentinel-1 SAR detection, confidence 0.99 \u00b7 length 213 m (industrial scale) \u00b7 classified non-fishing vessel (p=0.00) \u00b7 heading about 315 deg at 0 kn \u00b7 no AIS broadcast matched at acquisition (dark)", "baseline": "", "caveats": "A SAR detection is a radar blip: it has a position and a size, not an identity. | Length, heading and the fishing-vessel class are model estimates, not ground truth. | Dark means no AIS broadcast matched at the acquisition time; without an AIS feed the broadcasting status is unverified, not assumed. | An inspection lead, not proof of illegal activity.", "caveat": "A SAR detection is a radar blip: it has a position and a size, not an identity.", "innocent": "A radar contact with no AIS may be a vessel not required to broadcast, sea clutter, or fixed infrastructure; treat as a lead to confirm."}}, {"type": "Feature", "geometry": {"type": "Point", "coordinates": [-77.20744102478028, -12.114961411870684]}, "properties": {"id": "s1sar__20260624_0100", "kind": "dark_vessel_sar", "mpa": "Sentinel-1 SAR detection", "severity": "high", "severity_reason": "dark vessel (no AIS broadcast) detected by SAR", "when": "2026-06-24T23:33:32Z", "score": 0.63, "vessel": "(dark -- no AIS identity)", "ship_name": "", "ship_type": "Fishing vessel", "destination": "", "gear": "Sentinel-1 SAR (dark)", "flag": "", "flag_emoji": "", "eez": "Peruvian Exclusive Economic Zone", "eez_sovereign": "Peru", "eez_foreign": null, "authorization": "unverifiable", "authorities": "", "iuu_listed": false, "iuu_label": "", "imo": "", "next_port": null, "evidence_hash": "e470df7af213782bf488ddef081db252392b9562326a0144868ad076c07b8a7f", "evidence_schema": "seavigil-evidence-1.0", "why": "Sentinel-1 SAR detection, confidence 0.74 \u00b7 length 41 m (industrial scale) \u00b7 classified fishing vessel (p=0.63) \u00b7 heading about 270 deg at 5 kn \u00b7 no AIS broadcast matched at acquisition (dark)", "why_full": "Sentinel-1 SAR detection, confidence 0.74 \u00b7 length 41 m (industrial scale) \u00b7 classified fishing vessel (p=0.63) \u00b7 heading about 270 deg at 5 kn \u00b7 no AIS broadcast matched at acquisition (dark)", "baseline": "", "caveats": "A SAR detection is a radar blip: it has a position and a size, not an identity. | Length, heading and the fishing-vessel class are model estimates, not ground truth. | Dark means no AIS broadcast matched at the acquisition time; without an AIS feed the broadcasting status is unverified, not assumed. | An inspection lead, not proof of illegal activity.", "caveat": "A SAR detection is a radar blip: it has a position and a size, not an identity.", "innocent": "A radar contact with no AIS may be a vessel not required to broadcast, sea clutter, or fixed infrastructure; treat as a lead to confirm."}}, {"type": "Feature", "geometry": {"type": "Point", "coordinates": [-90.4926229095459, -0.5232151775443212]}, "properties": {"id": "s1sar__20260626_0000", "kind": "dark_vessel_sar", "mpa": "Galapagos Marine Reserve", "severity": "low", "severity_reason": "stationary vessel inside a protected area (likely at anchor; broadcasting unverified)", "when": "2026-06-26T00:17:29Z", "score": 0.15, "vessel": "(SAR detection -- no AIS identity)", "ship_name": "", "ship_type": "Vessel", "destination": "", "gear": "Sentinel-1 SAR (our detection)", "flag": "", "flag_emoji": "", "eez": "Ecuadorian Exclusive Economic Zone (Galapagos)", "eez_sovereign": "Ecuador", "eez_foreign": null, "authorization": "unverifiable", "authorities": "", "iuu_listed": false, "iuu_label": "", "imo": "", "next_port": null, "evidence_hash": "4c0759517f1a34cd6dbfedc6d7e6576437656ead1ffa143891bc46b6fa223cbb", "evidence_schema": "seavigil-evidence-1.0", "why": "Sentinel-1 SAR detection, confidence 0.99 \u00b7 length 49 m (industrial scale) \u00b7 classified non-fishing vessel (p=0.15) \u00b7 heading about 292 deg at 1 kn \u00b7 near-stationary at acquisition (likely at anchor)", "why_full": "Sentinel-1 SAR detection, confidence 0.99 \u00b7 length 49 m (industrial scale) \u00b7 classified non-fishing vessel (p=0.15) \u00b7 heading about 292 deg at 1 kn \u00b7 near-stationary at acquisition (likely at anchor)", "baseline": "", "caveats": "A SAR detection is a radar blip: it has a position and a size, not an identity. | Length, heading and the fishing-vessel class are model estimates, not ground truth. | Dark means no AIS broadcast matched at the acquisition time; without an AIS feed the broadcasting status is unverified, not assumed. | An inspection lead, not proof of illegal activity.", "caveat": "A SAR detection is a radar blip: it has a position and a size, not an identity.", "innocent": "A radar contact with no AIS may be a vessel not required to broadcast, sea clutter, or fixed infrastructure; treat as a lead to confirm."}}, {"type": "Feature", "geometry": {"type": "Point", "coordinates": [-90.51305061340334, -0.4992693689173638]}, "properties": {"id": "s1sar__20260626_0001", "kind": "dark_vessel_sar", "mpa": "Galapagos Marine Reserve", "severity": "low", "severity_reason": "stationary vessel inside a protected area (likely at anchor; broadcasting unverified)", "when": "2026-06-26T00:17:29Z", "score": 0.03, "vessel": "(SAR detection -- no AIS identity)", "ship_name": "", "ship_type": "Vessel", "destination": "", "gear": "Sentinel-1 SAR (our detection)", "flag": "", "flag_emoji": "", "eez": "Ecuadorian Exclusive Economic Zone (Galapagos)", "eez_sovereign": "Ecuador", "eez_foreign": null, "authorization": "unverifiable", "authorities": "", "iuu_listed": false, "iuu_label": "", "imo": "", "next_port": null, "evidence_hash": "b690d91cc3ed3830c9e1fd8ee554d3715e03032dd63d1bf1f21e2d589ec630be", "evidence_schema": "seavigil-evidence-1.0", "why": "Sentinel-1 SAR detection, confidence 0.98 \u00b7 length 108 m (industrial scale) \u00b7 classified non-fishing vessel (p=0.03) \u00b7 heading about 112 deg at 1 kn \u00b7 near-stationary at acquisition (likely at anchor)", "why_full": "Sentinel-1 SAR detection, confidence 0.98 \u00b7 length 108 m (industrial scale) \u00b7 classified non-fishing vessel (p=0.03) \u00b7 heading about 112 deg at 1 kn \u00b7 near-stationary at acquisition (likely at anchor)", "baseline": "", "caveats": "A SAR detection is a radar blip: it has a position and a size, not an identity. | Length, heading and the fishing-vessel class are model estimates, not ground truth. | Dark means no AIS broadcast matched at the acquisition time; without an AIS feed the broadcasting status is unverified, not assumed. | An inspection lead, not proof of illegal activity.", "caveat": "A SAR detection is a radar blip: it has a position and a size, not an identity.", "innocent": "A radar contact with no AIS may be a vessel not required to broadcast, sea clutter, or fixed infrastructure; treat as a lead to confirm."}}, {"type": "Feature", "geometry": {"type": "Point", "coordinates": [-90.51511054992676, -0.4960937532476136]}, "properties": {"id": "s1sar__20260626_0002", "kind": "dark_vessel_sar", "mpa": "Galapagos Marine Reserve", "severity": "medium", "severity_reason": "fishing-type vessel underway in a protected area (broadcasting unverified)", "when": "2026-06-26T00:17:29Z", "score": 0.54, "vessel": "(SAR detection -- no AIS identity)", "ship_name": "", "ship_type": "Fishing vessel", "destination": "", "gear": "Sentinel-1 SAR (our detection)", "flag": "", "flag_emoji": "", "eez": "Ecuadorian Exclusive Economic Zone (Galapagos)", "eez_sovereign": "Ecuador", "eez_foreign": null, "authorization": "unverifiable", "authorities": "", "iuu_listed": false, "iuu_label": "", "imo": "", "next_port": null, "evidence_hash": "d73a333922b7ed4f954e3c9ed1a0592378a999f9e3123ed95d387ba4165dc5b4", "evidence_schema": "seavigil-evidence-1.0", "why": "Sentinel-1 SAR detection, confidence 0.97 \u00b7 length 53 m (industrial scale) \u00b7 classified fishing vessel (p=0.54) \u00b7 heading about 292 deg at 2 kn", "why_full": "Sentinel-1 SAR detection, confidence 0.97 \u00b7 length 53 m (industrial scale) \u00b7 classified fishing vessel (p=0.54) \u00b7 heading about 292 deg at 2 kn", "baseline": "", "caveats": "A SAR detection is a radar blip: it has a position and a size, not an identity. | Length, heading and the fishing-vessel class are model estimates, not ground truth. | Dark means no AIS broadcast matched at the acquisition time; without an AIS feed the broadcasting status is unverified, not assumed. | An inspection lead, not proof of illegal activity.", "caveat": "A SAR detection is a radar blip: it has a position and a size, not an identity.", "innocent": "A radar contact with no AIS may be a vessel not required to broadcast, sea clutter, or fixed infrastructure; treat as a lead to confirm."}}, {"type": "Feature", "geometry": {"type": "Point", "coordinates": [-90.52498107910156, -0.5149757696237863]}, "properties": {"id": "s1sar__20260626_0003", "kind": "dark_vessel_sar", "mpa": "Sentinel-1 SAR detection", "severity": "low", "severity_reason": "SAR-detected vessel (broadcasting unverified)", "when": "2026-06-26T00:17:29Z", "score": 0.01, "vessel": "(SAR detection -- no AIS identity)", "ship_name": "", "ship_type": "Vessel", "destination": "", "gear": "Sentinel-1 SAR (our detection)", "flag": "", "flag_emoji": "", "eez": "Ecuadorian Exclusive Economic Zone (Galapagos)", "eez_sovereign": "Ecuador", "eez_foreign": null, "authorization": "unverifiable", "authorities": "", "iuu_listed": false, "iuu_label": "", "imo": "", "next_port": null, "evidence_hash": "6fd13ba7435dd0627f964ed21adb9a1a05728cfcf58f2f5b061b4df736f608dc", "evidence_schema": "seavigil-evidence-1.0", "why": "Sentinel-1 SAR detection, confidence 0.75 \u00b7 length 102 m (industrial scale) \u00b7 classified non-fishing vessel (p=0.01) \u00b7 heading about 248 deg at 0 kn \u00b7 near-stationary at acquisition (likely at anchor)", "why_full": "Sentinel-1 SAR detection, confidence 0.75 \u00b7 length 102 m (industrial scale) \u00b7 classified non-fishing vessel (p=0.01) \u00b7 heading about 248 deg at 0 kn \u00b7 near-stationary at acquisition (likely at anchor)", "baseline": "", "caveats": "A SAR detection is a radar blip: it has a position and a size, not an identity. | Length, heading and the fishing-vessel class are model estimates, not ground truth. | Dark means no AIS broadcast matched at the acquisition time; without an AIS feed the broadcasting status is unverified, not assumed. | An inspection lead, not proof of illegal activity.", "caveat": "A SAR detection is a radar blip: it has a position and a size, not an identity.", "innocent": "A radar contact with no AIS may be a vessel not required to broadcast, sea clutter, or fixed infrastructure; treat as a lead to confirm."}}, {"type": "Feature", "geometry": {"type": "Point", "coordinates": [-90.32611137390136, -0.4911157580534555]}, "properties": {"id": "s1sar__20260626_0004", "kind": "dark_vessel_sar", "mpa": "Galapagos Marine Reserve", "severity": "low", "severity_reason": "stationary vessel inside a protected area (likely at anchor; broadcasting unverified)", "when": "2026-06-26T00:17:29Z", "score": 0.29, "vessel": "(SAR detection -- no AIS identity)", "ship_name": "", "ship_type": "Vessel", "destination": "", "gear": "Sentinel-1 SAR (our detection)", "flag": "", "flag_emoji": "", "eez": "Ecuadorian Exclusive Economic Zone (Galapagos)", "eez_sovereign": "Ecuador", "eez_foreign": null, "authorization": "unverifiable", "authorities": "", "iuu_listed": false, "iuu_label": "", "imo": "", "next_port": null, "evidence_hash": "64b2fee642ffeb3813980201429062fcc0e9a77bb47b4a52789c95eb04e04fe1", "evidence_schema": "seavigil-evidence-1.0", "why": "Sentinel-1 SAR detection, confidence 0.76 \u00b7 length 58 m (industrial scale) \u00b7 classified non-fishing vessel (p=0.29) \u00b7 heading about 0 deg at 0 kn \u00b7 near-stationary at acquisition (likely at anchor)", "why_full": "Sentinel-1 SAR detection, confidence 0.76 \u00b7 length 58 m (industrial scale) \u00b7 classified non-fishing vessel (p=0.29) \u00b7 heading about 0 deg at 0 kn \u00b7 near-stationary at acquisition (likely at anchor)", "baseline": "", "caveats": "A SAR detection is a radar blip: it has a position and a size, not an identity. | Length, heading and the fishing-vessel class are model estimates, not ground truth. | Dark means no AIS broadcast matched at the acquisition time; without an AIS feed the broadcasting status is unverified, not assumed. | An inspection lead, not proof of illegal activity.", "caveat": "A SAR detection is a radar blip: it has a position and a size, not an identity.", "innocent": "A radar contact with no AIS may be a vessel not required to broadcast, sea clutter, or fixed infrastructure; treat as a lead to confirm."}}, {"type": "Feature", "geometry": {"type": "Point", "coordinates": [-90.28946166992188, -0.4912874131220771]}, "properties": {"id": "s1sar__20260626_0005", "kind": "dark_vessel_sar", "mpa": "Galapagos Marine Reserve", "severity": "low", "severity_reason": "stationary vessel inside a protected area (likely at anchor; broadcasting unverified)", "when": "2026-06-26T00:17:29Z", "score": 0.97, "vessel": "(SAR detection -- no AIS identity)", "ship_name": "", "ship_type": "Fishing vessel", "destination": "", "gear": "Sentinel-1 SAR (our detection)", "flag": "", "flag_emoji": "", "eez": "", "eez_sovereign": "", "eez_foreign": null, "authorization": "unverifiable", "authorities": "", "iuu_listed": false, "iuu_label": "", "imo": "", "next_port": null, "evidence_hash": "1f75ddb7a51773e4ddd13050de5c7eeeef3c98f0f7ba4db910c7d90555535235", "evidence_schema": "seavigil-evidence-1.0", "why": "Sentinel-1 SAR detection, confidence 0.97 \u00b7 length 50 m (industrial scale) \u00b7 classified fishing vessel (p=0.97) \u00b7 heading about 248 deg at -0 kn \u00b7 near-stationary at acquisition (likely at anchor)", "why_full": "Sentinel-1 SAR detection, confidence 0.97 \u00b7 length 50 m (industrial scale) \u00b7 classified fishing vessel (p=0.97) \u00b7 heading about 248 deg at -0 kn \u00b7 near-stationary at acquisition (likely at anchor)", "baseline": "", "caveats": "A SAR detection is a radar blip: it has a position and a size, not an identity. | Length, heading and the fishing-vessel class are model estimates, not ground truth. | Dark means no AIS broadcast matched at the acquisition time; without an AIS feed the broadcasting status is unverified, not assumed. | An inspection lead, not proof of illegal activity.", "caveat": "A SAR detection is a radar blip: it has a position and a size, not an identity.", "innocent": "A radar contact with no AIS may be a vessel not required to broadcast, sea clutter, or fixed infrastructure; treat as a lead to confirm."}}, {"type": "Feature", "geometry": {"type": "Point", "coordinates": [-90.16183143615724, -0.5756553151449777]}, "properties": {"id": "s1sar__20260626_0006", "kind": "dark_vessel_sar", "mpa": "Galapagos Marine Reserve", "severity": "low", "severity_reason": "stationary vessel inside a protected area (likely at anchor; broadcasting unverified)", "when": "2026-06-26T00:17:29Z", "score": 0.04, "vessel": "(SAR detection -- no AIS identity)", "ship_name": "", "ship_type": "Vessel", "destination": "", "gear": "Sentinel-1 SAR (our detection)", "flag": "", "flag_emoji": "", "eez": "Ecuadorian Exclusive Economic Zone (Galapagos)", "eez_sovereign": "Ecuador", "eez_foreign": null, "authorization": "unverifiable", "authorities": "", "iuu_listed": false, "iuu_label": "", "imo": "", "next_port": null, "evidence_hash": "eab872c33ebd12f54fb62a26764b1acb8eaacbd7cf1e235b9ec3498c71c3cdbf", "evidence_schema": "seavigil-evidence-1.0", "why": "Sentinel-1 SAR detection, confidence 0.96 \u00b7 length 39 m (industrial scale) \u00b7 classified non-fishing vessel (p=0.04) \u00b7 heading about 68 deg at 0 kn \u00b7 near-stationary at acquisition (likely at anchor)", "why_full": "Sentinel-1 SAR detection, confidence 0.96 \u00b7 length 39 m (industrial scale) \u00b7 classified non-fishing vessel (p=0.04) \u00b7 heading about 68 deg at 0 kn \u00b7 near-stationary at acquisition (likely at anchor)", "baseline": "", "caveats": "A SAR detection is a radar blip: it has a position and a size, not an identity. | Length, heading and the fishing-vessel class are model estimates, not ground truth. | Dark means no AIS broadcast matched at the acquisition time; without an AIS feed the broadcasting status is unverified, not assumed. | An inspection lead, not proof of illegal activity.", "caveat": "A SAR detection is a radar blip: it has a position and a size, not an identity.", "innocent": "A radar contact with no AIS may be a vessel not required to broadcast, sea clutter, or fixed infrastructure; treat as a lead to confirm."}}, {"type": "Feature", "geometry": {"type": "Point", "coordinates": [-90.16603713989258, -0.5763419259554056]}, "properties": {"id": "s1sar__20260626_0007", "kind": "dark_vessel_sar", "mpa": "Galapagos Marine Reserve", "severity": "low", "severity_reason": "stationary vessel inside a protected area (likely at anchor; broadcasting unverified)", "when": "2026-06-26T00:17:29Z", "score": 0.07, "vessel": "(SAR detection -- no AIS identity)", "ship_name": "", "ship_type": "Vessel", "destination": "", "gear": "Sentinel-1 SAR (our detection)", "flag": "", "flag_emoji": "", "eez": "Ecuadorian Exclusive Economic Zone (Galapagos)", "eez_sovereign": "Ecuador", "eez_foreign": null, "authorization": "unverifiable", "authorities": "", "iuu_listed": false, "iuu_label": "", "imo": "", "next_port": null, "evidence_hash": "2221d395e0f08d8fc92687fc33d507faf412c0a4d02cd152b24c5005a068f7bb", "evidence_schema": "seavigil-evidence-1.0", "why": "Sentinel-1 SAR detection, confidence 0.98 \u00b7 length 49 m (industrial scale) \u00b7 classified non-fishing vessel (p=0.07) \u00b7 heading about 270 deg at 0 kn \u00b7 near-stationary at acquisition (likely at anchor)", "why_full": "Sentinel-1 SAR detection, confidence 0.98 \u00b7 length 49 m (industrial scale) \u00b7 classified non-fishing vessel (p=0.07) \u00b7 heading about 270 deg at 0 kn \u00b7 near-stationary at acquisition (likely at anchor)", "baseline": "", "caveats": "A SAR detection is a radar blip: it has a position and a size, not an identity. | Length, heading and the fishing-vessel class are model estimates, not ground truth. | Dark means no AIS broadcast matched at the acquisition time; without an AIS feed the broadcasting status is unverified, not assumed. | An inspection lead, not proof of illegal activity.", "caveat": "A SAR detection is a radar blip: it has a position and a size, not an identity.", "innocent": "A radar contact with no AIS may be a vessel not required to broadcast, sea clutter, or fixed infrastructure; treat as a lead to confirm."}}, {"type": "Feature", "geometry": {"type": "Point", "coordinates": [-90.14372116088867, -0.5678451113816058]}, "properties": {"id": "s1sar__20260626_0008", "kind": "dark_vessel_sar", "mpa": "Galapagos Marine Reserve", "severity": "low", "severity_reason": "multi-use protected area", "when": "2026-06-26T00:17:29Z", "score": 0.03, "vessel": "(SAR detection -- no AIS identity)", "ship_name": "", "ship_type": "Vessel", "destination": "", "gear": "Sentinel-1 SAR (our detection)", "flag": "", "flag_emoji": "", "eez": "Ecuadorian Exclusive Economic Zone (Galapagos)", "eez_sovereign": "Ecuador", "eez_foreign": null, "authorization": "unverifiable", "authorities": "", "iuu_listed": false, "iuu_label": "", "imo": "", "next_port": null, "evidence_hash": "afc030983b86cef96d34f55656bd879f966054a9b0521ddc8d0ac67afdb28bb1", "evidence_schema": "seavigil-evidence-1.0", "why": "Sentinel-1 SAR detection, confidence 0.97 \u00b7 length 53 m (industrial scale) \u00b7 classified non-fishing vessel (p=0.03) \u00b7 heading about 315 deg at 4 kn", "why_full": "Sentinel-1 SAR detection, confidence 0.97 \u00b7 length 53 m (industrial scale) \u00b7 classified non-fishing vessel (p=0.03) \u00b7 heading about 315 deg at 4 kn", "baseline": "", "caveats": "A SAR detection is a radar blip: it has a position and a size, not an identity. | Length, heading and the fishing-vessel class are model estimates, not ground truth. | Dark means no AIS broadcast matched at the acquisition time; without an AIS feed the broadcasting status is unverified, not assumed. | An inspection lead, not proof of illegal activity.", "caveat": "A SAR detection is a radar blip: it has a position and a size, not an identity.", "innocent": "A radar contact with no AIS may be a vessel not required to broadcast, sea clutter, or fixed infrastructure; treat as a lead to confirm."}}, {"type": "Feature", "geometry": {"type": "Point", "coordinates": [-90.14191871643068, -0.566300234657333]}, "properties": {"id": "s1sar__20260626_0009", "kind": "dark_vessel_sar", "mpa": "Sentinel-1 SAR detection", "severity": "low", "severity_reason": "SAR-detected vessel (broadcasting unverified)", "when": "2026-06-26T00:17:29Z", "score": 0.01, "vessel": "(SAR detection -- no AIS identity)", "ship_name": "", "ship_type": "Vessel", "destination": "", "gear": "Sentinel-1 SAR (our detection)", "flag": "", "flag_emoji": "", "eez": "Ecuadorian Exclusive Economic Zone (Galapagos)", "eez_sovereign": "Ecuador", "eez_foreign": null, "authorization": "unverifiable", "authorities": "", "iuu_listed": false, "iuu_label": "", "imo": "", "next_port": null, "evidence_hash": "f2859cf099b4b86ab798de64c0ead0f9d1cb249e3ebc0df710197df30e8a1157", "evidence_schema": "seavigil-evidence-1.0", "why": "Sentinel-1 SAR detection, confidence 0.95 \u00b7 length 103 m (industrial scale) \u00b7 classified non-fishing vessel (p=0.01) \u00b7 heading about 112 deg at 0 kn \u00b7 near-stationary at acquisition (likely at anchor)", "why_full": "Sentinel-1 SAR detection, confidence 0.95 \u00b7 length 103 m (industrial scale) \u00b7 classified non-fishing vessel (p=0.01) \u00b7 heading about 112 deg at 0 kn \u00b7 near-stationary at acquisition (likely at anchor)", "baseline": "", "caveats": "A SAR detection is a radar blip: it has a position and a size, not an identity. | Length, heading and the fishing-vessel class are model estimates, not ground truth. | Dark means no AIS broadcast matched at the acquisition time; without an AIS feed the broadcasting status is unverified, not assumed. | An inspection lead, not proof of illegal activity.", "caveat": "A SAR detection is a radar blip: it has a position and a size, not an identity.", "innocent": "A radar contact with no AIS may be a vessel not required to broadcast, sea clutter, or fixed infrastructure; treat as a lead to confirm."}}, {"type": "Feature", "geometry": {"type": "Point", "coordinates": [-90.30473953247068, -0.7499657121016451]}, "properties": {"id": "s1sar__20260626_0010", "kind": "dark_vessel_sar", "mpa": "Galapagos Marine Reserve", "severity": "medium", "severity_reason": "fishing-type vessel underway in a protected area (broadcasting unverified)", "when": "2026-06-26T00:17:29Z", "score": 0.8, "vessel": "(SAR detection -- no AIS identity)", "ship_name": "", "ship_type": "Fishing vessel", "destination": "", "gear": "Sentinel-1 SAR (our detection)", "flag": "", "flag_emoji": "", "eez": "Ecuadorian Exclusive Economic Zone (Galapagos)", "eez_sovereign": "Ecuador", "eez_foreign": null, "authorization": "unverifiable", "authorities": "", "iuu_listed": false, "iuu_label": "", "imo": "", "next_port": null, "evidence_hash": "6953493b42638722c256d786c8904ad1c88327ec6fbc897fa705a8113ae59cca", "evidence_schema": "seavigil-evidence-1.0", "why": "Sentinel-1 SAR detection, confidence 0.98 \u00b7 length 37 m (industrial scale) \u00b7 classified fishing vessel (p=0.80) \u00b7 heading about 0 deg at 1 kn", "why_full": "Sentinel-1 SAR detection, confidence 0.98 \u00b7 length 37 m (industrial scale) \u00b7 classified fishing vessel (p=0.80) \u00b7 heading about 0 deg at 1 kn", "baseline": "", "caveats": "A SAR detection is a radar blip: it has a position and a size, not an identity. | Length, heading and the fishing-vessel class are model estimates, not ground truth. | Dark means no AIS broadcast matched at the acquisition time; without an AIS feed the broadcasting status is unverified, not assumed. | An inspection lead, not proof of illegal activity.", "caveat": "A SAR detection is a radar blip: it has a position and a size, not an identity.", "innocent": "A radar contact with no AIS may be a vessel not required to broadcast, sea clutter, or fixed infrastructure; treat as a lead to confirm."}}, {"type": "Feature", "geometry": {"type": "Point", "coordinates": [-90.30765777587892, -0.7482492450488141]}, "properties": {"id": "s1sar__20260626_0011", "kind": "dark_vessel_sar", "mpa": "Galapagos Marine Reserve", "severity": "low", "severity_reason": "multi-use protected area", "when": "2026-06-26T00:17:29Z", "score": 0.16, "vessel": "(SAR detection -- no AIS identity)", "ship_name": "", "ship_type": "Vessel", "destination": "", "gear": "Sentinel-1 SAR (our detection)", "flag": "", "flag_emoji": "", "eez": "Ecuadorian Exclusive Economic Zone (Galapagos)", "eez_sovereign": "Ecuador", "eez_foreign": null, "authorization": "unverifiable", "authorities": "", "iuu_listed": false, "iuu_label": "", "imo": "", "next_port": null, "evidence_hash": "68687c8cb7f81c590f5da7a9e070ee0315c0208ac170117a0c3424d44a50243f", "evidence_schema": "seavigil-evidence-1.0", "why": "Sentinel-1 SAR detection, confidence 0.85 \u00b7 length 30 m (industrial scale) \u00b7 classified non-fishing vessel (p=0.16) \u00b7 heading about 0 deg at 2 kn", "why_full": "Sentinel-1 SAR detection, confidence 0.85 \u00b7 length 30 m (industrial scale) \u00b7 classified non-fishing vessel (p=0.16) \u00b7 heading about 0 deg at 2 kn", "baseline": "", "caveats": "A SAR detection is a radar blip: it has a position and a size, not an identity. | Length, heading and the fishing-vessel class are model estimates, not ground truth. | Dark means no AIS broadcast matched at the acquisition time; without an AIS feed the broadcasting status is unverified, not assumed. | An inspection lead, not proof of illegal activity.", "caveat": "A SAR detection is a radar blip: it has a position and a size, not an identity.", "innocent": "A radar contact with no AIS may be a vessel not required to broadcast, sea clutter, or fixed infrastructure; treat as a lead to confirm."}}, {"type": "Feature", "geometry": {"type": "Point", "coordinates": [-90.30937438964844, -0.74816342167853]}, "properties": {"id": "s1sar__20260626_0012", "kind": "dark_vessel_sar", "mpa": "Galapagos Marine Reserve", "severity": "low", "severity_reason": "stationary vessel inside a protected area (likely at anchor; broadcasting unverified)", "when": "2026-06-26T00:17:29Z", "score": 0.33, "vessel": "(SAR detection -- no AIS identity)", "ship_name": "", "ship_type": "Vessel", "destination": "", "gear": "Sentinel-1 SAR (our detection)", "flag": "", "flag_emoji": "", "eez": "Ecuadorian Exclusive Economic Zone (Galapagos)", "eez_sovereign": "Ecuador", "eez_foreign": null, "authorization": "unverifiable", "authorities": "", "iuu_listed": false, "iuu_label": "", "imo": "", "next_port": null, "evidence_hash": "b9f2e71a63ecdc91fdabafa308d1e02bae1bfa12f41a53e2b28684d7d4ca4829", "evidence_schema": "seavigil-evidence-1.0", "why": "Sentinel-1 SAR detection, confidence 0.78 \u00b7 length 41 m (industrial scale) \u00b7 classified non-fishing vessel (p=0.33) \u00b7 heading about 0 deg at 0 kn \u00b7 near-stationary at acquisition (likely at anchor)", "why_full": "Sentinel-1 SAR detection, confidence 0.78 \u00b7 length 41 m (industrial scale) \u00b7 classified non-fishing vessel (p=0.33) \u00b7 heading about 0 deg at 0 kn \u00b7 near-stationary at acquisition (likely at anchor)", "baseline": "", "caveats": "A SAR detection is a radar blip: it has a position and a size, not an identity. | Length, heading and the fishing-vessel class are model estimates, not ground truth. | Dark means no AIS broadcast matched at the acquisition time; without an AIS feed the broadcasting status is unverified, not assumed. | An inspection lead, not proof of illegal activity.", "caveat": "A SAR detection is a radar blip: it has a position and a size, not an identity.", "innocent": "A radar contact with no AIS may be a vessel not required to broadcast, sea clutter, or fixed infrastructure; treat as a lead to confirm."}}, {"type": "Feature", "geometry": {"type": "Point", "coordinates": [-90.30937438964844, -0.746361130515109]}, "properties": {"id": "s1sar__20260626_0013", "kind": "dark_vessel_sar", "mpa": "Galapagos Marine Reserve", "severity": "low", "severity_reason": "stationary vessel inside a protected area (likely at anchor; broadcasting unverified)", "when": "2026-06-26T00:17:29Z", "score": 0.4, "vessel": "(SAR detection -- no AIS identity)", "ship_name": "", "ship_type": "Vessel", "destination": "", "gear": "Sentinel-1 SAR (our detection)", "flag": "", "flag_emoji": "", "eez": "Ecuadorian Exclusive Economic Zone (Galapagos)", "eez_sovereign": "Ecuador", "eez_foreign": null, "authorization": "unverifiable", "authorities": "", "iuu_listed": false, "iuu_label": "", "imo": "", "next_port": null, "evidence_hash": "c2f9130089b296de0989932e3d35bd213613c56b91d96ba9abdea18ff8935dd6", "evidence_schema": "seavigil-evidence-1.0", "why": "Sentinel-1 SAR detection, confidence 0.76 \u00b7 length 38 m (industrial scale) \u00b7 classified non-fishing vessel (p=0.40) \u00b7 heading about 292 deg at 0 kn \u00b7 near-stationary at acquisition (likely at anchor)", "why_full": "Sentinel-1 SAR detection, confidence 0.76 \u00b7 length 38 m (industrial scale) \u00b7 classified non-fishing vessel (p=0.40) \u00b7 heading about 292 deg at 0 kn \u00b7 near-stationary at acquisition (likely at anchor)", "baseline": "", "caveats": "A SAR detection is a radar blip: it has a position and a size, not an identity. | Length, heading and the fishing-vessel class are model estimates, not ground truth. | Dark means no AIS broadcast matched at the acquisition time; without an AIS feed the broadcasting status is unverified, not assumed. | An inspection lead, not proof of illegal activity.", "caveat": "A SAR detection is a radar blip: it has a position and a size, not an identity.", "innocent": "A radar contact with no AIS may be a vessel not required to broadcast, sea clutter, or fixed infrastructure; treat as a lead to confirm."}}, {"type": "Feature", "geometry": {"type": "Point", "coordinates": [-90.0612378692627, -0.7964817078375002]}, "properties": {"id": "s1sar__20260626_0014", "kind": "dark_vessel_sar", "mpa": "Galapagos Marine Reserve", "severity": "low", "severity_reason": "stationary vessel inside a protected area (likely at anchor; broadcasting unverified)", "when": "2026-06-26T00:17:29Z", "score": 0.1, "vessel": "(SAR detection -- no AIS identity)", "ship_name": "", "ship_type": "Vessel", "destination": "", "gear": "Sentinel-1 SAR (our detection)", "flag": "", "flag_emoji": "", "eez": "Ecuadorian Exclusive Economic Zone (Galapagos)", "eez_sovereign": "Ecuador", "eez_foreign": null, "authorization": "unverifiable", "authorities": "", "iuu_listed": false, "iuu_label": "", "imo": "", "next_port": null, "evidence_hash": "c1b981106f2d20fe30fb29ff4275aff404aea849d05e8e1890fad1d23b317829", "evidence_schema": "seavigil-evidence-1.0", "why": "Sentinel-1 SAR detection, confidence 0.85 \u00b7 length 54 m (industrial scale) \u00b7 classified non-fishing vessel (p=0.10) \u00b7 heading about 248 deg at 0 kn \u00b7 near-stationary at acquisition (likely at anchor)", "why_full": "Sentinel-1 SAR detection, confidence 0.85 \u00b7 length 54 m (industrial scale) \u00b7 classified non-fishing vessel (p=0.10) \u00b7 heading about 248 deg at 0 kn \u00b7 near-stationary at acquisition (likely at anchor)", "baseline": "", "caveats": "A SAR detection is a radar blip: it has a position and a size, not an identity. | Length, heading and the fishing-vessel class are model estimates, not ground truth. | Dark means no AIS broadcast matched at the acquisition time; without an AIS feed the broadcasting status is unverified, not assumed. | An inspection lead, not proof of illegal activity.", "caveat": "A SAR detection is a radar blip: it has a position and a size, not an identity.", "innocent": "A radar contact with no AIS may be a vessel not required to broadcast, sea clutter, or fixed infrastructure; treat as a lead to confirm."}}, {"type": "Feature", "geometry": {"type": "Point", "coordinates": [-13.862841110229493, 9.631854249294904]}, "properties": {"id": "s1sar__20260620_0015", "kind": "dark_vessel_sar", "mpa": "Sentinel-1 SAR detection", "severity": "high", "severity_reason": "dark vessel (no AIS broadcast) detected by SAR", "when": "2026-06-20T19:08:19Z", "score": 0.0, "vessel": "(dark -- no AIS identity)", "ship_name": "", "ship_type": "Vessel", "destination": "", "gear": "Sentinel-1 SAR (dark)", "flag": "", "flag_emoji": "", "eez": "Guinean Exclusive Economic Zone", "eez_sovereign": "Guinea", "eez_foreign": null, "authorization": "unverifiable", "authorities": "", "iuu_listed": false, "iuu_label": "", "imo": "", "next_port": null, "evidence_hash": "8acf8610fe22b8a6ec943430e1b02b2089f66b5f19e75055718e64c815a098a7", "evidence_schema": "seavigil-evidence-1.0", "why": "Sentinel-1 SAR detection, confidence 0.99 \u00b7 length 235 m (industrial scale) \u00b7 classified non-fishing vessel (p=0.00) \u00b7 heading about 45 deg at 0 kn \u00b7 no AIS broadcast matched at acquisition (dark)", "why_full": "Sentinel-1 SAR detection, confidence 0.99 \u00b7 length 235 m (industrial scale) \u00b7 classified non-fishing vessel (p=0.00) \u00b7 heading about 45 deg at 0 kn \u00b7 no AIS broadcast matched at acquisition (dark)", "baseline": "", "caveats": "A SAR detection is a radar blip: it has a position and a size, not an identity. | Length, heading and the fishing-vessel class are model estimates, not ground truth. | Dark means no AIS broadcast matched at the acquisition time; without an AIS feed the broadcasting status is unverified, not assumed. | An inspection lead, not proof of illegal activity.", "caveat": "A SAR detection is a radar blip: it has a position and a size, not an identity.", "innocent": "A radar contact with no AIS may be a vessel not required to broadcast, sea clutter, or fixed infrastructure; treat as a lead to confirm."}}, {"type": "Feature", "geometry": {"type": "Point", "coordinates": [-13.846104125976565, 9.64040083659654]}, "properties": {"id": "s1sar__20260620_0016", "kind": "dark_vessel_sar", "mpa": "Sentinel-1 SAR detection", "severity": "high", "severity_reason": "dark vessel (no AIS broadcast) detected by SAR", "when": "2026-06-20T19:08:19Z", "score": 0.0, "vessel": "(dark -- no AIS identity)", "ship_name": "", "ship_type": "Vessel", "destination": "", "gear": "Sentinel-1 SAR (dark)", "flag": "", "flag_emoji": "", "eez": "Guinean Exclusive Economic Zone", "eez_sovereign": "Guinea", "eez_foreign": null, "authorization": "unverifiable", "authorities": "", "iuu_listed": false, "iuu_label": "", "imo": "", "next_port": null, "evidence_hash": "d5c3918181516804789b19f589ca136d8ce46378c922f0d98dc49e99f18cd6dd", "evidence_schema": "seavigil-evidence-1.0", "why": "Sentinel-1 SAR detection, confidence 0.99 \u00b7 length 133 m (industrial scale) \u00b7 classified non-fishing vessel (p=0.00) \u00b7 heading about 270 deg at 0 kn \u00b7 no AIS broadcast matched at acquisition (dark)", "why_full": "Sentinel-1 SAR detection, confidence 0.99 \u00b7 length 133 m (industrial scale) \u00b7 classified non-fishing vessel (p=0.00) \u00b7 heading about 270 deg at 0 kn \u00b7 no AIS broadcast matched at acquisition (dark)", "baseline": "", "caveats": "A SAR detection is a radar blip: it has a position and a size, not an identity. | Length, heading and the fishing-vessel class are model estimates, not ground truth. | Dark means no AIS broadcast matched at the acquisition time; without an AIS feed the broadcasting status is unverified, not assumed. | An inspection lead, not proof of illegal activity.", "caveat": "A SAR detection is a radar blip: it has a position and a size, not an identity.", "innocent": "A radar contact with no AIS may be a vessel not required to broadcast, sea clutter, or fixed infrastructure; treat as a lead to confirm."}}, {"type": "Feature", "geometry": {"type": "Point", "coordinates": [-13.914768676757811, 9.556956602313155]}, "properties": {"id": "s1sar__20260620_0024", "kind": "dark_vessel_sar", "mpa": "Sentinel-1 SAR detection", "severity": "high", "severity_reason": "dark vessel (no AIS broadcast) detected by SAR", "when": "2026-06-20T19:08:19Z", "score": 0.0, "vessel": "(dark -- no AIS identity)", "ship_name": "", "ship_type": "Vessel", "destination": "", "gear": "Sentinel-1 SAR (dark)", "flag": "", "flag_emoji": "", "eez": "Guinean Exclusive Economic Zone", "eez_sovereign": "Guinea", "eez_foreign": null, "authorization": "unverifiable", "authorities": "", "iuu_listed": false, "iuu_label": "", "imo": "", "next_port": null, "evidence_hash": "20930e920bb9df3f852ce94611fa9550f24fee7f079c79adb5f1dcc743f7628a", "evidence_schema": "seavigil-evidence-1.0", "why": "Sentinel-1 SAR detection, confidence 0.99 \u00b7 length 177 m (industrial scale) \u00b7 classified non-fishing vessel (p=0.00) \u00b7 heading about 158 deg at 0 kn \u00b7 no AIS broadcast matched at acquisition (dark)", "why_full": "Sentinel-1 SAR detection, confidence 0.99 \u00b7 length 177 m (industrial scale) \u00b7 classified non-fishing vessel (p=0.00) \u00b7 heading about 158 deg at 0 kn \u00b7 no AIS broadcast matched at acquisition (dark)", "baseline": "", "caveats": "A SAR detection is a radar blip: it has a position and a size, not an identity. | Length, heading and the fishing-vessel class are model estimates, not ground truth. | Dark means no AIS broadcast matched at the acquisition time; without an AIS feed the broadcasting status is unverified, not assumed. | An inspection lead, not proof of illegal activity.", "caveat": "A SAR detection is a radar blip: it has a position and a size, not an identity.", "innocent": "A radar contact with no AIS may be a vessel not required to broadcast, sea clutter, or fixed infrastructure; treat as a lead to confirm."}}, {"type": "Feature", "geometry": {"type": "Point", "coordinates": [-13.907387237548829, 9.587848597151424]}, "properties": {"id": "s1sar__20260620_0025", "kind": "dark_vessel_sar", "mpa": "Sentinel-1 SAR detection", "severity": "high", "severity_reason": "dark vessel (no AIS broadcast) detected by SAR", "when": "2026-06-20T19:08:19Z", "score": 0.0, "vessel": "(dark -- no AIS identity)", "ship_name": "", "ship_type": "Vessel", "destination": "", "gear": "Sentinel-1 SAR (dark)", "flag": "", "flag_emoji": "", "eez": "Guinean Exclusive Economic Zone", "eez_sovereign": "Guinea", "eez_foreign": null, "authorization": "unverifiable", "authorities": "", "iuu_listed": false, "iuu_label": "", "imo": "", "next_port": null, "evidence_hash": "c53bfbeb6ef8de33d951e50fad6d27360dec19a0bee9a8e42e71fa14bfcc7de0", "evidence_schema": "seavigil-evidence-1.0", "why": "Sentinel-1 SAR detection, confidence 0.99 \u00b7 length 209 m (industrial scale) \u00b7 classified non-fishing vessel (p=0.00) \u00b7 heading about 292 deg at 0 kn \u00b7 no AIS broadcast matched at acquisition (dark)", "why_full": "Sentinel-1 SAR detection, confidence 0.99 \u00b7 length 209 m (industrial scale) \u00b7 classified non-fishing vessel (p=0.00) \u00b7 heading about 292 deg at 0 kn \u00b7 no AIS broadcast matched at acquisition (dark)", "baseline": "", "caveats": "A SAR detection is a radar blip: it has a position and a size, not an identity. | Length, heading and the fishing-vessel class are model estimates, not ground truth. | Dark means no AIS broadcast matched at the acquisition time; without an AIS feed the broadcasting status is unverified, not assumed. | An inspection lead, not proof of illegal activity.", "caveat": "A SAR detection is a radar blip: it has a position and a size, not an identity.", "innocent": "A radar contact with no AIS may be a vessel not required to broadcast, sea clutter, or fixed infrastructure; treat as a lead to confirm."}}, {"type": "Feature", "geometry": {"type": "Point", "coordinates": [-13.733923416137694, 9.504476105606653]}, "properties": {"id": "s1sar__20260620_0026", "kind": "dark_vessel_sar", "mpa": "Sentinel-1 SAR detection", "severity": "low", "severity_reason": "SAR detection matched to an AIS broadcast (identified, broadcasting)", "when": "2026-06-20T19:08:19Z", "score": 0.0, "vessel": "(SAR detection -- no AIS identity)", "ship_name": "", "ship_type": "Vessel", "destination": "", "gear": "Sentinel-1 SAR (our detection)", "flag": "", "flag_emoji": "", "eez": "Guinean Exclusive Economic Zone", "eez_sovereign": "Guinea", "eez_foreign": null, "authorization": "unverifiable", "authorities": "", "iuu_listed": false, "iuu_label": "", "imo": "", "next_port": null, "evidence_hash": "2597e8105d25c2963f4f75af2e57e6d28da6943d743ff1f8d7586153bcf303dd", "evidence_schema": "seavigil-evidence-1.0", "why": "Sentinel-1 SAR detection, confidence 0.99 \u00b7 length 93 m (industrial scale) \u00b7 classified non-fishing vessel (p=0.00) \u00b7 heading about 90 deg at 0 kn \u00b7 matched to an AIS broadcast at acquisition", "why_full": "Sentinel-1 SAR detection, confidence 0.99 \u00b7 length 93 m (industrial scale) \u00b7 classified non-fishing vessel (p=0.00) \u00b7 heading about 90 deg at 0 kn \u00b7 matched to an AIS broadcast at acquisition", "baseline": "", "caveats": "A SAR detection is a radar blip: it has a position and a size, not an identity. | Length, heading and the fishing-vessel class are model estimates, not ground truth. | Dark means no AIS broadcast matched at the acquisition time; without an AIS feed the broadcasting status is unverified, not assumed. | An inspection lead, not proof of illegal activity.", "caveat": "A SAR detection is a radar blip: it has a position and a size, not an identity.", "innocent": "A radar contact with no AIS may be a vessel not required to broadcast, sea clutter, or fixed infrastructure; treat as a lead to confirm."}}, {"type": "Feature", "geometry": {"type": "Point", "coordinates": [-13.740961532592774, 9.487714507257126]}, "properties": {"id": "s1sar__20260620_0027", "kind": "dark_vessel_sar", "mpa": "Sentinel-1 SAR detection", "severity": "low", "severity_reason": "SAR detection matched to an AIS broadcast (identified, broadcasting)", "when": "2026-06-20T19:08:19Z", "score": 0.62, "vessel": "(SAR detection -- no AIS identity)", "ship_name": "", "ship_type": "Fishing vessel", "destination": "", "gear": "Sentinel-1 SAR (our detection)", "flag": "", "flag_emoji": "", "eez": "Guinean Exclusive Economic Zone", "eez_sovereign": "Guinea", "eez_foreign": null, "authorization": "unverifiable", "authorities": "", "iuu_listed": false, "iuu_label": "", "imo": "", "next_port": null, "evidence_hash": "e4f5f4729b1b31d9d874e1b82423d2437b58ff237ae5039f96dbbc7ef4dc7d24", "evidence_schema": "seavigil-evidence-1.0", "why": "Sentinel-1 SAR detection, confidence 0.99 \u00b7 length 71 m (industrial scale) \u00b7 classified fishing vessel (p=0.62) \u00b7 heading about 338 deg at 0 kn \u00b7 matched to an AIS broadcast at acquisition", "why_full": "Sentinel-1 SAR detection, confidence 0.99 \u00b7 length 71 m (industrial scale) \u00b7 classified fishing vessel (p=0.62) \u00b7 heading about 338 deg at 0 kn \u00b7 matched to an AIS broadcast at acquisition", "baseline": "", "caveats": "A SAR detection is a radar blip: it has a position and a size, not an identity. | Length, heading and the fishing-vessel class are model estimates, not ground truth. | Dark means no AIS broadcast matched at the acquisition time; without an AIS feed the broadcasting status is unverified, not assumed. | An inspection lead, not proof of illegal activity.", "caveat": "A SAR detection is a radar blip: it has a position and a size, not an identity.", "innocent": "A radar contact with no AIS may be a vessel not required to broadcast, sea clutter, or fixed infrastructure; treat as a lead to confirm."}}, {"type": "Feature", "geometry": {"type": "Point", "coordinates": [-13.747227172851565, 9.486867940133886]}, "properties": {"id": "s1sar__20260620_0028", "kind": "dark_vessel_sar", "mpa": "Sentinel-1 SAR detection", "severity": "low", "severity_reason": "SAR detection matched to an AIS broadcast (identified, broadcasting)", "when": "2026-06-20T19:08:19Z", "score": 0.11, "vessel": "(SAR detection -- no AIS identity)", "ship_name": "", "ship_type": "Vessel", "destination": "", "gear": "Sentinel-1 SAR (our detection)", "flag": "", "flag_emoji": "", "eez": "Guinean Exclusive Economic Zone", "eez_sovereign": "Guinea", "eez_foreign": null, "authorization": "unverifiable", "authorities": "", "iuu_listed": false, "iuu_label": "", "imo": "", "next_port": null, "evidence_hash": "229cc375eefb65aab40d0ab3d7cb0952395e160642cb80d4df35e69f3958310f", "evidence_schema": "seavigil-evidence-1.0", "why": "Sentinel-1 SAR detection, confidence 0.98 \u00b7 length 86 m (industrial scale) \u00b7 classified non-fishing vessel (p=0.11) \u00b7 heading about 135 deg at 0 kn \u00b7 matched to an AIS broadcast at acquisition", "why_full": "Sentinel-1 SAR detection, confidence 0.98 \u00b7 length 86 m (industrial scale) \u00b7 classified non-fishing vessel (p=0.11) \u00b7 heading about 135 deg at 0 kn \u00b7 matched to an AIS broadcast at acquisition", "baseline": "", "caveats": "A SAR detection is a radar blip: it has a position and a size, not an identity. | Length, heading and the fishing-vessel class are model estimates, not ground truth. | Dark means no AIS broadcast matched at the acquisition time; without an AIS feed the broadcasting status is unverified, not assumed. | An inspection lead, not proof of illegal activity.", "caveat": "A SAR detection is a radar blip: it has a position and a size, not an identity.", "innocent": "A radar contact with no AIS may be a vessel not required to broadcast, sea clutter, or fixed infrastructure; treat as a lead to confirm."}}, {"type": "Feature", "geometry": {"type": "Point", "coordinates": [-13.745253067016602, 9.487629850638864]}, "properties": {"id": "s1sar__20260620_0029", "kind": "dark_vessel_sar", "mpa": "Sentinel-1 SAR detection", "severity": "low", "severity_reason": "SAR detection matched to an AIS broadcast (identified, broadcasting)", "when": "2026-06-20T19:08:19Z", "score": 0.07, "vessel": "(SAR detection -- no AIS identity)", "ship_name": "", "ship_type": "Vessel", "destination": "", "gear": "Sentinel-1 SAR (our detection)", "flag": "", "flag_emoji": "", "eez": "Guinean Exclusive Economic Zone", "eez_sovereign": "Guinea", "eez_foreign": null, "authorization": "unverifiable", "authorities": "", "iuu_listed": false, "iuu_label": "", "imo": "", "next_port": null, "evidence_hash": "6f24e562fbadf3a33d5d72ce8dcaf005e2017c551990ba3eaef659bd46750334", "evidence_schema": "seavigil-evidence-1.0", "why": "Sentinel-1 SAR detection, confidence 0.95 \u00b7 length 56 m (industrial scale) \u00b7 classified non-fishing vessel (p=0.07) \u00b7 heading about 0 deg at 0 kn \u00b7 matched to an AIS broadcast at acquisition", "why_full": "Sentinel-1 SAR detection, confidence 0.95 \u00b7 length 56 m (industrial scale) \u00b7 classified non-fishing vessel (p=0.07) \u00b7 heading about 0 deg at 0 kn \u00b7 matched to an AIS broadcast at acquisition", "baseline": "", "caveats": "A SAR detection is a radar blip: it has a position and a size, not an identity. | Length, heading and the fishing-vessel class are model estimates, not ground truth. | Dark means no AIS broadcast matched at the acquisition time; without an AIS feed the broadcasting status is unverified, not assumed. | An inspection lead, not proof of illegal activity.", "caveat": "A SAR detection is a radar blip: it has a position and a size, not an identity.", "innocent": "A radar contact with no AIS may be a vessel not required to broadcast, sea clutter, or fixed infrastructure; treat as a lead to confirm."}}, {"type": "Feature", "geometry": {"type": "Point", "coordinates": [-13.727400283813475, 9.497534533072631]}, "properties": {"id": "s1sar__20260620_0031", "kind": "dark_vessel_sar", "mpa": "Sentinel-1 SAR detection", "severity": "low", "severity_reason": "SAR detection matched to an AIS broadcast (identified, broadcasting)", "when": "2026-06-20T19:08:19Z", "score": 0.06, "vessel": "(SAR detection -- no AIS identity)", "ship_name": "", "ship_type": "Vessel", "destination": "", "gear": "Sentinel-1 SAR (our detection)", "flag": "", "flag_emoji": "", "eez": "Guinean Exclusive Economic Zone", "eez_sovereign": "Guinea", "eez_foreign": null, "authorization": "unverifiable", "authorities": "", "iuu_listed": false, "iuu_label": "", "imo": "", "next_port": null, "evidence_hash": "4e8a3b93a876d942f11e122b82736b5be18da396b291395aef7e3a18ce039f7b", "evidence_schema": "seavigil-evidence-1.0", "why": "Sentinel-1 SAR detection, confidence 0.99 \u00b7 length 86 m (industrial scale) \u00b7 classified non-fishing vessel (p=0.06) \u00b7 heading about 0 deg at 0 kn \u00b7 matched to an AIS broadcast at acquisition", "why_full": "Sentinel-1 SAR detection, confidence 0.99 \u00b7 length 86 m (industrial scale) \u00b7 classified non-fishing vessel (p=0.06) \u00b7 heading about 0 deg at 0 kn \u00b7 matched to an AIS broadcast at acquisition", "baseline": "", "caveats": "A SAR detection is a radar blip: it has a position and a size, not an identity. | Length, heading and the fishing-vessel class are model estimates, not ground truth. | Dark means no AIS broadcast matched at the acquisition time; without an AIS feed the broadcasting status is unverified, not assumed. | An inspection lead, not proof of illegal activity.", "caveat": "A SAR detection is a radar blip: it has a position and a size, not an identity.", "innocent": "A radar contact with no AIS may be a vessel not required to broadcast, sea clutter, or fixed infrastructure; treat as a lead to confirm."}}, {"type": "Feature", "geometry": {"type": "Point", "coordinates": [-13.727915267944336, 9.490000228047736]}, "properties": {"id": "s1sar__20260620_0033", "kind": "dark_vessel_sar", "mpa": "Sentinel-1 SAR detection", "severity": "low", "severity_reason": "SAR detection matched to an AIS broadcast (identified, broadcasting)", "when": "2026-06-20T19:08:19Z", "score": 0.9, "vessel": "(SAR detection -- no AIS identity)", "ship_name": "", "ship_type": "Fishing vessel", "destination": "", "gear": "Sentinel-1 SAR (our detection)", "flag": "", "flag_emoji": "", "eez": "Guinean Exclusive Economic Zone", "eez_sovereign": "Guinea", "eez_foreign": null, "authorization": "unverifiable", "authorities": "", "iuu_listed": false, "iuu_label": "", "imo": "", "next_port": null, "evidence_hash": "968cf313e2abd5b9b2c37dbde9255b6e0192b4ad01c3bec50be1a901ffe820ee", "evidence_schema": "seavigil-evidence-1.0", "why": "Sentinel-1 SAR detection, confidence 0.99 \u00b7 length 42 m (industrial scale) \u00b7 classified fishing vessel (p=0.90) \u00b7 heading about 338 deg at 7 kn \u00b7 matched to an AIS broadcast at acquisition", "why_full": "Sentinel-1 SAR detection, confidence 0.99 \u00b7 length 42 m (industrial scale) \u00b7 classified fishing vessel (p=0.90) \u00b7 heading about 338 deg at 7 kn \u00b7 matched to an AIS broadcast at acquisition", "baseline": "", "caveats": "A SAR detection is a radar blip: it has a position and a size, not an identity. | Length, heading and the fishing-vessel class are model estimates, not ground truth. | Dark means no AIS broadcast matched at the acquisition time; without an AIS feed the broadcasting status is unverified, not assumed. | An inspection lead, not proof of illegal activity.", "caveat": "A SAR detection is a radar blip: it has a position and a size, not an identity.", "innocent": "A radar contact with no AIS may be a vessel not required to broadcast, sea clutter, or fixed infrastructure; treat as a lead to confirm."}}, {"type": "Feature", "geometry": {"type": "Point", "coordinates": [-13.716928939819336, 9.489915571993972]}, "properties": {"id": "s1sar__20260620_0035", "kind": "dark_vessel_sar", "mpa": "Sentinel-1 SAR detection", "severity": "low", "severity_reason": "SAR detection matched to an AIS broadcast (identified, broadcasting)", "when": "2026-06-20T19:08:19Z", "score": 0.22, "vessel": "(SAR detection -- no AIS identity)", "ship_name": "", "ship_type": "Vessel", "destination": "", "gear": "Sentinel-1 SAR (our detection)", "flag": "", "flag_emoji": "", "eez": "Guinean Exclusive Economic Zone", "eez_sovereign": "Guinea", "eez_foreign": null, "authorization": "unverifiable", "authorities": "", "iuu_listed": false, "iuu_label": "", "imo": "", "next_port": null, "evidence_hash": "cbf55594475b36b0e3e15c7850ec20505ae33250037788cfd9abfc2033290157", "evidence_schema": "seavigil-evidence-1.0", "why": "Sentinel-1 SAR detection, confidence 0.98 \u00b7 length 44 m (industrial scale) \u00b7 classified non-fishing vessel (p=0.22) \u00b7 heading about 90 deg at 0 kn \u00b7 matched to an AIS broadcast at acquisition", "why_full": "Sentinel-1 SAR detection, confidence 0.98 \u00b7 length 44 m (industrial scale) \u00b7 classified non-fishing vessel (p=0.22) \u00b7 heading about 90 deg at 0 kn \u00b7 matched to an AIS broadcast at acquisition", "baseline": "", "caveats": "A SAR detection is a radar blip: it has a position and a size, not an identity. | Length, heading and the fishing-vessel class are model estimates, not ground truth. | Dark means no AIS broadcast matched at the acquisition time; without an AIS feed the broadcasting status is unverified, not assumed. | An inspection lead, not proof of illegal activity.", "caveat": "A SAR detection is a radar blip: it has a position and a size, not an identity.", "innocent": "A radar contact with no AIS may be a vessel not required to broadcast, sea clutter, or fixed infrastructure; treat as a lead to confirm."}}, {"type": "Feature", "geometry": {"type": "Point", "coordinates": [-13.728945236206055, 9.508624051262563]}, "properties": {"id": "s1sar__20260620_0036", "kind": "dark_vessel_sar", "mpa": "Sentinel-1 SAR detection", "severity": "low", "severity_reason": "SAR detection matched to an AIS broadcast (identified, broadcasting)", "when": "2026-06-20T19:08:19Z", "score": 0.03, "vessel": "(SAR detection -- no AIS identity)", "ship_name": "", "ship_type": "Vessel", "destination": "", "gear": "Sentinel-1 SAR (our detection)", "flag": "", "flag_emoji": "", "eez": "Guinean Exclusive Economic Zone", "eez_sovereign": "Guinea", "eez_foreign": null, "authorization": "unverifiable", "authorities": "", "iuu_listed": false, "iuu_label": "", "imo": "", "next_port": null, "evidence_hash": "da1aa4dd796c6149a6caf0f28feef151345427988326c7b01c73350fffe39703", "evidence_schema": "seavigil-evidence-1.0", "why": "Sentinel-1 SAR detection, confidence 0.97 \u00b7 length 70 m (industrial scale) \u00b7 classified non-fishing vessel (p=0.03) \u00b7 heading about 0 deg at 0 kn \u00b7 matched to an AIS broadcast at acquisition", "why_full": "Sentinel-1 SAR detection, confidence 0.97 \u00b7 length 70 m (industrial scale) \u00b7 classified non-fishing vessel (p=0.03) \u00b7 heading about 0 deg at 0 kn \u00b7 matched to an AIS broadcast at acquisition", "baseline": "", "caveats": "A SAR detection is a radar blip: it has a position and a size, not an identity. | Length, heading and the fishing-vessel class are model estimates, not ground truth. | Dark means no AIS broadcast matched at the acquisition time; without an AIS feed the broadcasting status is unverified, not assumed. | An inspection lead, not proof of illegal activity.", "caveat": "A SAR detection is a radar blip: it has a position and a size, not an identity.", "innocent": "A radar contact with no AIS may be a vessel not required to broadcast, sea clutter, or fixed infrastructure; treat as a lead to confirm."}}, {"type": "Feature", "geometry": {"type": "Point", "coordinates": [-13.71881721496582, 9.520136453158226]}, "properties": {"id": "s1sar__20260620_0039", "kind": "dark_vessel_sar", "mpa": "Sentinel-1 SAR detection", "severity": "low", "severity_reason": "SAR detection matched to an AIS broadcast (identified, broadcasting)", "when": "2026-06-20T19:08:19Z", "score": 0.03, "vessel": "(SAR detection -- no AIS identity)", "ship_name": "", "ship_type": "Vessel", "destination": "", "gear": "Sentinel-1 SAR (our detection)", "flag": "", "flag_emoji": "", "eez": "Guinean Exclusive Economic Zone", "eez_sovereign": "Guinea", "eez_foreign": null, "authorization": "unverifiable", "authorities": "", "iuu_listed": false, "iuu_label": "", "imo": "", "next_port": null, "evidence_hash": "950e6e7b194eeda1997904e4040c079cf2f850efdc9fdaf9ae85fb74f6a9c153", "evidence_schema": "seavigil-evidence-1.0", "why": "Sentinel-1 SAR detection, confidence 0.92 \u00b7 length 76 m (industrial scale) \u00b7 classified non-fishing vessel (p=0.03) \u00b7 heading about 202 deg at 0 kn \u00b7 matched to an AIS broadcast at acquisition", "why_full": "Sentinel-1 SAR detection, confidence 0.92 \u00b7 length 76 m (industrial scale) \u00b7 classified non-fishing vessel (p=0.03) \u00b7 heading about 202 deg at 0 kn \u00b7 matched to an AIS broadcast at acquisition", "baseline": "", "caveats": "A SAR detection is a radar blip: it has a position and a size, not an identity. | Length, heading and the fishing-vessel class are model estimates, not ground truth. | Dark means no AIS broadcast matched at the acquisition time; without an AIS feed the broadcasting status is unverified, not assumed. | An inspection lead, not proof of illegal activity.", "caveat": "A SAR detection is a radar blip: it has a position and a size, not an identity.", "innocent": "A radar contact with no AIS may be a vessel not required to broadcast, sea clutter, or fixed infrastructure; treat as a lead to confirm."}}, {"type": "Feature", "geometry": {"type": "Point", "coordinates": [-13.738129119873047, 9.480687936821823]}, "properties": {"id": "s1sar__20260620_0044", "kind": "dark_vessel_sar", "mpa": "Sentinel-1 SAR detection", "severity": "low", "severity_reason": "SAR detection matched to an AIS broadcast (identified, broadcasting)", "when": "2026-06-20T19:08:19Z", "score": 0.89, "vessel": "(SAR detection -- no AIS identity)", "ship_name": "", "ship_type": "Fishing vessel", "destination": "", "gear": "Sentinel-1 SAR (our detection)", "flag": "", "flag_emoji": "", "eez": "Guinean Exclusive Economic Zone", "eez_sovereign": "Guinea", "eez_foreign": null, "authorization": "unverifiable", "authorities": "", "iuu_listed": false, "iuu_label": "", "imo": "", "next_port": null, "evidence_hash": "2b751ed9671481463bc56ee4e2cd976170aa16827237102c070acf8a3d3a2423", "evidence_schema": "seavigil-evidence-1.0", "why": "Sentinel-1 SAR detection, confidence 0.99 \u00b7 length 50 m (industrial scale) \u00b7 classified fishing vessel (p=0.89) \u00b7 heading about 248 deg at -0 kn \u00b7 matched to an AIS broadcast at acquisition", "why_full": "Sentinel-1 SAR detection, confidence 0.99 \u00b7 length 50 m (industrial scale) \u00b7 classified fishing vessel (p=0.89) \u00b7 heading about 248 deg at -0 kn \u00b7 matched to an AIS broadcast at acquisition", "baseline": "", "caveats": "A SAR detection is a radar blip: it has a position and a size, not an identity. | Length, heading and the fishing-vessel class are model estimates, not ground truth. | Dark means no AIS broadcast matched at the acquisition time; without an AIS feed the broadcasting status is unverified, not assumed. | An inspection lead, not proof of illegal activity.", "caveat": "A SAR detection is a radar blip: it has a position and a size, not an identity.", "innocent": "A radar contact with no AIS may be a vessel not required to broadcast, sea clutter, or fixed infrastructure; treat as a lead to confirm."}}, {"type": "Feature", "geometry": {"type": "Point", "coordinates": [-13.73761413574219, 9.47459248204708]}, "properties": {"id": "s1sar__20260620_0045", "kind": "dark_vessel_sar", "mpa": "Sentinel-1 SAR detection", "severity": "low", "severity_reason": "SAR detection matched to an AIS broadcast (identified, broadcasting)", "when": "2026-06-20T19:08:19Z", "score": 0.93, "vessel": "(SAR detection -- no AIS identity)", "ship_name": "", "ship_type": "Fishing vessel", "destination": "", "gear": "Sentinel-1 SAR (our detection)", "flag": "", "flag_emoji": "", "eez": "Guinean Exclusive Economic Zone", "eez_sovereign": "Guinea", "eez_foreign": null, "authorization": "unverifiable", "authorities": "", "iuu_listed": false, "iuu_label": "", "imo": "", "next_port": null, "evidence_hash": "71e1d956d53c7e0248c9dcf5d0301220915580f3acd3624397c21dd2e8bf02b2", "evidence_schema": "seavigil-evidence-1.0", "why": "Sentinel-1 SAR detection, confidence 0.98 \u00b7 length 38 m (industrial scale) \u00b7 classified fishing vessel (p=0.93) \u00b7 heading about 338 deg at 0 kn \u00b7 matched to an AIS broadcast at acquisition", "why_full": "Sentinel-1 SAR detection, confidence 0.98 \u00b7 length 38 m (industrial scale) \u00b7 classified fishing vessel (p=0.93) \u00b7 heading about 338 deg at 0 kn \u00b7 matched to an AIS broadcast at acquisition", "baseline": "", "caveats": "A SAR detection is a radar blip: it has a position and a size, not an identity. | Length, heading and the fishing-vessel class are model estimates, not ground truth. | Dark means no AIS broadcast matched at the acquisition time; without an AIS feed the broadcasting status is unverified, not assumed. | An inspection lead, not proof of illegal activity.", "caveat": "A SAR detection is a radar blip: it has a position and a size, not an identity.", "innocent": "A radar contact with no AIS may be a vessel not required to broadcast, sea clutter, or fixed infrastructure; treat as a lead to confirm."}}, {"type": "Feature", "geometry": {"type": "Point", "coordinates": [-13.743021469116211, 9.47670897166768]}, "properties": {"id": "s1sar__20260620_0046", "kind": "dark_vessel_sar", "mpa": "Sentinel-1 SAR detection", "severity": "low", "severity_reason": "SAR detection matched to an AIS broadcast (identified, broadcasting)", "when": "2026-06-20T19:08:19Z", "score": 0.08, "vessel": "(SAR detection -- no AIS identity)", "ship_name": "", "ship_type": "Vessel", "destination": "", "gear": "Sentinel-1 SAR (our detection)", "flag": "", "flag_emoji": "", "eez": "Guinean Exclusive Economic Zone", "eez_sovereign": "Guinea", "eez_foreign": null, "authorization": "unverifiable", "authorities": "", "iuu_listed": false, "iuu_label": "", "imo": "", "next_port": null, "evidence_hash": "573a81581de70845e9e1968acdaebb725426ee7b34eaa5d93ed6ee5c44a494c9", "evidence_schema": "seavigil-evidence-1.0", "why": "Sentinel-1 SAR detection, confidence 0.98 \u00b7 length 63 m (industrial scale) \u00b7 classified non-fishing vessel (p=0.08) \u00b7 heading about 112 deg at 0 kn \u00b7 matched to an AIS broadcast at acquisition", "why_full": "Sentinel-1 SAR detection, confidence 0.98 \u00b7 length 63 m (industrial scale) \u00b7 classified non-fishing vessel (p=0.08) \u00b7 heading about 112 deg at 0 kn \u00b7 matched to an AIS broadcast at acquisition", "baseline": "", "caveats": "A SAR detection is a radar blip: it has a position and a size, not an identity. | Length, heading and the fishing-vessel class are model estimates, not ground truth. | Dark means no AIS broadcast matched at the acquisition time; without an AIS feed the broadcasting status is unverified, not assumed. | An inspection lead, not proof of illegal activity.", "caveat": "A SAR detection is a radar blip: it has a position and a size, not an identity.", "innocent": "A radar contact with no AIS may be a vessel not required to broadcast, sea clutter, or fixed infrastructure; treat as a lead to confirm."}}, {"type": "Feature", "geometry": {"type": "Point", "coordinates": [-13.735210876464844, 9.47543907946121]}, "properties": {"id": "s1sar__20260620_0047", "kind": "dark_vessel_sar", "mpa": "Sentinel-1 SAR detection", "severity": "low", "severity_reason": "SAR detection matched to an AIS broadcast (identified, broadcasting)", "when": "2026-06-20T19:08:19Z", "score": 0.95, "vessel": "(SAR detection -- no AIS identity)", "ship_name": "", "ship_type": "Fishing vessel", "destination": "", "gear": "Sentinel-1 SAR (our detection)", "flag": "", "flag_emoji": "", "eez": "Guinean Exclusive Economic Zone", "eez_sovereign": "Guinea", "eez_foreign": null, "authorization": "unverifiable", "authorities": "", "iuu_listed": false, "iuu_label": "", "imo": "", "next_port": null, "evidence_hash": "7b21d15059a502e0fbb395d9a299b851e40581f47712347ed7d51b2da519c640", "evidence_schema": "seavigil-evidence-1.0", "why": "Sentinel-1 SAR detection, confidence 0.98 \u00b7 length 43 m (industrial scale) \u00b7 classified fishing vessel (p=0.95) \u00b7 heading about 135 deg at -0 kn \u00b7 matched to an AIS broadcast at acquisition", "why_full": "Sentinel-1 SAR detection, confidence 0.98 \u00b7 length 43 m (industrial scale) \u00b7 classified fishing vessel (p=0.95) \u00b7 heading about 135 deg at -0 kn \u00b7 matched to an AIS broadcast at acquisition", "baseline": "", "caveats": "A SAR detection is a radar blip: it has a position and a size, not an identity. | Length, heading and the fishing-vessel class are model estimates, not ground truth. | Dark means no AIS broadcast matched at the acquisition time; without an AIS feed the broadcasting status is unverified, not assumed. | An inspection lead, not proof of illegal activity.", "caveat": "A SAR detection is a radar blip: it has a position and a size, not an identity.", "innocent": "A radar contact with no AIS may be a vessel not required to broadcast, sea clutter, or fixed infrastructure; treat as a lead to confirm."}}, {"type": "Feature", "geometry": {"type": "Point", "coordinates": [-13.736927490234374, 9.478317495051307]}, "properties": {"id": "s1sar__20260620_0048", "kind": "dark_vessel_sar", "mpa": "Sentinel-1 SAR detection", "severity": "low", "severity_reason": "SAR detection matched to an AIS broadcast (identified, broadcasting)", "when": "2026-06-20T19:08:19Z", "score": 0.93, "vessel": "(SAR detection -- no AIS identity)", "ship_name": "", "ship_type": "Fishing vessel", "destination": "", "gear": "Sentinel-1 SAR (our detection)", "flag": "", "flag_emoji": "", "eez": "Guinean Exclusive Economic Zone", "eez_sovereign": "Guinea", "eez_foreign": null, "authorization": "unverifiable", "authorities": "", "iuu_listed": false, "iuu_label": "", "imo": "", "next_port": null, "evidence_hash": "5090191f16580340fd5e9f5d1eaac452c02d7ca77631eb5d0c0784902a40e709", "evidence_schema": "seavigil-evidence-1.0", "why": "Sentinel-1 SAR detection, confidence 0.98 \u00b7 length 49 m (industrial scale) \u00b7 classified fishing vessel (p=0.93) \u00b7 heading about 135 deg at 0 kn \u00b7 matched to an AIS broadcast at acquisition", "why_full": "Sentinel-1 SAR detection, confidence 0.98 \u00b7 length 49 m (industrial scale) \u00b7 classified fishing vessel (p=0.93) \u00b7 heading about 135 deg at 0 kn \u00b7 matched to an AIS broadcast at acquisition", "baseline": "", "caveats": "A SAR detection is a radar blip: it has a position and a size, not an identity. | Length, heading and the fishing-vessel class are model estimates, not ground truth. | Dark means no AIS broadcast matched at the acquisition time; without an AIS feed the broadcasting status is unverified, not assumed. | An inspection lead, not proof of illegal activity.", "caveat": "A SAR detection is a radar blip: it has a position and a size, not an identity.", "innocent": "A radar contact with no AIS may be a vessel not required to broadcast, sea clutter, or fixed infrastructure; treat as a lead to confirm."}}, {"type": "Feature", "geometry": {"type": "Point", "coordinates": [-13.815548400878908, 9.435562077739418]}, "properties": {"id": "s1sar__20260620_0049", "kind": "dark_vessel_sar", "mpa": "Sentinel-1 SAR detection", "severity": "high", "severity_reason": "dark vessel (no AIS broadcast) detected by SAR", "when": "2026-06-20T19:08:19Z", "score": 0.01, "vessel": "(dark -- no AIS identity)", "ship_name": "", "ship_type": "Vessel", "destination": "", "gear": "Sentinel-1 SAR (dark)", "flag": "", "flag_emoji": "", "eez": "Guinean Exclusive Economic Zone", "eez_sovereign": "Guinea", "eez_foreign": null, "authorization": "unverifiable", "authorities": "", "iuu_listed": false, "iuu_label": "", "imo": "", "next_port": null, "evidence_hash": "eb4729b6da09b187eae9c9787d4e429cff257d14e9ac18e8e3391d33bd561c3b", "evidence_schema": "seavigil-evidence-1.0", "why": "Sentinel-1 SAR detection, confidence 0.97 \u00b7 length 159 m (industrial scale) \u00b7 classified non-fishing vessel (p=0.01) \u00b7 heading about 315 deg at 0 kn \u00b7 no AIS broadcast matched at acquisition (dark)", "why_full": "Sentinel-1 SAR detection, confidence 0.97 \u00b7 length 159 m (industrial scale) \u00b7 classified non-fishing vessel (p=0.01) \u00b7 heading about 315 deg at 0 kn \u00b7 no AIS broadcast matched at acquisition (dark)", "baseline": "", "caveats": "A SAR detection is a radar blip: it has a position and a size, not an identity. | Length, heading and the fishing-vessel class are model estimates, not ground truth. | Dark means no AIS broadcast matched at the acquisition time; without an AIS feed the broadcasting status is unverified, not assumed. | An inspection lead, not proof of illegal activity.", "caveat": "A SAR detection is a radar blip: it has a position and a size, not an identity.", "innocent": "A radar contact with no AIS may be a vessel not required to broadcast, sea clutter, or fixed infrastructure; treat as a lead to confirm."}}, {"type": "Feature", "geometry": {"type": "Point", "coordinates": [-13.735640029907229, 9.483820281184302]}, "properties": {"id": "s1sar__20260620_0050", "kind": "dark_vessel_sar", "mpa": "Sentinel-1 SAR detection", "severity": "low", "severity_reason": "SAR detection matched to an AIS broadcast (identified, broadcasting)", "when": "2026-06-20T19:08:19Z", "score": 0.7, "vessel": "(SAR detection -- no AIS identity)", "ship_name": "", "ship_type": "Fishing vessel", "destination": "", "gear": "Sentinel-1 SAR (our detection)", "flag": "", "flag_emoji": "", "eez": "Guinean Exclusive Economic Zone", "eez_sovereign": "Guinea", "eez_foreign": null, "authorization": "unverifiable", "authorities": "", "iuu_listed": false, "iuu_label": "", "imo": "", "next_port": null, "evidence_hash": "667a569508f2caa7fcb5a81664ad9537770dada4df25838ac611427a819b7ee0", "evidence_schema": "seavigil-evidence-1.0", "why": "Sentinel-1 SAR detection, confidence 0.96 \u00b7 length 39 m (industrial scale) \u00b7 classified fishing vessel (p=0.70) \u00b7 heading about 90 deg at 0 kn \u00b7 matched to an AIS broadcast at acquisition", "why_full": "Sentinel-1 SAR detection, confidence 0.96 \u00b7 length 39 m (industrial scale) \u00b7 classified fishing vessel (p=0.70) \u00b7 heading about 90 deg at 0 kn \u00b7 matched to an AIS broadcast at acquisition", "baseline": "", "caveats": "A SAR detection is a radar blip: it has a position and a size, not an identity. | Length, heading and the fishing-vessel class are model estimates, not ground truth. | Dark means no AIS broadcast matched at the acquisition time; without an AIS feed the broadcasting status is unverified, not assumed. | An inspection lead, not proof of illegal activity.", "caveat": "A SAR detection is a radar blip: it has a position and a size, not an identity.", "innocent": "A radar contact with no AIS may be a vessel not required to broadcast, sea clutter, or fixed infrastructure; treat as a lead to confirm."}}, {"type": "Feature", "geometry": {"type": "Point", "coordinates": [-13.734180908203124, 9.477301586422922]}, "properties": {"id": "s1sar__20260620_0051", "kind": "dark_vessel_sar", "mpa": "Sentinel-1 SAR detection", "severity": "low", "severity_reason": "SAR detection matched to an AIS broadcast (identified, broadcasting)", "when": "2026-06-20T19:08:19Z", "score": 0.85, "vessel": "(SAR detection -- no AIS identity)", "ship_name": "", "ship_type": "Fishing vessel", "destination": "", "gear": "Sentinel-1 SAR (our detection)", "flag": "", "flag_emoji": "", "eez": "Guinean Exclusive Economic Zone", "eez_sovereign": "Guinea", "eez_foreign": null, "authorization": "unverifiable", "authorities": "", "iuu_listed": false, "iuu_label": "", "imo": "", "next_port": null, "evidence_hash": "f81de60a886752c9b664a9c151e1d6665fdb2adcb8b66f2112c6b4827550af11", "evidence_schema": "seavigil-evidence-1.0", "why": "Sentinel-1 SAR detection, confidence 0.96 \u00b7 length 50 m (industrial scale) \u00b7 classified fishing vessel (p=0.85) \u00b7 heading about 135 deg at 0 kn \u00b7 matched to an AIS broadcast at acquisition", "why_full": "Sentinel-1 SAR detection, confidence 0.96 \u00b7 length 50 m (industrial scale) \u00b7 classified fishing vessel (p=0.85) \u00b7 heading about 135 deg at 0 kn \u00b7 matched to an AIS broadcast at acquisition", "baseline": "", "caveats": "A SAR detection is a radar blip: it has a position and a size, not an identity. | Length, heading and the fishing-vessel class are model estimates, not ground truth. | Dark means no AIS broadcast matched at the acquisition time; without an AIS feed the broadcasting status is unverified, not assumed. | An inspection lead, not proof of illegal activity.", "caveat": "A SAR detection is a radar blip: it has a position and a size, not an identity.", "innocent": "A radar contact with no AIS may be a vessel not required to broadcast, sea clutter, or fixed infrastructure; treat as a lead to confirm."}}, {"type": "Feature", "geometry": {"type": "Point", "coordinates": [-13.729803543090824, 9.479502717983475]}, "properties": {"id": "s1sar__20260620_0052", "kind": "dark_vessel_sar", "mpa": "Sentinel-1 SAR detection", "severity": "low", "severity_reason": "SAR detection matched to an AIS broadcast (identified, broadcasting)", "when": "2026-06-20T19:08:19Z", "score": 0.86, "vessel": "(SAR detection -- no AIS identity)", "ship_name": "", "ship_type": "Fishing vessel", "destination": "", "gear": "Sentinel-1 SAR (our detection)", "flag": "", "flag_emoji": "", "eez": "Guinean Exclusive Economic Zone", "eez_sovereign": "Guinea", "eez_foreign": null, "authorization": "unverifiable", "authorities": "", "iuu_listed": false, "iuu_label": "", "imo": "", "next_port": null, "evidence_hash": "44f3644bcf50744a94b7bcfbe8fd89229fe920bb751817a2bd1f3195148b3a4c", "evidence_schema": "seavigil-evidence-1.0", "why": "Sentinel-1 SAR detection, confidence 0.96 \u00b7 length 32 m (industrial scale) \u00b7 classified fishing vessel (p=0.86) \u00b7 heading about 0 deg at 0 kn \u00b7 matched to an AIS broadcast at acquisition", "why_full": "Sentinel-1 SAR detection, confidence 0.96 \u00b7 length 32 m (industrial scale) \u00b7 classified fishing vessel (p=0.86) \u00b7 heading about 0 deg at 0 kn \u00b7 matched to an AIS broadcast at acquisition", "baseline": "", "caveats": "A SAR detection is a radar blip: it has a position and a size, not an identity. | Length, heading and the fishing-vessel class are model estimates, not ground truth. | Dark means no AIS broadcast matched at the acquisition time; without an AIS feed the broadcasting status is unverified, not assumed. | An inspection lead, not proof of illegal activity.", "caveat": "A SAR detection is a radar blip: it has a position and a size, not an identity.", "innocent": "A radar contact with no AIS may be a vessel not required to broadcast, sea clutter, or fixed infrastructure; treat as a lead to confirm."}}, {"type": "Feature", "geometry": {"type": "Point", "coordinates": [-13.73057601928711, 9.475862377385353]}, "properties": {"id": "s1sar__20260620_0053", "kind": "dark_vessel_sar", "mpa": "Sentinel-1 SAR detection", "severity": "low", "severity_reason": "SAR detection matched to an AIS broadcast (identified, broadcasting)", "when": "2026-06-20T19:08:19Z", "score": 0.85, "vessel": "(SAR detection -- no AIS identity)", "ship_name": "", "ship_type": "Fishing vessel", "destination": "", "gear": "Sentinel-1 SAR (our detection)", "flag": "", "flag_emoji": "", "eez": "Guinean Exclusive Economic Zone", "eez_sovereign": "Guinea", "eez_foreign": null, "authorization": "unverifiable", "authorities": "", "iuu_listed": false, "iuu_label": "", "imo": "", "next_port": null, "evidence_hash": "f3f7831736d0ec9f96dd87091b2f83945600a8a197cfff23b871aa454e1a6036", "evidence_schema": "seavigil-evidence-1.0", "why": "Sentinel-1 SAR detection, confidence 0.92 \u00b7 length 37 m (industrial scale) \u00b7 classified fishing vessel (p=0.85) \u00b7 heading about 90 deg at 0 kn \u00b7 matched to an AIS broadcast at acquisition", "why_full": "Sentinel-1 SAR detection, confidence 0.92 \u00b7 length 37 m (industrial scale) \u00b7 classified fishing vessel (p=0.85) \u00b7 heading about 90 deg at 0 kn \u00b7 matched to an AIS broadcast at acquisition", "baseline": "", "caveats": "A SAR detection is a radar blip: it has a position and a size, not an identity. | Length, heading and the fishing-vessel class are model estimates, not ground truth. | Dark means no AIS broadcast matched at the acquisition time; without an AIS feed the broadcasting status is unverified, not assumed. | An inspection lead, not proof of illegal activity.", "caveat": "A SAR detection is a radar blip: it has a position and a size, not an identity.", "innocent": "A radar contact with no AIS may be a vessel not required to broadcast, sea clutter, or fixed infrastructure; treat as a lead to confirm."}}, {"type": "Feature", "geometry": {"type": "Point", "coordinates": [-13.733494262695311, 9.473999862615049]}, "properties": {"id": "s1sar__20260620_0054", "kind": "dark_vessel_sar", "mpa": "Sentinel-1 SAR detection", "severity": "low", "severity_reason": "SAR detection matched to an AIS broadcast (identified, broadcasting)", "when": "2026-06-20T19:08:19Z", "score": 0.93, "vessel": "(SAR detection -- no AIS identity)", "ship_name": "", "ship_type": "Fishing vessel", "destination": "", "gear": "Sentinel-1 SAR (our detection)", "flag": "", "flag_emoji": "", "eez": "Guinean Exclusive Economic Zone", "eez_sovereign": "Guinea", "eez_foreign": null, "authorization": "unverifiable", "authorities": "", "iuu_listed": false, "iuu_label": "", "imo": "", "next_port": null, "evidence_hash": "794e7c3fd702e0b9c6675d3e8d40ef1f578a0a9baedff63e894104dc35f38f78", "evidence_schema": "seavigil-evidence-1.0", "why": "Sentinel-1 SAR detection, confidence 0.92 \u00b7 length 45 m (industrial scale) \u00b7 classified fishing vessel (p=0.93) \u00b7 heading about 248 deg at -0 kn \u00b7 matched to an AIS broadcast at acquisition", "why_full": "Sentinel-1 SAR detection, confidence 0.92 \u00b7 length 45 m (industrial scale) \u00b7 classified fishing vessel (p=0.93) \u00b7 heading about 248 deg at -0 kn \u00b7 matched to an AIS broadcast at acquisition", "baseline": "", "caveats": "A SAR detection is a radar blip: it has a position and a size, not an identity. | Length, heading and the fishing-vessel class are model estimates, not ground truth. | Dark means no AIS broadcast matched at the acquisition time; without an AIS feed the broadcasting status is unverified, not assumed. | An inspection lead, not proof of illegal activity.", "caveat": "A SAR detection is a radar blip: it has a position and a size, not an identity.", "innocent": "A radar contact with no AIS may be a vessel not required to broadcast, sea clutter, or fixed infrastructure; treat as a lead to confirm."}}, {"type": "Feature", "geometry": {"type": "Point", "coordinates": [-13.752119522094729, 9.450632910382993]}, "properties": {"id": "s1sar__20260620_0055", "kind": "dark_vessel_sar", "mpa": "Sentinel-1 SAR detection", "severity": "low", "severity_reason": "SAR detection matched to an AIS broadcast (identified, broadcasting)", "when": "2026-06-20T19:08:19Z", "score": 0.12, "vessel": "(SAR detection -- no AIS identity)", "ship_name": "", "ship_type": "Vessel", "destination": "", "gear": "Sentinel-1 SAR (our detection)", "flag": "", "flag_emoji": "", "eez": "Guinean Exclusive Economic Zone", "eez_sovereign": "Guinea", "eez_foreign": null, "authorization": "unverifiable", "authorities": "", "iuu_listed": false, "iuu_label": "", "imo": "", "next_port": null, "evidence_hash": "2b185e0e199109e08b402b47c36a5f58a75eac71fedf20ef8092f573e02111df", "evidence_schema": "seavigil-evidence-1.0", "why": "Sentinel-1 SAR detection, confidence 0.91 \u00b7 length 49 m (industrial scale) \u00b7 classified non-fishing vessel (p=0.12) \u00b7 heading about 270 deg at 0 kn \u00b7 matched to an AIS broadcast at acquisition", "why_full": "Sentinel-1 SAR detection, confidence 0.91 \u00b7 length 49 m (industrial scale) \u00b7 classified non-fishing vessel (p=0.12) \u00b7 heading about 270 deg at 0 kn \u00b7 matched to an AIS broadcast at acquisition", "baseline": "", "caveats": "A SAR detection is a radar blip: it has a position and a size, not an identity. | Length, heading and the fishing-vessel class are model estimates, not ground truth. | Dark means no AIS broadcast matched at the acquisition time; without an AIS feed the broadcasting status is unverified, not assumed. | An inspection lead, not proof of illegal activity.", "caveat": "A SAR detection is a radar blip: it has a position and a size, not an identity.", "innocent": "A radar contact with no AIS may be a vessel not required to broadcast, sea clutter, or fixed infrastructure; treat as a lead to confirm."}}, {"type": "Feature", "geometry": {"type": "Point", "coordinates": [-13.732206802368164, 9.476878290273582]}, "properties": {"id": "s1sar__20260620_0056", "kind": "dark_vessel_sar", "mpa": "Sentinel-1 SAR detection", "severity": "low", "severity_reason": "SAR detection matched to an AIS broadcast (identified, broadcasting)", "when": "2026-06-20T19:08:19Z", "score": 0.68, "vessel": "(SAR detection -- no AIS identity)", "ship_name": "", "ship_type": "Fishing vessel", "destination": "", "gear": "Sentinel-1 SAR (our detection)", "flag": "", "flag_emoji": "", "eez": "Guinean Exclusive Economic Zone", "eez_sovereign": "Guinea", "eez_foreign": null, "authorization": "unverifiable", "authorities": "", "iuu_listed": false, "iuu_label": "", "imo": "", "next_port": null, "evidence_hash": "e04e5a8136c55a81f4fa8ab5d7ffdb815c49e7ca815f8ff82e54cfc680cb7c99", "evidence_schema": "seavigil-evidence-1.0", "why": "Sentinel-1 SAR detection, confidence 0.91 \u00b7 length 40 m (industrial scale) \u00b7 classified fishing vessel (p=0.68) \u00b7 heading about 270 deg at 0 kn \u00b7 matched to an AIS broadcast at acquisition", "why_full": "Sentinel-1 SAR detection, confidence 0.91 \u00b7 length 40 m (industrial scale) \u00b7 classified fishing vessel (p=0.68) \u00b7 heading about 270 deg at 0 kn \u00b7 matched to an AIS broadcast at acquisition", "baseline": "", "caveats": "A SAR detection is a radar blip: it has a position and a size, not an identity. | Length, heading and the fishing-vessel class are model estimates, not ground truth. | Dark means no AIS broadcast matched at the acquisition time; without an AIS feed the broadcasting status is unverified, not assumed. | An inspection lead, not proof of illegal activity.", "caveat": "A SAR detection is a radar blip: it has a position and a size, not an identity.", "innocent": "A radar contact with no AIS may be a vessel not required to broadcast, sea clutter, or fixed infrastructure; treat as a lead to confirm."}}, {"type": "Feature", "geometry": {"type": "Point", "coordinates": [-13.731091003417967, 9.473407242160125]}, "properties": {"id": "s1sar__20260620_0057", "kind": "dark_vessel_sar", "mpa": "Sentinel-1 SAR detection", "severity": "low", "severity_reason": "SAR detection matched to an AIS broadcast (identified, broadcasting)", "when": "2026-06-20T19:08:19Z", "score": 0.86, "vessel": "(SAR detection -- no AIS identity)", "ship_name": "", "ship_type": "Fishing vessel", "destination": "", "gear": "Sentinel-1 SAR (our detection)", "flag": "", "flag_emoji": "", "eez": "Guinean Exclusive Economic Zone", "eez_sovereign": "Guinea", "eez_foreign": null, "authorization": "unverifiable", "authorities": "", "iuu_listed": false, "iuu_label": "", "imo": "", "next_port": null, "evidence_hash": "4198ac7d97658057633ffbd18e50c6b0b0bb26bc625f6c63301571f63ca7d436", "evidence_schema": "seavigil-evidence-1.0", "why": "Sentinel-1 SAR detection, confidence 0.89 \u00b7 length 50 m (industrial scale) \u00b7 classified fishing vessel (p=0.86) \u00b7 heading about 135 deg at 0 kn \u00b7 matched to an AIS broadcast at acquisition", "why_full": "Sentinel-1 SAR detection, confidence 0.89 \u00b7 length 50 m (industrial scale) \u00b7 classified fishing vessel (p=0.86) \u00b7 heading about 135 deg at 0 kn \u00b7 matched to an AIS broadcast at acquisition", "baseline": "", "caveats": "A SAR detection is a radar blip: it has a position and a size, not an identity. | Length, heading and the fishing-vessel class are model estimates, not ground truth. | Dark means no AIS broadcast matched at the acquisition time; without an AIS feed the broadcasting status is unverified, not assumed. | An inspection lead, not proof of illegal activity.", "caveat": "A SAR detection is a radar blip: it has a position and a size, not an identity.", "innocent": "A radar contact with no AIS may be a vessel not required to broadcast, sea clutter, or fixed infrastructure; treat as a lead to confirm."}}, {"type": "Feature", "geometry": {"type": "Point", "coordinates": [-13.694441299438475, 9.381962157196432]}, "properties": {"id": "s1sar__20260620_0058", "kind": "dark_vessel_sar", "mpa": "Sentinel-1 SAR detection", "severity": "high", "severity_reason": "dark vessel (no AIS broadcast) detected by SAR", "when": "2026-06-20T19:08:19Z", "score": 0.0, "vessel": "(dark -- no AIS identity)", "ship_name": "", "ship_type": "Vessel", "destination": "", "gear": "Sentinel-1 SAR (dark)", "flag": "", "flag_emoji": "", "eez": "Guinean Exclusive Economic Zone", "eez_sovereign": "Guinea", "eez_foreign": null, "authorization": "unverifiable", "authorities": "", "iuu_listed": false, "iuu_label": "", "imo": "", "next_port": null, "evidence_hash": "ab15ba242f4983d45530c5e3d104f46e5f937409113a6ed9c87e4ea59d04e7de", "evidence_schema": "seavigil-evidence-1.0", "why": "Sentinel-1 SAR detection, confidence 1.00 \u00b7 length 163 m (industrial scale) \u00b7 classified non-fishing vessel (p=0.00) \u00b7 heading about 270 deg at 0 kn \u00b7 no AIS broadcast matched at acquisition (dark)", "why_full": "Sentinel-1 SAR detection, confidence 1.00 \u00b7 length 163 m (industrial scale) \u00b7 classified non-fishing vessel (p=0.00) \u00b7 heading about 270 deg at 0 kn \u00b7 no AIS broadcast matched at acquisition (dark)", "baseline": "", "caveats": "A SAR detection is a radar blip: it has a position and a size, not an identity. | Length, heading and the fishing-vessel class are model estimates, not ground truth. | Dark means no AIS broadcast matched at the acquisition time; without an AIS feed the broadcasting status is unverified, not assumed. | An inspection lead, not proof of illegal activity.", "caveat": "A SAR detection is a radar blip: it has a position and a size, not an identity.", "innocent": "A radar contact with no AIS may be a vessel not required to broadcast, sea clutter, or fixed infrastructure; treat as a lead to confirm."}}, {"type": "Feature", "geometry": {"type": "Point", "coordinates": [-13.72259376525879, 9.419135813232822]}, "properties": {"id": "s1sar__20260620_0059", "kind": "dark_vessel_sar", "mpa": "Sentinel-1 SAR detection", "severity": "low", "severity_reason": "SAR detection matched to an AIS broadcast (identified, broadcasting)", "when": "2026-06-20T19:08:19Z", "score": 0.01, "vessel": "(SAR detection -- no AIS identity)", "ship_name": "", "ship_type": "Vessel", "destination": "", "gear": "Sentinel-1 SAR (our detection)", "flag": "", "flag_emoji": "", "eez": "Guinean Exclusive Economic Zone", "eez_sovereign": "Guinea", "eez_foreign": null, "authorization": "unverifiable", "authorities": "", "iuu_listed": false, "iuu_label": "", "imo": "", "next_port": null, "evidence_hash": "debb789a54d1a1ea688b176a8c9f8443effc93e8d8f6f2d5b84cd936293fce4b", "evidence_schema": "seavigil-evidence-1.0", "why": "Sentinel-1 SAR detection, confidence 0.99 \u00b7 length 163 m (industrial scale) \u00b7 classified non-fishing vessel (p=0.01) \u00b7 heading about 315 deg at 0 kn \u00b7 matched to an AIS broadcast at acquisition", "why_full": "Sentinel-1 SAR detection, confidence 0.99 \u00b7 length 163 m (industrial scale) \u00b7 classified non-fishing vessel (p=0.01) \u00b7 heading about 315 deg at 0 kn \u00b7 matched to an AIS broadcast at acquisition", "baseline": "", "caveats": "A SAR detection is a radar blip: it has a position and a size, not an identity. | Length, heading and the fishing-vessel class are model estimates, not ground truth. | Dark means no AIS broadcast matched at the acquisition time; without an AIS feed the broadcasting status is unverified, not assumed. | An inspection lead, not proof of illegal activity.", "caveat": "A SAR detection is a radar blip: it has a position and a size, not an identity.", "innocent": "A radar contact with no AIS may be a vessel not required to broadcast, sea clutter, or fixed infrastructure; treat as a lead to confirm."}}, {"type": "Feature", "geometry": {"type": "Point", "coordinates": [-13.713753204345704, 9.454781506962057]}, "properties": {"id": "s1sar__20260620_0060", "kind": "dark_vessel_sar", "mpa": "Sentinel-1 SAR detection", "severity": "low", "severity_reason": "SAR detection matched to an AIS broadcast (identified, broadcasting)", "when": "2026-06-20T19:08:19Z", "score": 0.0, "vessel": "(SAR detection -- no AIS identity)", "ship_name": "", "ship_type": "Vessel", "destination": "", "gear": "Sentinel-1 SAR (our detection)", "flag": "", "flag_emoji": "", "eez": "Guinean Exclusive Economic Zone", "eez_sovereign": "Guinea", "eez_foreign": null, "authorization": "unverifiable", "authorities": "", "iuu_listed": false, "iuu_label": "", "imo": "", "next_port": null, "evidence_hash": "c22836594236fc484b6c657ce781cf0b6306e7f99ecd0b7278e7ddc9d0441393", "evidence_schema": "seavigil-evidence-1.0", "why": "Sentinel-1 SAR detection, confidence 0.99 \u00b7 length 179 m (industrial scale) \u00b7 classified non-fishing vessel (p=0.00) \u00b7 heading about 248 deg at 0 kn \u00b7 matched to an AIS broadcast at acquisition", "why_full": "Sentinel-1 SAR detection, confidence 0.99 \u00b7 length 179 m (industrial scale) \u00b7 classified non-fishing vessel (p=0.00) \u00b7 heading about 248 deg at 0 kn \u00b7 matched to an AIS broadcast at acquisition", "baseline": "", "caveats": "A SAR detection is a radar blip: it has a position and a size, not an identity. | Length, heading and the fishing-vessel class are model estimates, not ground truth. | Dark means no AIS broadcast matched at the acquisition time; without an AIS feed the broadcasting status is unverified, not assumed. | An inspection lead, not proof of illegal activity.", "caveat": "A SAR detection is a radar blip: it has a position and a size, not an identity.", "innocent": "A radar contact with no AIS may be a vessel not required to broadcast, sea clutter, or fixed infrastructure; treat as a lead to confirm."}}, {"type": "Feature", "geometry": {"type": "Point", "coordinates": [-13.708689193725586, 9.427010357193524]}, "properties": {"id": "s1sar__20260620_0061", "kind": "dark_vessel_sar", "mpa": "Sentinel-1 SAR detection", "severity": "low", "severity_reason": "SAR detection matched to an AIS broadcast (identified, broadcasting)", "when": "2026-06-20T19:08:19Z", "score": 0.01, "vessel": "(SAR detection -- no AIS identity)", "ship_name": "", "ship_type": "Vessel", "destination": "", "gear": "Sentinel-1 SAR (our detection)", "flag": "", "flag_emoji": "", "eez": "Guinean Exclusive Economic Zone", "eez_sovereign": "Guinea", "eez_foreign": null, "authorization": "unverifiable", "authorities": "", "iuu_listed": false, "iuu_label": "", "imo": "", "next_port": null, "evidence_hash": "2b67c09571a435b7f733dbffd953973be49ccc17d8450eeee4373f8e121460fb", "evidence_schema": "seavigil-evidence-1.0", "why": "Sentinel-1 SAR detection, confidence 0.99 \u00b7 length 93 m (industrial scale) \u00b7 classified non-fishing vessel (p=0.01) \u00b7 heading about 248 deg at 0 kn \u00b7 matched to an AIS broadcast at acquisition", "why_full": "Sentinel-1 SAR detection, confidence 0.99 \u00b7 length 93 m (industrial scale) \u00b7 classified non-fishing vessel (p=0.01) \u00b7 heading about 248 deg at 0 kn \u00b7 matched to an AIS broadcast at acquisition", "baseline": "", "caveats": "A SAR detection is a radar blip: it has a position and a size, not an identity. | Length, heading and the fishing-vessel class are model estimates, not ground truth. | Dark means no AIS broadcast matched at the acquisition time; without an AIS feed the broadcasting status is unverified, not assumed. | An inspection lead, not proof of illegal activity.", "caveat": "A SAR detection is a radar blip: it has a position and a size, not an identity.", "innocent": "A radar contact with no AIS may be a vessel not required to broadcast, sea clutter, or fixed infrastructure; treat as a lead to confirm."}}, {"type": "Feature", "geometry": {"type": "Point", "coordinates": [-13.704569320678711, 9.467734966068631]}, "properties": {"id": "s1sar__20260620_0062", "kind": "dark_vessel_sar", "mpa": "Sentinel-1 SAR detection", "severity": "low", "severity_reason": "SAR detection matched to an AIS broadcast (identified, broadcasting)", "when": "2026-06-20T19:08:19Z", "score": 0.79, "vessel": "(SAR detection -- no AIS identity)", "ship_name": "", "ship_type": "Fishing vessel", "destination": "", "gear": "Sentinel-1 SAR (our detection)", "flag": "", "flag_emoji": "", "eez": "Guinean Exclusive Economic Zone", "eez_sovereign": "Guinea", "eez_foreign": null, "authorization": "unverifiable", "authorities": "", "iuu_listed": false, "iuu_label": "", "imo": "", "next_port": null, "evidence_hash": "05a546c5cbc82fe106dee6fc9b9fae1826838c1161ff86af24199ab61eadbbb6", "evidence_schema": "seavigil-evidence-1.0", "why": "Sentinel-1 SAR detection, confidence 0.99 \u00b7 length 47 m (industrial scale) \u00b7 classified fishing vessel (p=0.79) \u00b7 heading about 338 deg at 7 kn \u00b7 matched to an AIS broadcast at acquisition", "why_full": "Sentinel-1 SAR detection, confidence 0.99 \u00b7 length 47 m (industrial scale) \u00b7 classified fishing vessel (p=0.79) \u00b7 heading about 338 deg at 7 kn \u00b7 matched to an AIS broadcast at acquisition", "baseline": "", "caveats": "A SAR detection is a radar blip: it has a position and a size, not an identity. | Length, heading and the fishing-vessel class are model estimates, not ground truth. | Dark means no AIS broadcast matched at the acquisition time; without an AIS feed the broadcasting status is unverified, not assumed. | An inspection lead, not proof of illegal activity.", "caveat": "A SAR detection is a radar blip: it has a position and a size, not an identity.", "innocent": "A radar contact with no AIS may be a vessel not required to broadcast, sea clutter, or fixed infrastructure; treat as a lead to confirm."}}, {"type": "Feature", "geometry": {"type": "Point", "coordinates": [-13.716242294311526, 9.469004886764434]}, "properties": {"id": "s1sar__20260620_0063", "kind": "dark_vessel_sar", "mpa": "Sentinel-1 SAR detection", "severity": "low", "severity_reason": "SAR detection matched to an AIS broadcast (identified, broadcasting)", "when": "2026-06-20T19:08:19Z", "score": 0.34, "vessel": "(SAR detection -- no AIS identity)", "ship_name": "", "ship_type": "Vessel", "destination": "", "gear": "Sentinel-1 SAR (our detection)", "flag": "", "flag_emoji": "", "eez": "Guinean Exclusive Economic Zone", "eez_sovereign": "Guinea", "eez_foreign": null, "authorization": "unverifiable", "authorities": "", "iuu_listed": false, "iuu_label": "", "imo": "", "next_port": null, "evidence_hash": "92cc6070a960a909ad2841eb2c149bf777ccfdf4617acf49266410e0ae73c30a", "evidence_schema": "seavigil-evidence-1.0", "why": "Sentinel-1 SAR detection, confidence 0.97 \u00b7 length 53 m (industrial scale) \u00b7 classified non-fishing vessel (p=0.34) \u00b7 heading about 270 deg at 0 kn \u00b7 matched to an AIS broadcast at acquisition", "why_full": "Sentinel-1 SAR detection, confidence 0.97 \u00b7 length 53 m (industrial scale) \u00b7 classified non-fishing vessel (p=0.34) \u00b7 heading about 270 deg at 0 kn \u00b7 matched to an AIS broadcast at acquisition", "baseline": "", "caveats": "A SAR detection is a radar blip: it has a position and a size, not an identity. | Length, heading and the fishing-vessel class are model estimates, not ground truth. | Dark means no AIS broadcast matched at the acquisition time; without an AIS feed the broadcasting status is unverified, not assumed. | An inspection lead, not proof of illegal activity.", "caveat": "A SAR detection is a radar blip: it has a position and a size, not an identity.", "innocent": "A radar contact with no AIS may be a vessel not required to broadcast, sea clutter, or fixed infrastructure; treat as a lead to confirm."}}, {"type": "Feature", "geometry": {"type": "Point", "coordinates": [-13.727743606567383, 9.471714035224636]}, "properties": {"id": "s1sar__20260620_0064", "kind": "dark_vessel_sar", "mpa": "Sentinel-1 SAR detection", "severity": "low", "severity_reason": "SAR detection matched to an AIS broadcast (identified, broadcasting)", "when": "2026-06-20T19:08:19Z", "score": 0.94, "vessel": "(SAR detection -- no AIS identity)", "ship_name": "", "ship_type": "Fishing vessel", "destination": "", "gear": "Sentinel-1 SAR (our detection)", "flag": "", "flag_emoji": "", "eez": "Guinean Exclusive Economic Zone", "eez_sovereign": "Guinea", "eez_foreign": null, "authorization": "unverifiable", "authorities": "", "iuu_listed": false, "iuu_label": "", "imo": "", "next_port": null, "evidence_hash": "5d7fed2e96db7a05b5fc3cd2adf1fb052982b7c91b1e405fa44d8a5e6b11a9d6", "evidence_schema": "seavigil-evidence-1.0", "why": "Sentinel-1 SAR detection, confidence 0.97 \u00b7 length 37 m (industrial scale) \u00b7 classified fishing vessel (p=0.94) \u00b7 heading about 338 deg at 0 kn \u00b7 matched to an AIS broadcast at acquisition", "why_full": "Sentinel-1 SAR detection, confidence 0.97 \u00b7 length 37 m (industrial scale) \u00b7 classified fishing vessel (p=0.94) \u00b7 heading about 338 deg at 0 kn \u00b7 matched to an AIS broadcast at acquisition", "baseline": "", "caveats": "A SAR detection is a radar blip: it has a position and a size, not an identity. | Length, heading and the fishing-vessel class are model estimates, not ground truth. | Dark means no AIS broadcast matched at the acquisition time; without an AIS feed the broadcasting status is unverified, not assumed. | An inspection lead, not proof of illegal activity.", "caveat": "A SAR detection is a radar blip: it has a position and a size, not an identity.", "innocent": "A radar contact with no AIS may be a vessel not required to broadcast, sea clutter, or fixed infrastructure; treat as a lead to confirm."}}, {"type": "Feature", "geometry": {"type": "Point", "coordinates": [-13.72963188171387, 9.462062596328604]}, "properties": {"id": "s1sar__20260620_0065", "kind": "dark_vessel_sar", "mpa": "Sentinel-1 SAR detection", "severity": "low", "severity_reason": "SAR detection matched to an AIS broadcast (identified, broadcasting)", "when": "2026-06-20T19:08:19Z", "score": 0.91, "vessel": "(SAR detection -- no AIS identity)", "ship_name": "", "ship_type": "Fishing vessel", "destination": "", "gear": "Sentinel-1 SAR (our detection)", "flag": "", "flag_emoji": "", "eez": "Guinean Exclusive Economic Zone", "eez_sovereign": "Guinea", "eez_foreign": null, "authorization": "unverifiable", "authorities": "", "iuu_listed": false, "iuu_label": "", "imo": "", "next_port": null, "evidence_hash": "0e19444b24496758320c9eb3b25c612457bb5dae1d74d28050b764106b545459", "evidence_schema": "seavigil-evidence-1.0", "why": "Sentinel-1 SAR detection, confidence 0.96 \u00b7 length 31 m (industrial scale) \u00b7 classified fishing vessel (p=0.91) \u00b7 heading about 0 deg at 0 kn \u00b7 matched to an AIS broadcast at acquisition", "why_full": "Sentinel-1 SAR detection, confidence 0.96 \u00b7 length 31 m (industrial scale) \u00b7 classified fishing vessel (p=0.91) \u00b7 heading about 0 deg at 0 kn \u00b7 matched to an AIS broadcast at acquisition", "baseline": "", "caveats": "A SAR detection is a radar blip: it has a position and a size, not an identity. | Length, heading and the fishing-vessel class are model estimates, not ground truth. | Dark means no AIS broadcast matched at the acquisition time; without an AIS feed the broadcasting status is unverified, not assumed. | An inspection lead, not proof of illegal activity.", "caveat": "A SAR detection is a radar blip: it has a position and a size, not an identity.", "innocent": "A radar contact with no AIS may be a vessel not required to broadcast, sea clutter, or fixed infrastructure; treat as a lead to confirm."}}, {"type": "Feature", "geometry": {"type": "Point", "coordinates": [-13.729546051025393, 9.46934353149049]}, "properties": {"id": "s1sar__20260620_0066", "kind": "dark_vessel_sar", "mpa": "Sentinel-1 SAR detection", "severity": "low", "severity_reason": "SAR detection matched to an AIS broadcast (identified, broadcasting)", "when": "2026-06-20T19:08:19Z", "score": 0.92, "vessel": "(SAR detection -- no AIS identity)", "ship_name": "", "ship_type": "Fishing vessel", "destination": "", "gear": "Sentinel-1 SAR (our detection)", "flag": "", "flag_emoji": "", "eez": "Guinean Exclusive Economic Zone", "eez_sovereign": "Guinea", "eez_foreign": null, "authorization": "unverifiable", "authorities": "", "iuu_listed": false, "iuu_label": "", "imo": "", "next_port": null, "evidence_hash": "ae756be89fa049eeba888a55ae08e129f931d5aa9bc3e55c0c5a3e2fbedd9d2c", "evidence_schema": "seavigil-evidence-1.0", "why": "Sentinel-1 SAR detection, confidence 0.96 \u00b7 length 41 m (industrial scale) \u00b7 classified fishing vessel (p=0.92) \u00b7 heading about 248 deg at 0 kn \u00b7 matched to an AIS broadcast at acquisition", "why_full": "Sentinel-1 SAR detection, confidence 0.96 \u00b7 length 41 m (industrial scale) \u00b7 classified fishing vessel (p=0.92) \u00b7 heading about 248 deg at 0 kn \u00b7 matched to an AIS broadcast at acquisition", "baseline": "", "caveats": "A SAR detection is a radar blip: it has a position and a size, not an identity. | Length, heading and the fishing-vessel class are model estimates, not ground truth. | Dark means no AIS broadcast matched at the acquisition time; without an AIS feed the broadcasting status is unverified, not assumed. | An inspection lead, not proof of illegal activity.", "caveat": "A SAR detection is a radar blip: it has a position and a size, not an identity.", "innocent": "A radar contact with no AIS may be a vessel not required to broadcast, sea clutter, or fixed infrastructure; treat as a lead to confirm."}}, {"type": "Feature", "geometry": {"type": "Point", "coordinates": [-13.697359542846678, 9.423538806187478]}, "properties": {"id": "s1sar__20260620_0067", "kind": "dark_vessel_sar", "mpa": "Sentinel-1 SAR detection", "severity": "high", "severity_reason": "dark vessel (no AIS broadcast) detected by SAR", "when": "2026-06-20T19:08:19Z", "score": 0.96, "vessel": "(dark -- no AIS identity)", "ship_name": "", "ship_type": "Fishing vessel", "destination": "", "gear": "Sentinel-1 SAR (dark)", "flag": "", "flag_emoji": "", "eez": "Guinean Exclusive Economic Zone", "eez_sovereign": "Guinea", "eez_foreign": null, "authorization": "unverifiable", "authorities": "", "iuu_listed": false, "iuu_label": "", "imo": "", "next_port": null, "evidence_hash": "9273caea2fac319e4af13d5be4fbd171641c624d93266a2071160f153d040b56", "evidence_schema": "seavigil-evidence-1.0", "why": "Sentinel-1 SAR detection, confidence 0.96 \u00b7 length 27 m (industrial scale) \u00b7 classified fishing vessel (p=0.96) \u00b7 heading about 338 deg at 2 kn \u00b7 no AIS broadcast matched at acquisition (dark)", "why_full": "Sentinel-1 SAR detection, confidence 0.96 \u00b7 length 27 m (industrial scale) \u00b7 classified fishing vessel (p=0.96) \u00b7 heading about 338 deg at 2 kn \u00b7 no AIS broadcast matched at acquisition (dark)", "baseline": "", "caveats": "A SAR detection is a radar blip: it has a position and a size, not an identity. | Length, heading and the fishing-vessel class are model estimates, not ground truth. | Dark means no AIS broadcast matched at the acquisition time; without an AIS feed the broadcasting status is unverified, not assumed. | An inspection lead, not proof of illegal activity.", "caveat": "A SAR detection is a radar blip: it has a position and a size, not an identity.", "innocent": "A radar contact with no AIS may be a vessel not required to broadcast, sea clutter, or fixed infrastructure; treat as a lead to confirm."}}, {"type": "Feature", "geometry": {"type": "Point", "coordinates": [-13.7313484954834, 9.469597514815948]}, "properties": {"id": "s1sar__20260620_0068", "kind": "dark_vessel_sar", "mpa": "Sentinel-1 SAR detection", "severity": "low", "severity_reason": "SAR detection matched to an AIS broadcast (identified, broadcasting)", "when": "2026-06-20T19:08:19Z", "score": 0.93, "vessel": "(SAR detection -- no AIS identity)", "ship_name": "", "ship_type": "Fishing vessel", "destination": "", "gear": "Sentinel-1 SAR (our detection)", "flag": "", "flag_emoji": "", "eez": "Guinean Exclusive Economic Zone", "eez_sovereign": "Guinea", "eez_foreign": null, "authorization": "unverifiable", "authorities": "", "iuu_listed": false, "iuu_label": "", "imo": "", "next_port": null, "evidence_hash": "61e0eef44cab79e20e88ed91e9369d12ab2b729584198254440cf752e7dd3d23", "evidence_schema": "seavigil-evidence-1.0", "why": "Sentinel-1 SAR detection, confidence 0.94 \u00b7 length 45 m (industrial scale) \u00b7 classified fishing vessel (p=0.93) \u00b7 heading about 338 deg at 0 kn \u00b7 matched to an AIS broadcast at acquisition", "why_full": "Sentinel-1 SAR detection, confidence 0.94 \u00b7 length 45 m (industrial scale) \u00b7 classified fishing vessel (p=0.93) \u00b7 heading about 338 deg at 0 kn \u00b7 matched to an AIS broadcast at acquisition", "baseline": "", "caveats": "A SAR detection is a radar blip: it has a position and a size, not an identity. | Length, heading and the fishing-vessel class are model estimates, not ground truth. | Dark means no AIS broadcast matched at the acquisition time; without an AIS feed the broadcasting status is unverified, not assumed. | An inspection lead, not proof of illegal activity.", "caveat": "A SAR detection is a radar blip: it has a position and a size, not an identity.", "innocent": "A radar contact with no AIS may be a vessel not required to broadcast, sea clutter, or fixed infrastructure; treat as a lead to confirm."}}, {"type": "Feature", "geometry": {"type": "Point", "coordinates": [-13.695728759765627, 9.469428192619848]}, "properties": {"id": "s1sar__20260620_0069", "kind": "dark_vessel_sar", "mpa": "Sentinel-1 SAR detection", "severity": "low", "severity_reason": "SAR detection matched to an AIS broadcast (identified, broadcasting)", "when": "2026-06-20T19:08:19Z", "score": 0.92, "vessel": "(SAR detection -- no AIS identity)", "ship_name": "", "ship_type": "Fishing vessel", "destination": "", "gear": "Sentinel-1 SAR (our detection)", "flag": "", "flag_emoji": "", "eez": "Guinean Exclusive Economic Zone", "eez_sovereign": "Guinea", "eez_foreign": null, "authorization": "unverifiable", "authorities": "", "iuu_listed": false, "iuu_label": "", "imo": "", "next_port": null, "evidence_hash": "6ef65adaee63801fcbe0fffb3615c2eb9bd69d7599f5ea796833dacbc464ff25", "evidence_schema": "seavigil-evidence-1.0", "why": "Sentinel-1 SAR detection, confidence 0.93 \u00b7 length 27 m (industrial scale) \u00b7 classified fishing vessel (p=0.92) \u00b7 heading about 338 deg at 1 kn \u00b7 matched to an AIS broadcast at acquisition", "why_full": "Sentinel-1 SAR detection, confidence 0.93 \u00b7 length 27 m (industrial scale) \u00b7 classified fishing vessel (p=0.92) \u00b7 heading about 338 deg at 1 kn \u00b7 matched to an AIS broadcast at acquisition", "baseline": "", "caveats": "A SAR detection is a radar blip: it has a position and a size, not an identity. | Length, heading and the fishing-vessel class are model estimates, not ground truth. | Dark means no AIS broadcast matched at the acquisition time; without an AIS feed the broadcasting status is unverified, not assumed. | An inspection lead, not proof of illegal activity.", "caveat": "A SAR detection is a radar blip: it has a position and a size, not an identity.", "innocent": "A radar contact with no AIS may be a vessel not required to broadcast, sea clutter, or fixed infrastructure; treat as a lead to confirm."}}, {"type": "Feature", "geometry": {"type": "Point", "coordinates": [-13.72808692932129, 9.4663803788194]}, "properties": {"id": "s1sar__20260620_0070", "kind": "dark_vessel_sar", "mpa": "Sentinel-1 SAR detection", "severity": "low", "severity_reason": "SAR detection matched to an AIS broadcast (identified, broadcasting)", "when": "2026-06-20T19:08:19Z", "score": 0.93, "vessel": "(SAR detection -- no AIS identity)", "ship_name": "", "ship_type": "Fishing vessel", "destination": "", "gear": "Sentinel-1 SAR (our detection)", "flag": "", "flag_emoji": "", "eez": "Guinean Exclusive Economic Zone", "eez_sovereign": "Guinea", "eez_foreign": null, "authorization": "unverifiable", "authorities": "", "iuu_listed": false, "iuu_label": "", "imo": "", "next_port": null, "evidence_hash": "07c067bfaf393e40c1f3f50ba0c5878af7a298a99161fd6472c9a60d25a5dac9", "evidence_schema": "seavigil-evidence-1.0", "why": "Sentinel-1 SAR detection, confidence 0.92 \u00b7 length 28 m (industrial scale) \u00b7 classified fishing vessel (p=0.93) \u00b7 heading about 338 deg at 1 kn \u00b7 matched to an AIS broadcast at acquisition", "why_full": "Sentinel-1 SAR detection, confidence 0.92 \u00b7 length 28 m (industrial scale) \u00b7 classified fishing vessel (p=0.93) \u00b7 heading about 338 deg at 1 kn \u00b7 matched to an AIS broadcast at acquisition", "baseline": "", "caveats": "A SAR detection is a radar blip: it has a position and a size, not an identity. | Length, heading and the fishing-vessel class are model estimates, not ground truth. | Dark means no AIS broadcast matched at the acquisition time; without an AIS feed the broadcasting status is unverified, not assumed. | An inspection lead, not proof of illegal activity.", "caveat": "A SAR detection is a radar blip: it has a position and a size, not an identity.", "innocent": "A radar contact with no AIS may be a vessel not required to broadcast, sea clutter, or fixed infrastructure; treat as a lead to confirm."}}, {"type": "Feature", "geometry": {"type": "Point", "coordinates": [-13.7189030456543, 9.473999862615049]}, "properties": {"id": "s1sar__20260620_0071", "kind": "dark_vessel_sar", "mpa": "Sentinel-1 SAR detection", "severity": "low", "severity_reason": "SAR detection matched to an AIS broadcast (identified, broadcasting)", "when": "2026-06-20T19:08:19Z", "score": 0.79, "vessel": "(SAR detection -- no AIS identity)", "ship_name": "", "ship_type": "Fishing vessel", "destination": "", "gear": "Sentinel-1 SAR (our detection)", "flag": "", "flag_emoji": "", "eez": "Guinean Exclusive Economic Zone", "eez_sovereign": "Guinea", "eez_foreign": null, "authorization": "unverifiable", "authorities": "", "iuu_listed": false, "iuu_label": "", "imo": "", "next_port": null, "evidence_hash": "7c63574933bfa871067ce53e62120b2c149a5e036d9fed855e82085bae0f685b", "evidence_schema": "seavigil-evidence-1.0", "why": "Sentinel-1 SAR detection, confidence 0.92 \u00b7 length 38 m (industrial scale) \u00b7 classified fishing vessel (p=0.79) \u00b7 heading about 248 deg at 0 kn \u00b7 matched to an AIS broadcast at acquisition", "why_full": "Sentinel-1 SAR detection, confidence 0.92 \u00b7 length 38 m (industrial scale) \u00b7 classified fishing vessel (p=0.79) \u00b7 heading about 248 deg at 0 kn \u00b7 matched to an AIS broadcast at acquisition", "baseline": "", "caveats": "A SAR detection is a radar blip: it has a position and a size, not an identity. | Length, heading and the fishing-vessel class are model estimates, not ground truth. | Dark means no AIS broadcast matched at the acquisition time; without an AIS feed the broadcasting status is unverified, not assumed. | An inspection lead, not proof of illegal activity.", "caveat": "A SAR detection is a radar blip: it has a position and a size, not an identity.", "innocent": "A radar contact with no AIS may be a vessel not required to broadcast, sea clutter, or fixed infrastructure; treat as a lead to confirm."}}, {"type": "Feature", "geometry": {"type": "Point", "coordinates": [-13.72010467529297, 9.476793630981067]}, "properties": {"id": "s1sar__20260620_0072", "kind": "dark_vessel_sar", "mpa": "Sentinel-1 SAR detection", "severity": "low", "severity_reason": "SAR detection matched to an AIS broadcast (identified, broadcasting)", "when": "2026-06-20T19:08:19Z", "score": 0.94, "vessel": "(SAR detection -- no AIS identity)", "ship_name": "", "ship_type": "Fishing vessel", "destination": "", "gear": "Sentinel-1 SAR (our detection)", "flag": "", "flag_emoji": "", "eez": "Guinean Exclusive Economic Zone", "eez_sovereign": "Guinea", "eez_foreign": null, "authorization": "unverifiable", "authorities": "", "iuu_listed": false, "iuu_label": "", "imo": "", "next_port": null, "evidence_hash": "72d8e192f12cfb1e5fdcebc6fdb3889809f3ac418ad78c278219fd620019d9d1", "evidence_schema": "seavigil-evidence-1.0", "why": "Sentinel-1 SAR detection, confidence 0.91 \u00b7 length 33 m (industrial scale) \u00b7 classified fishing vessel (p=0.94) \u00b7 heading about 338 deg at 0 kn \u00b7 matched to an AIS broadcast at acquisition", "why_full": "Sentinel-1 SAR detection, confidence 0.91 \u00b7 length 33 m (industrial scale) \u00b7 classified fishing vessel (p=0.94) \u00b7 heading about 338 deg at 0 kn \u00b7 matched to an AIS broadcast at acquisition", "baseline": "", "caveats": "A SAR detection is a radar blip: it has a position and a size, not an identity. | Length, heading and the fishing-vessel class are model estimates, not ground truth. | Dark means no AIS broadcast matched at the acquisition time; without an AIS feed the broadcasting status is unverified, not assumed. | An inspection lead, not proof of illegal activity.", "caveat": "A SAR detection is a radar blip: it has a position and a size, not an identity.", "innocent": "A radar contact with no AIS may be a vessel not required to broadcast, sea clutter, or fixed infrastructure; treat as a lead to confirm."}}, {"type": "Feature", "geometry": {"type": "Point", "coordinates": [-13.729202728271485, 9.474507822190846]}, "properties": {"id": "s1sar__20260620_0073", "kind": "dark_vessel_sar", "mpa": "Sentinel-1 SAR detection", "severity": "low", "severity_reason": "SAR detection matched to an AIS broadcast (identified, broadcasting)", "when": "2026-06-20T19:08:19Z", "score": 0.9, "vessel": "(SAR detection -- no AIS identity)", "ship_name": "", "ship_type": "Fishing vessel", "destination": "", "gear": "Sentinel-1 SAR (our detection)", "flag": "", "flag_emoji": "", "eez": "Guinean Exclusive Economic Zone", "eez_sovereign": "Guinea", "eez_foreign": null, "authorization": "unverifiable", "authorities": "", "iuu_listed": false, "iuu_label": "", "imo": "", "next_port": null, "evidence_hash": "4edc4b4543635fbaa7604d8b36eb846054cb16b77399ce1161b35c924f2d0c39", "evidence_schema": "seavigil-evidence-1.0", "why": "Sentinel-1 SAR detection, confidence 0.90 \u00b7 length 37 m (industrial scale) \u00b7 classified fishing vessel (p=0.90) \u00b7 heading about 135 deg at 0 kn \u00b7 matched to an AIS broadcast at acquisition", "why_full": "Sentinel-1 SAR detection, confidence 0.90 \u00b7 length 37 m (industrial scale) \u00b7 classified fishing vessel (p=0.90) \u00b7 heading about 135 deg at 0 kn \u00b7 matched to an AIS broadcast at acquisition", "baseline": "", "caveats": "A SAR detection is a radar blip: it has a position and a size, not an identity. | Length, heading and the fishing-vessel class are model estimates, not ground truth. | Dark means no AIS broadcast matched at the acquisition time; without an AIS feed the broadcasting status is unverified, not assumed. | An inspection lead, not proof of illegal activity.", "caveat": "A SAR detection is a radar blip: it has a position and a size, not an identity.", "innocent": "A radar contact with no AIS may be a vessel not required to broadcast, sea clutter, or fixed infrastructure; treat as a lead to confirm."}}, {"type": "Feature", "geometry": {"type": "Point", "coordinates": [-13.73057601928711, 9.472221998181896]}, "properties": {"id": "s1sar__20260620_0074", "kind": "dark_vessel_sar", "mpa": "Sentinel-1 SAR detection", "severity": "low", "severity_reason": "SAR detection matched to an AIS broadcast (identified, broadcasting)", "when": "2026-06-20T19:08:19Z", "score": 0.95, "vessel": "(SAR detection -- no AIS identity)", "ship_name": "", "ship_type": "Fishing vessel", "destination": "", "gear": "Sentinel-1 SAR (our detection)", "flag": "", "flag_emoji": "", "eez": "Guinean Exclusive Economic Zone", "eez_sovereign": "Guinea", "eez_foreign": null, "authorization": "unverifiable", "authorities": "", "iuu_listed": false, "iuu_label": "", "imo": "", "next_port": null, "evidence_hash": "7a43fc05e925cbd2fd08ae48e1e8af7840bf368a351b235d1715d54dda3ac678", "evidence_schema": "seavigil-evidence-1.0", "why": "Sentinel-1 SAR detection, confidence 0.90 \u00b7 length 49 m (industrial scale) \u00b7 classified fishing vessel (p=0.95) \u00b7 heading about 248 deg at -0 kn \u00b7 matched to an AIS broadcast at acquisition", "why_full": "Sentinel-1 SAR detection, confidence 0.90 \u00b7 length 49 m (industrial scale) \u00b7 classified fishing vessel (p=0.95) \u00b7 heading about 248 deg at -0 kn \u00b7 matched to an AIS broadcast at acquisition", "baseline": "", "caveats": "A SAR detection is a radar blip: it has a position and a size, not an identity. | Length, heading and the fishing-vessel class are model estimates, not ground truth. | Dark means no AIS broadcast matched at the acquisition time; without an AIS feed the broadcasting status is unverified, not assumed. | An inspection lead, not proof of illegal activity.", "caveat": "A SAR detection is a radar blip: it has a position and a size, not an identity.", "innocent": "A radar contact with no AIS may be a vessel not required to broadcast, sea clutter, or fixed infrastructure; treat as a lead to confirm."}}, {"type": "Feature", "geometry": {"type": "Point", "coordinates": [-13.728172760009766, 9.476878290273582]}, "properties": {"id": "s1sar__20260620_0075", "kind": "dark_vessel_sar", "mpa": "Sentinel-1 SAR detection", "severity": "low", "severity_reason": "SAR detection matched to an AIS broadcast (identified, broadcasting)", "when": "2026-06-20T19:08:19Z", "score": 0.78, "vessel": "(SAR detection -- no AIS identity)", "ship_name": "", "ship_type": "Fishing vessel", "destination": "", "gear": "Sentinel-1 SAR (our detection)", "flag": "", "flag_emoji": "", "eez": "Guinean Exclusive Economic Zone", "eez_sovereign": "Guinea", "eez_foreign": null, "authorization": "unverifiable", "authorities": "", "iuu_listed": false, "iuu_label": "", "imo": "", "next_port": null, "evidence_hash": "515dc0e5070b5fc06dee3e69496de6eca12547bf58c80bb1d2e35ac964921358", "evidence_schema": "seavigil-evidence-1.0", "why": "Sentinel-1 SAR detection, confidence 0.89 \u00b7 length 34 m (industrial scale) \u00b7 classified fishing vessel (p=0.78) \u00b7 heading about 0 deg at 0 kn \u00b7 matched to an AIS broadcast at acquisition", "why_full": "Sentinel-1 SAR detection, confidence 0.89 \u00b7 length 34 m (industrial scale) \u00b7 classified fishing vessel (p=0.78) \u00b7 heading about 0 deg at 0 kn \u00b7 matched to an AIS broadcast at acquisition", "baseline": "", "caveats": "A SAR detection is a radar blip: it has a position and a size, not an identity. | Length, heading and the fishing-vessel class are model estimates, not ground truth. | Dark means no AIS broadcast matched at the acquisition time; without an AIS feed the broadcasting status is unverified, not assumed. | An inspection lead, not proof of illegal activity.", "caveat": "A SAR detection is a radar blip: it has a position and a size, not an identity.", "innocent": "A radar contact with no AIS may be a vessel not required to broadcast, sea clutter, or fixed infrastructure; treat as a lead to confirm."}}, {"type": "Feature", "geometry": {"type": "Point", "coordinates": [-13.729546051025393, 9.477809541113018]}, "properties": {"id": "s1sar__20260620_0076", "kind": "dark_vessel_sar", "mpa": "Sentinel-1 SAR detection", "severity": "low", "severity_reason": "SAR detection matched to an AIS broadcast (identified, broadcasting)", "when": "2026-06-20T19:08:19Z", "score": 0.8, "vessel": "(SAR detection -- no AIS identity)", "ship_name": "", "ship_type": "Fishing vessel", "destination": "", "gear": "Sentinel-1 SAR (our detection)", "flag": "", "flag_emoji": "", "eez": "Guinean Exclusive Economic Zone", "eez_sovereign": "Guinea", "eez_foreign": null, "authorization": "unverifiable", "authorities": "", "iuu_listed": false, "iuu_label": "", "imo": "", "next_port": null, "evidence_hash": "7dbe696cc57346f6bffb65e73be16efb1b4ff5f9a27e14f10703c83db521942b", "evidence_schema": "seavigil-evidence-1.0", "why": "Sentinel-1 SAR detection, confidence 0.89 \u00b7 length 34 m (industrial scale) \u00b7 classified fishing vessel (p=0.80) \u00b7 heading about 0 deg at 1 kn \u00b7 matched to an AIS broadcast at acquisition", "why_full": "Sentinel-1 SAR detection, confidence 0.89 \u00b7 length 34 m (industrial scale) \u00b7 classified fishing vessel (p=0.80) \u00b7 heading about 0 deg at 1 kn \u00b7 matched to an AIS broadcast at acquisition", "baseline": "", "caveats": "A SAR detection is a radar blip: it has a position and a size, not an identity. | Length, heading and the fishing-vessel class are model estimates, not ground truth. | Dark means no AIS broadcast matched at the acquisition time; without an AIS feed the broadcasting status is unverified, not assumed. | An inspection lead, not proof of illegal activity.", "caveat": "A SAR detection is a radar blip: it has a position and a size, not an identity.", "innocent": "A radar contact with no AIS may be a vessel not required to broadcast, sea clutter, or fixed infrastructure; treat as a lead to confirm."}}, {"type": "Feature", "geometry": {"type": "Point", "coordinates": [-13.704998474121092, 9.47264530007233]}, "properties": {"id": "s1sar__20260620_0077", "kind": "dark_vessel_sar", "mpa": "Sentinel-1 SAR detection", "severity": "low", "severity_reason": "SAR detection matched to an AIS broadcast (identified, broadcasting)", "when": "2026-06-20T19:08:19Z", "score": 0.73, "vessel": "(SAR detection -- no AIS identity)", "ship_name": "", "ship_type": "Fishing vessel", "destination": "", "gear": "Sentinel-1 SAR (our detection)", "flag": "", "flag_emoji": "", "eez": "Guinean Exclusive Economic Zone", "eez_sovereign": "Guinea", "eez_foreign": null, "authorization": "unverifiable", "authorities": "", "iuu_listed": false, "iuu_label": "", "imo": "", "next_port": null, "evidence_hash": "274442980494a4d769e0fce4f9c3227e3ca059dc74eb9c98c45c938419d1fad6", "evidence_schema": "seavigil-evidence-1.0", "why": "Sentinel-1 SAR detection, confidence 0.88 \u00b7 length 40 m (industrial scale) \u00b7 classified fishing vessel (p=0.73) \u00b7 heading about 90 deg at 0 kn \u00b7 matched to an AIS broadcast at acquisition", "why_full": "Sentinel-1 SAR detection, confidence 0.88 \u00b7 length 40 m (industrial scale) \u00b7 classified fishing vessel (p=0.73) \u00b7 heading about 90 deg at 0 kn \u00b7 matched to an AIS broadcast at acquisition", "baseline": "", "caveats": "A SAR detection is a radar blip: it has a position and a size, not an identity. | Length, heading and the fishing-vessel class are model estimates, not ground truth. | Dark means no AIS broadcast matched at the acquisition time; without an AIS feed the broadcasting status is unverified, not assumed. | An inspection lead, not proof of illegal activity.", "caveat": "A SAR detection is a radar blip: it has a position and a size, not an identity.", "innocent": "A radar contact with no AIS may be a vessel not required to broadcast, sea clutter, or fixed infrastructure; treat as a lead to confirm."}}, {"type": "Feature", "geometry": {"type": "Point", "coordinates": [-13.731262664794922, 9.47747090473648]}, "properties": {"id": "s1sar__20260620_0078", "kind": "dark_vessel_sar", "mpa": "Sentinel-1 SAR detection", "severity": "low", "severity_reason": "SAR detection matched to an AIS broadcast (identified, broadcasting)", "when": "2026-06-20T19:08:19Z", "score": 0.83, "vessel": "(SAR detection -- no AIS identity)", "ship_name": "", "ship_type": "Fishing vessel", "destination": "", "gear": "Sentinel-1 SAR (our detection)", "flag": "", "flag_emoji": "", "eez": "Guinean Exclusive Economic Zone", "eez_sovereign": "Guinea", "eez_foreign": null, "authorization": "unverifiable", "authorities": "", "iuu_listed": false, "iuu_label": "", "imo": "", "next_port": null, "evidence_hash": "217d0cc038ae71807295dcca7ac463c660d1a6f3475fb120b27b62df9acced30", "evidence_schema": "seavigil-evidence-1.0", "why": "Sentinel-1 SAR detection, confidence 0.86 \u00b7 length 39 m (industrial scale) \u00b7 classified fishing vessel (p=0.83) \u00b7 heading about 292 deg at 0 kn \u00b7 matched to an AIS broadcast at acquisition", "why_full": "Sentinel-1 SAR detection, confidence 0.86 \u00b7 length 39 m (industrial scale) \u00b7 classified fishing vessel (p=0.83) \u00b7 heading about 292 deg at 0 kn \u00b7 matched to an AIS broadcast at acquisition", "baseline": "", "caveats": "A SAR detection is a radar blip: it has a position and a size, not an identity. | Length, heading and the fishing-vessel class are model estimates, not ground truth. | Dark means no AIS broadcast matched at the acquisition time; without an AIS feed the broadcasting status is unverified, not assumed. | An inspection lead, not proof of illegal activity.", "caveat": "A SAR detection is a radar blip: it has a position and a size, not an identity.", "innocent": "A radar contact with no AIS may be a vessel not required to broadcast, sea clutter, or fixed infrastructure; treat as a lead to confirm."}}, {"type": "Feature", "geometry": {"type": "Point", "coordinates": [-13.711435775756836, 9.474507822190846]}, "properties": {"id": "s1sar__20260620_0079", "kind": "dark_vessel_sar", "mpa": "Sentinel-1 SAR detection", "severity": "low", "severity_reason": "SAR detection matched to an AIS broadcast (identified, broadcasting)", "when": "2026-06-20T19:08:19Z", "score": 0.95, "vessel": "(SAR detection -- no AIS identity)", "ship_name": "", "ship_type": "Fishing vessel", "destination": "", "gear": "Sentinel-1 SAR (our detection)", "flag": "", "flag_emoji": "", "eez": "Guinean Exclusive Economic Zone", "eez_sovereign": "Guinea", "eez_foreign": null, "authorization": "unverifiable", "authorities": "", "iuu_listed": false, "iuu_label": "", "imo": "", "next_port": null, "evidence_hash": "c32c08087f15ad1500cce81f8e0f2b6c26b45b264b7fec237806fbfca44208af", "evidence_schema": "seavigil-evidence-1.0", "why": "Sentinel-1 SAR detection, confidence 0.78 \u00b7 length 29 m (industrial scale) \u00b7 classified fishing vessel (p=0.95) \u00b7 heading about 338 deg at 2 kn \u00b7 matched to an AIS broadcast at acquisition", "why_full": "Sentinel-1 SAR detection, confidence 0.78 \u00b7 length 29 m (industrial scale) \u00b7 classified fishing vessel (p=0.95) \u00b7 heading about 338 deg at 2 kn \u00b7 matched to an AIS broadcast at acquisition", "baseline": "", "caveats": "A SAR detection is a radar blip: it has a position and a size, not an identity. | Length, heading and the fishing-vessel class are model estimates, not ground truth. | Dark means no AIS broadcast matched at the acquisition time; without an AIS feed the broadcasting status is unverified, not assumed. | An inspection lead, not proof of illegal activity.", "caveat": "A SAR detection is a radar blip: it has a position and a size, not an identity.", "innocent": "A radar contact with no AIS may be a vessel not required to broadcast, sea clutter, or fixed infrastructure; treat as a lead to confirm."}}, {"type": "Feature", "geometry": {"type": "Point", "coordinates": [-13.834259490966796, 9.279819983450285]}, "properties": {"id": "s1sar__20260620_0080", "kind": "dark_vessel_sar", "mpa": "Sentinel-1 SAR detection", "severity": "high", "severity_reason": "dark vessel (no AIS broadcast) detected by SAR", "when": "2026-06-20T19:08:19Z", "score": 0.0, "vessel": "(dark -- no AIS identity)", "ship_name": "", "ship_type": "Vessel", "destination": "", "gear": "Sentinel-1 SAR (dark)", "flag": "", "flag_emoji": "", "eez": "Guinean Exclusive Economic Zone", "eez_sovereign": "Guinea", "eez_foreign": null, "authorization": "unverifiable", "authorities": "", "iuu_listed": false, "iuu_label": "", "imo": "", "next_port": null, "evidence_hash": "00a329c563ad03b7231918c2420e53338e2a5e19ee9d2ec72330492afc86849d", "evidence_schema": "seavigil-evidence-1.0", "why": "Sentinel-1 SAR detection, confidence 0.99 \u00b7 length 183 m (industrial scale) \u00b7 classified non-fishing vessel (p=0.00) \u00b7 heading about 270 deg at 0 kn \u00b7 no AIS broadcast matched at acquisition (dark)", "why_full": "Sentinel-1 SAR detection, confidence 0.99 \u00b7 length 183 m (industrial scale) \u00b7 classified non-fishing vessel (p=0.00) \u00b7 heading about 270 deg at 0 kn \u00b7 no AIS broadcast matched at acquisition (dark)", "baseline": "", "caveats": "A SAR detection is a radar blip: it has a position and a size, not an identity. | Length, heading and the fishing-vessel class are model estimates, not ground truth. | Dark means no AIS broadcast matched at the acquisition time; without an AIS feed the broadcasting status is unverified, not assumed. | An inspection lead, not proof of illegal activity.", "caveat": "A SAR detection is a radar blip: it has a position and a size, not an identity.", "innocent": "A radar contact with no AIS may be a vessel not required to broadcast, sea clutter, or fixed infrastructure; treat as a lead to confirm."}}, {"type": "Feature", "geometry": {"type": "Point", "coordinates": [-13.69435546875, 9.371630728967826]}, "properties": {"id": "s1sar__20260620_0081", "kind": "dark_vessel_sar", "mpa": "Sentinel-1 SAR detection", "severity": "high", "severity_reason": "dark vessel (no AIS broadcast) detected by SAR", "when": "2026-06-20T19:08:19Z", "score": 0.82, "vessel": "(dark -- no AIS identity)", "ship_name": "", "ship_type": "Fishing vessel", "destination": "", "gear": "Sentinel-1 SAR (dark)", "flag": "", "flag_emoji": "", "eez": "Guinean Exclusive Economic Zone", "eez_sovereign": "Guinea", "eez_foreign": null, "authorization": "unverifiable", "authorities": "", "iuu_listed": false, "iuu_label": "", "imo": "", "next_port": null, "evidence_hash": "dbf2ccd55b5ad308fe60f7d76e872d06ca9710874ccc2ddb433d1fa1de7dc047", "evidence_schema": "seavigil-evidence-1.0", "why": "Sentinel-1 SAR detection, confidence 0.99 \u00b7 length 61 m (industrial scale) \u00b7 classified fishing vessel (p=0.82) \u00b7 heading about 338 deg at 0 kn \u00b7 no AIS broadcast matched at acquisition (dark)", "why_full": "Sentinel-1 SAR detection, confidence 0.99 \u00b7 length 61 m (industrial scale) \u00b7 classified fishing vessel (p=0.82) \u00b7 heading about 338 deg at 0 kn \u00b7 no AIS broadcast matched at acquisition (dark)", "baseline": "", "caveats": "A SAR detection is a radar blip: it has a position and a size, not an identity. | Length, heading and the fishing-vessel class are model estimates, not ground truth. | Dark means no AIS broadcast matched at the acquisition time; without an AIS feed the broadcasting status is unverified, not assumed. | An inspection lead, not proof of illegal activity.", "caveat": "A SAR detection is a radar blip: it has a position and a size, not an identity.", "innocent": "A radar contact with no AIS may be a vessel not required to broadcast, sea clutter, or fixed infrastructure; treat as a lead to confirm."}}, {"type": "Feature", "geometry": {"type": "Point", "coordinates": [-13.732635955810547, 9.279989398180629]}, "properties": {"id": "s1sar__20260620_0082", "kind": "dark_vessel_sar", "mpa": "Sentinel-1 SAR detection", "severity": "high", "severity_reason": "dark vessel (no AIS broadcast) detected by SAR", "when": "2026-06-20T19:08:19Z", "score": 0.02, "vessel": "(dark -- no AIS identity)", "ship_name": "", "ship_type": "Vessel", "destination": "", "gear": "Sentinel-1 SAR (dark)", "flag": "", "flag_emoji": "", "eez": "Guinean Exclusive Economic Zone", "eez_sovereign": "Guinea", "eez_foreign": null, "authorization": "unverifiable", "authorities": "", "iuu_listed": false, "iuu_label": "", "imo": "", "next_port": null, "evidence_hash": "2c45519ce355f9e571a14c1851b7136f5b9eacc66ff2a386c4d543334e920f1f", "evidence_schema": "seavigil-evidence-1.0", "why": "Sentinel-1 SAR detection, confidence 0.99 \u00b7 length 65 m (industrial scale) \u00b7 classified non-fishing vessel (p=0.02) \u00b7 heading about 68 deg at 0 kn \u00b7 no AIS broadcast matched at acquisition (dark)", "why_full": "Sentinel-1 SAR detection, confidence 0.99 \u00b7 length 65 m (industrial scale) \u00b7 classified non-fishing vessel (p=0.02) \u00b7 heading about 68 deg at 0 kn \u00b7 no AIS broadcast matched at acquisition (dark)", "baseline": "", "caveats": "A SAR detection is a radar blip: it has a position and a size, not an identity. | Length, heading and the fishing-vessel class are model estimates, not ground truth. | Dark means no AIS broadcast matched at the acquisition time; without an AIS feed the broadcasting status is unverified, not assumed. | An inspection lead, not proof of illegal activity.", "caveat": "A SAR detection is a radar blip: it has a position and a size, not an identity.", "innocent": "A radar contact with no AIS may be a vessel not required to broadcast, sea clutter, or fixed infrastructure; treat as a lead to confirm."}}, {"type": "Feature", "geometry": {"type": "Point", "coordinates": [-13.84867904663086, 9.2514418621928]}, "properties": {"id": "s1sar__20260620_0083", "kind": "dark_vessel_sar", "mpa": "Sentinel-1 SAR detection", "severity": "high", "severity_reason": "dark vessel (no AIS broadcast) detected by SAR", "when": "2026-06-20T19:08:19Z", "score": 0.0, "vessel": "(dark -- no AIS identity)", "ship_name": "", "ship_type": "Vessel", "destination": "", "gear": "Sentinel-1 SAR (dark)", "flag": "", "flag_emoji": "", "eez": "Guinean Exclusive Economic Zone", "eez_sovereign": "Guinea", "eez_foreign": null, "authorization": "unverifiable", "authorities": "", "iuu_listed": false, "iuu_label": "", "imo": "", "next_port": null, "evidence_hash": "5d96c00c08e2b1214e73af7d1008bfaf8743b2830d308ff0312aaae8fcdc0dfa", "evidence_schema": "seavigil-evidence-1.0", "why": "Sentinel-1 SAR detection, confidence 0.99 \u00b7 length 160 m (industrial scale) \u00b7 classified non-fishing vessel (p=0.00) \u00b7 heading about 248 deg at 0 kn \u00b7 no AIS broadcast matched at acquisition (dark)", "why_full": "Sentinel-1 SAR detection, confidence 0.99 \u00b7 length 160 m (industrial scale) \u00b7 classified non-fishing vessel (p=0.00) \u00b7 heading about 248 deg at 0 kn \u00b7 no AIS broadcast matched at acquisition (dark)", "baseline": "", "caveats": "A SAR detection is a radar blip: it has a position and a size, not an identity. | Length, heading and the fishing-vessel class are model estimates, not ground truth. | Dark means no AIS broadcast matched at the acquisition time; without an AIS feed the broadcasting status is unverified, not assumed. | An inspection lead, not proof of illegal activity.", "caveat": "A SAR detection is a radar blip: it has a position and a size, not an identity.", "innocent": "A radar contact with no AIS may be a vessel not required to broadcast, sea clutter, or fixed infrastructure; treat as a lead to confirm."}}, {"type": "Feature", "geometry": {"type": "Point", "coordinates": [-13.842241744995118, 9.235938816583335]}, "properties": {"id": "s1sar__20260620_0084", "kind": "dark_vessel_sar", "mpa": "Sentinel-1 SAR detection", "severity": "high", "severity_reason": "dark vessel (no AIS broadcast) detected by SAR", "when": "2026-06-20T19:08:19Z", "score": 0.0, "vessel": "(dark -- no AIS identity)", "ship_name": "", "ship_type": "Vessel", "destination": "", "gear": "Sentinel-1 SAR (dark)", "flag": "", "flag_emoji": "", "eez": "Guinean Exclusive Economic Zone", "eez_sovereign": "Guinea", "eez_foreign": null, "authorization": "unverifiable", "authorities": "", "iuu_listed": false, "iuu_label": "", "imo": "", "next_port": null, "evidence_hash": "9ec0bec5aa23581441ff052a7eb02bd8cfb4115b3d311a68f43146da92123191", "evidence_schema": "seavigil-evidence-1.0", "why": "Sentinel-1 SAR detection, confidence 0.99 \u00b7 length 188 m (industrial scale) \u00b7 classified non-fishing vessel (p=0.00) \u00b7 heading about 270 deg at 0 kn \u00b7 no AIS broadcast matched at acquisition (dark)", "why_full": "Sentinel-1 SAR detection, confidence 0.99 \u00b7 length 188 m (industrial scale) \u00b7 classified non-fishing vessel (p=0.00) \u00b7 heading about 270 deg at 0 kn \u00b7 no AIS broadcast matched at acquisition (dark)", "baseline": "", "caveats": "A SAR detection is a radar blip: it has a position and a size, not an identity. | Length, heading and the fishing-vessel class are model estimates, not ground truth. | Dark means no AIS broadcast matched at the acquisition time; without an AIS feed the broadcasting status is unverified, not assumed. | An inspection lead, not proof of illegal activity.", "caveat": "A SAR detection is a radar blip: it has a position and a size, not an identity.", "innocent": "A radar contact with no AIS may be a vessel not required to broadcast, sea clutter, or fixed infrastructure; treat as a lead to confirm."}}, {"type": "Feature", "geometry": {"type": "Point", "coordinates": [-13.874771575927737, 9.235854098612148]}, "properties": {"id": "s1sar__20260620_0085", "kind": "dark_vessel_sar", "mpa": "Sentinel-1 SAR detection", "severity": "high", "severity_reason": "dark vessel (no AIS broadcast) detected by SAR", "when": "2026-06-20T19:08:19Z", "score": 0.0, "vessel": "(dark -- no AIS identity)", "ship_name": "", "ship_type": "Vessel", "destination": "", "gear": "Sentinel-1 SAR (dark)", "flag": "", "flag_emoji": "", "eez": "Guinean Exclusive Economic Zone", "eez_sovereign": "Guinea", "eez_foreign": null, "authorization": "unverifiable", "authorities": "", "iuu_listed": false, "iuu_label": "", "imo": "", "next_port": null, "evidence_hash": "56492f1c36fc88799261257ae6a079743e1fcdf445eac80c753ef792ed3be074", "evidence_schema": "seavigil-evidence-1.0", "why": "Sentinel-1 SAR detection, confidence 0.99 \u00b7 length 169 m (industrial scale) \u00b7 classified non-fishing vessel (p=0.00) \u00b7 heading about 270 deg at 0 kn \u00b7 no AIS broadcast matched at acquisition (dark)", "why_full": "Sentinel-1 SAR detection, confidence 0.99 \u00b7 length 169 m (industrial scale) \u00b7 classified non-fishing vessel (p=0.00) \u00b7 heading about 270 deg at 0 kn \u00b7 no AIS broadcast matched at acquisition (dark)", "baseline": "", "caveats": "A SAR detection is a radar blip: it has a position and a size, not an identity. | Length, heading and the fishing-vessel class are model estimates, not ground truth. | Dark means no AIS broadcast matched at the acquisition time; without an AIS feed the broadcasting status is unverified, not assumed. | An inspection lead, not proof of illegal activity.", "caveat": "A SAR detection is a radar blip: it has a position and a size, not an identity.", "innocent": "A radar contact with no AIS may be a vessel not required to broadcast, sea clutter, or fixed infrastructure; treat as a lead to confirm."}}, {"type": "Feature", "geometry": {"type": "Point", "coordinates": [-13.88438461303711, 9.25771065937252]}, "properties": {"id": "s1sar__20260620_0086", "kind": "dark_vessel_sar", "mpa": "Sentinel-1 SAR detection", "severity": "high", "severity_reason": "dark vessel (no AIS broadcast) detected by SAR", "when": "2026-06-20T19:08:19Z", "score": 0.0, "vessel": "(dark -- no AIS identity)", "ship_name": "", "ship_type": "Vessel", "destination": "", "gear": "Sentinel-1 SAR (dark)", "flag": "", "flag_emoji": "", "eez": "Guinean Exclusive Economic Zone", "eez_sovereign": "Guinea", "eez_foreign": null, "authorization": "unverifiable", "authorities": "", "iuu_listed": false, "iuu_label": "", "imo": "", "next_port": null, "evidence_hash": "e962d059f7389f4777e289ecf1ddbd1c10084d21ac0344f37df4593a08fcf6c7", "evidence_schema": "seavigil-evidence-1.0", "why": "Sentinel-1 SAR detection, confidence 0.98 \u00b7 length 174 m (industrial scale) \u00b7 classified non-fishing vessel (p=0.00) \u00b7 heading about 68 deg at 0 kn \u00b7 no AIS broadcast matched at acquisition (dark)", "why_full": "Sentinel-1 SAR detection, confidence 0.98 \u00b7 length 174 m (industrial scale) \u00b7 classified non-fishing vessel (p=0.00) \u00b7 heading about 68 deg at 0 kn \u00b7 no AIS broadcast matched at acquisition (dark)", "baseline": "", "caveats": "A SAR detection is a radar blip: it has a position and a size, not an identity. | Length, heading and the fishing-vessel class are model estimates, not ground truth. | Dark means no AIS broadcast matched at the acquisition time; without an AIS feed the broadcasting status is unverified, not assumed. | An inspection lead, not proof of illegal activity.", "caveat": "A SAR detection is a radar blip: it has a position and a size, not an identity.", "innocent": "A radar contact with no AIS may be a vessel not required to broadcast, sea clutter, or fixed infrastructure; treat as a lead to confirm."}}, {"type": "Feature", "geometry": {"type": "Point", "coordinates": [-13.758299331665038, 9.23890393274112]}, "properties": {"id": "s1sar__20260620_0087", "kind": "dark_vessel_sar", "mpa": "Sentinel-1 SAR detection", "severity": "high", "severity_reason": "dark vessel (no AIS broadcast) detected by SAR", "when": "2026-06-20T19:08:19Z", "score": 0.02, "vessel": "(dark -- no AIS identity)", "ship_name": "", "ship_type": "Vessel", "destination": "", "gear": "Sentinel-1 SAR (dark)", "flag": "", "flag_emoji": "", "eez": "Guinean Exclusive Economic Zone", "eez_sovereign": "Guinea", "eez_foreign": null, "authorization": "unverifiable", "authorities": "", "iuu_listed": false, "iuu_label": "", "imo": "", "next_port": null, "evidence_hash": "b6b2d41711816daa09938f4509c170d267b2d0762ebb8f269fdf138d9dc13fdf", "evidence_schema": "seavigil-evidence-1.0", "why": "Sentinel-1 SAR detection, confidence 0.99 \u00b7 length 116 m (industrial scale) \u00b7 classified non-fishing vessel (p=0.02) \u00b7 heading about 112 deg at 0 kn \u00b7 no AIS broadcast matched at acquisition (dark)", "why_full": "Sentinel-1 SAR detection, confidence 0.99 \u00b7 length 116 m (industrial scale) \u00b7 classified non-fishing vessel (p=0.02) \u00b7 heading about 112 deg at 0 kn \u00b7 no AIS broadcast matched at acquisition (dark)", "baseline": "", "caveats": "A SAR detection is a radar blip: it has a position and a size, not an identity. | Length, heading and the fishing-vessel class are model estimates, not ground truth. | Dark means no AIS broadcast matched at the acquisition time; without an AIS feed the broadcasting status is unverified, not assumed. | An inspection lead, not proof of illegal activity.", "caveat": "A SAR detection is a radar blip: it has a position and a size, not an identity.", "innocent": "A radar contact with no AIS may be a vessel not required to broadcast, sea clutter, or fixed infrastructure; treat as a lead to confirm."}}, {"type": "Feature", "geometry": {"type": "Point", "coordinates": [-13.824903945922854, 9.253813852646926]}, "properties": {"id": "s1sar__20260620_0088", "kind": "dark_vessel_sar", "mpa": "Sentinel-1 SAR detection", "severity": "low", "severity_reason": "SAR detection matched to an AIS broadcast (identified, broadcasting)", "when": "2026-06-20T19:08:19Z", "score": 0.0, "vessel": "(SAR detection -- no AIS identity)", "ship_name": "", "ship_type": "Vessel", "destination": "", "gear": "Sentinel-1 SAR (our detection)", "flag": "", "flag_emoji": "", "eez": "Guinean Exclusive Economic Zone", "eez_sovereign": "Guinea", "eez_foreign": null, "authorization": "unverifiable", "authorities": "", "iuu_listed": false, "iuu_label": "", "imo": "", "next_port": null, "evidence_hash": "71de3dcffda38aa2a3687954327fe495a21c8243362ab508d06a5cc53b19994f", "evidence_schema": "seavigil-evidence-1.0", "why": "Sentinel-1 SAR detection, confidence 0.99 \u00b7 length 227 m (industrial scale) \u00b7 classified non-fishing vessel (p=0.00) \u00b7 heading about 270 deg at 0 kn \u00b7 matched to an AIS broadcast at acquisition", "why_full": "Sentinel-1 SAR detection, confidence 0.99 \u00b7 length 227 m (industrial scale) \u00b7 classified non-fishing vessel (p=0.00) \u00b7 heading about 270 deg at 0 kn \u00b7 matched to an AIS broadcast at acquisition", "baseline": "", "caveats": "A SAR detection is a radar blip: it has a position and a size, not an identity. | Length, heading and the fishing-vessel class are model estimates, not ground truth. | Dark means no AIS broadcast matched at the acquisition time; without an AIS feed the broadcasting status is unverified, not assumed. | An inspection lead, not proof of illegal activity.", "caveat": "A SAR detection is a radar blip: it has a position and a size, not an identity.", "innocent": "A radar contact with no AIS may be a vessel not required to broadcast, sea clutter, or fixed infrastructure; treat as a lead to confirm."}}, {"type": "Feature", "geometry": {"type": "Point", "coordinates": [-13.790657501220704, 9.2367012774074]}, "properties": {"id": "s1sar__20260620_0089", "kind": "dark_vessel_sar", "mpa": "Sentinel-1 SAR detection", "severity": "low", "severity_reason": "SAR detection matched to an AIS broadcast (identified, broadcasting)", "when": "2026-06-20T19:08:19Z", "score": 0.0, "vessel": "(SAR detection -- no AIS identity)", "ship_name": "", "ship_type": "Vessel", "destination": "", "gear": "Sentinel-1 SAR (our detection)", "flag": "", "flag_emoji": "", "eez": "Guinean Exclusive Economic Zone", "eez_sovereign": "Guinea", "eez_foreign": null, "authorization": "unverifiable", "authorities": "", "iuu_listed": false, "iuu_label": "", "imo": "", "next_port": null, "evidence_hash": "60496888d4de7eb09c3c373b23e46e0eba187f99a3098ada9d4c923243b41ddb", "evidence_schema": "seavigil-evidence-1.0", "why": "Sentinel-1 SAR detection, confidence 0.99 \u00b7 length 183 m (industrial scale) \u00b7 classified non-fishing vessel (p=0.00) \u00b7 heading about 248 deg at 0 kn \u00b7 matched to an AIS broadcast at acquisition", "why_full": "Sentinel-1 SAR detection, confidence 0.99 \u00b7 length 183 m (industrial scale) \u00b7 classified non-fishing vessel (p=0.00) \u00b7 heading about 248 deg at 0 kn \u00b7 matched to an AIS broadcast at acquisition", "baseline": "", "caveats": "A SAR detection is a radar blip: it has a position and a size, not an identity. | Length, heading and the fishing-vessel class are model estimates, not ground truth. | Dark means no AIS broadcast matched at the acquisition time; without an AIS feed the broadcasting status is unverified, not assumed. | An inspection lead, not proof of illegal activity.", "caveat": "A SAR detection is a radar blip: it has a position and a size, not an identity.", "innocent": "A radar contact with no AIS may be a vessel not required to broadcast, sea clutter, or fixed infrastructure; treat as a lead to confirm."}}, {"type": "Feature", "geometry": {"type": "Point", "coordinates": [-13.773062210083008, 9.23678599517488]}, "properties": {"id": "s1sar__20260620_0090", "kind": "dark_vessel_sar", "mpa": "Sentinel-1 SAR detection", "severity": "low", "severity_reason": "SAR detection matched to an AIS broadcast (identified, broadcasting)", "when": "2026-06-20T19:08:19Z", "score": 0.0, "vessel": "(SAR detection -- no AIS identity)", "ship_name": "", "ship_type": "Vessel", "destination": "", "gear": "Sentinel-1 SAR (our detection)", "flag": "", "flag_emoji": "", "eez": "Guinean Exclusive Economic Zone", "eez_sovereign": "Guinea", "eez_foreign": null, "authorization": "unverifiable", "authorities": "", "iuu_listed": false, "iuu_label": "", "imo": "", "next_port": null, "evidence_hash": "9147a3ad70f942937be00eeb120cf97dcc34960bf9fe85a5a802e27dba03ac1a", "evidence_schema": "seavigil-evidence-1.0", "why": "Sentinel-1 SAR detection, confidence 0.99 \u00b7 length 109 m (industrial scale) \u00b7 classified non-fishing vessel (p=0.00) \u00b7 heading about 68 deg at 0 kn \u00b7 matched to an AIS broadcast at acquisition", "why_full": "Sentinel-1 SAR detection, confidence 0.99 \u00b7 length 109 m (industrial scale) \u00b7 classified non-fishing vessel (p=0.00) \u00b7 heading about 68 deg at 0 kn \u00b7 matched to an AIS broadcast at acquisition", "baseline": "", "caveats": "A SAR detection is a radar blip: it has a position and a size, not an identity. | Length, heading and the fishing-vessel class are model estimates, not ground truth. | Dark means no AIS broadcast matched at the acquisition time; without an AIS feed the broadcasting status is unverified, not assumed. | An inspection lead, not proof of illegal activity.", "caveat": "A SAR detection is a radar blip: it has a position and a size, not an identity.", "innocent": "A radar contact with no AIS may be a vessel not required to broadcast, sea clutter, or fixed infrastructure; treat as a lead to confirm."}}, {"type": "Feature", "geometry": {"type": "Point", "coordinates": [-13.808510284423829, 9.265419432357682]}, "properties": {"id": "s1sar__20260620_0091", "kind": "dark_vessel_sar", "mpa": "Sentinel-1 SAR detection", "severity": "low", "severity_reason": "SAR detection matched to an AIS broadcast (identified, broadcasting)", "when": "2026-06-20T19:08:19Z", "score": 0.0, "vessel": "(SAR detection -- no AIS identity)", "ship_name": "", "ship_type": "Vessel", "destination": "", "gear": "Sentinel-1 SAR (our detection)", "flag": "", "flag_emoji": "", "eez": "Guinean Exclusive Economic Zone", "eez_sovereign": "Guinea", "eez_foreign": null, "authorization": "unverifiable", "authorities": "", "iuu_listed": false, "iuu_label": "", "imo": "", "next_port": null, "evidence_hash": "c505b1f7b3e09137588378f88251190a6685ebec72f00ed0d13373e2007d859e", "evidence_schema": "seavigil-evidence-1.0", "why": "Sentinel-1 SAR detection, confidence 0.99 \u00b7 length 210 m (industrial scale) \u00b7 classified non-fishing vessel (p=0.00) \u00b7 heading about 270 deg at 0 kn \u00b7 matched to an AIS broadcast at acquisition", "why_full": "Sentinel-1 SAR detection, confidence 0.99 \u00b7 length 210 m (industrial scale) \u00b7 classified non-fishing vessel (p=0.00) \u00b7 heading about 270 deg at 0 kn \u00b7 matched to an AIS broadcast at acquisition", "baseline": "", "caveats": "A SAR detection is a radar blip: it has a position and a size, not an identity. | Length, heading and the fishing-vessel class are model estimates, not ground truth. | Dark means no AIS broadcast matched at the acquisition time; without an AIS feed the broadcasting status is unverified, not assumed. | An inspection lead, not proof of illegal activity.", "caveat": "A SAR detection is a radar blip: it has a position and a size, not an identity.", "innocent": "A radar contact with no AIS may be a vessel not required to broadcast, sea clutter, or fixed infrastructure; treat as a lead to confirm."}}, {"type": "Feature", "geometry": {"type": "Point", "coordinates": [-13.815119247436524, 9.240598273625304]}, "properties": {"id": "s1sar__20260620_0092", "kind": "dark_vessel_sar", "mpa": "Sentinel-1 SAR detection", "severity": "low", "severity_reason": "SAR detection matched to an AIS broadcast (identified, broadcasting)", "when": "2026-06-20T19:08:19Z", "score": 0.0, "vessel": "(SAR detection -- no AIS identity)", "ship_name": "", "ship_type": "Vessel", "destination": "", "gear": "Sentinel-1 SAR (our detection)", "flag": "", "flag_emoji": "", "eez": "Guinean Exclusive Economic Zone", "eez_sovereign": "Guinea", "eez_foreign": null, "authorization": "unverifiable", "authorities": "", "iuu_listed": false, "iuu_label": "", "imo": "", "next_port": null, "evidence_hash": "0bcab73e1b25b673b8db4f39c785b1091e584b0b96401d07138c0dc9e6bebcd2", "evidence_schema": "seavigil-evidence-1.0", "why": "Sentinel-1 SAR detection, confidence 0.99 \u00b7 length 205 m (industrial scale) \u00b7 classified non-fishing vessel (p=0.00) \u00b7 heading about 68 deg at 0 kn \u00b7 matched to an AIS broadcast at acquisition", "why_full": "Sentinel-1 SAR detection, confidence 0.99 \u00b7 length 205 m (industrial scale) \u00b7 classified non-fishing vessel (p=0.00) \u00b7 heading about 68 deg at 0 kn \u00b7 matched to an AIS broadcast at acquisition", "baseline": "", "caveats": "A SAR detection is a radar blip: it has a position and a size, not an identity. | Length, heading and the fishing-vessel class are model estimates, not ground truth. | Dark means no AIS broadcast matched at the acquisition time; without an AIS feed the broadcasting status is unverified, not assumed. | An inspection lead, not proof of illegal activity.", "caveat": "A SAR detection is a radar blip: it has a position and a size, not an identity.", "innocent": "A radar contact with no AIS may be a vessel not required to broadcast, sea clutter, or fixed infrastructure; treat as a lead to confirm."}}, {"type": "Feature", "geometry": {"type": "Point", "coordinates": [-13.811256866455077, 9.302182019629296]}, "properties": {"id": "s1sar__20260620_0093", "kind": "dark_vessel_sar", "mpa": "Sentinel-1 SAR detection", "severity": "high", "severity_reason": "dark vessel (no AIS broadcast) detected by SAR", "when": "2026-06-20T19:08:19Z", "score": 0.0, "vessel": "(dark -- no AIS identity)", "ship_name": "", "ship_type": "Vessel", "destination": "", "gear": "Sentinel-1 SAR (dark)", "flag": "", "flag_emoji": "", "eez": "Guinean Exclusive Economic Zone", "eez_sovereign": "Guinea", "eez_foreign": null, "authorization": "unverifiable", "authorities": "", "iuu_listed": false, "iuu_label": "", "imo": "", "next_port": null, "evidence_hash": "1e726fbfbb7505ac030c32e2ac39ac65509e6004bf7a5f1a216918bea45cb378", "evidence_schema": "seavigil-evidence-1.0", "why": "Sentinel-1 SAR detection, confidence 0.99 \u00b7 length 192 m (industrial scale) \u00b7 classified non-fishing vessel (p=0.00) \u00b7 heading about 248 deg at 0 kn \u00b7 no AIS broadcast matched at acquisition (dark)", "why_full": "Sentinel-1 SAR detection, confidence 0.99 \u00b7 length 192 m (industrial scale) \u00b7 classified non-fishing vessel (p=0.00) \u00b7 heading about 248 deg at 0 kn \u00b7 no AIS broadcast matched at acquisition (dark)", "baseline": "", "caveats": "A SAR detection is a radar blip: it has a position and a size, not an identity. | Length, heading and the fishing-vessel class are model estimates, not ground truth. | Dark means no AIS broadcast matched at the acquisition time; without an AIS feed the broadcasting status is unverified, not assumed. | An inspection lead, not proof of illegal activity.", "caveat": "A SAR detection is a radar blip: it has a position and a size, not an identity.", "innocent": "A radar contact with no AIS may be a vessel not required to broadcast, sea clutter, or fixed infrastructure; treat as a lead to confirm."}}, {"type": "Feature", "geometry": {"type": "Point", "coordinates": [-13.788597564697266, 9.261607422899097]}, "properties": {"id": "s1sar__20260620_0094", "kind": "dark_vessel_sar", "mpa": "Sentinel-1 SAR detection", "severity": "low", "severity_reason": "SAR detection matched to an AIS broadcast (identified, broadcasting)", "when": "2026-06-20T19:08:19Z", "score": 0.0, "vessel": "(SAR detection -- no AIS identity)", "ship_name": "", "ship_type": "Vessel", "destination": "", "gear": "Sentinel-1 SAR (our detection)", "flag": "", "flag_emoji": "", "eez": "Guinean Exclusive Economic Zone", "eez_sovereign": "Guinea", "eez_foreign": null, "authorization": "unverifiable", "authorities": "", "iuu_listed": false, "iuu_label": "", "imo": "", "next_port": null, "evidence_hash": "61e84731a56cec30051a824f009f846ace90e35857760a50673a7a823e49e341", "evidence_schema": "seavigil-evidence-1.0", "why": "Sentinel-1 SAR detection, confidence 0.99 \u00b7 length 195 m (industrial scale) \u00b7 classified non-fishing vessel (p=0.00) \u00b7 heading about 248 deg at 0 kn \u00b7 matched to an AIS broadcast at acquisition", "why_full": "Sentinel-1 SAR detection, confidence 0.99 \u00b7 length 195 m (industrial scale) \u00b7 classified non-fishing vessel (p=0.00) \u00b7 heading about 248 deg at 0 kn \u00b7 matched to an AIS broadcast at acquisition", "baseline": "", "caveats": "A SAR detection is a radar blip: it has a position and a size, not an identity. | Length, heading and the fishing-vessel class are model estimates, not ground truth. | Dark means no AIS broadcast matched at the acquisition time; without an AIS feed the broadcasting status is unverified, not assumed. | An inspection lead, not proof of illegal activity.", "caveat": "A SAR detection is a radar blip: it has a position and a size, not an identity.", "innocent": "A radar contact with no AIS may be a vessel not required to broadcast, sea clutter, or fixed infrastructure; treat as a lead to confirm."}}, {"type": "Feature", "geometry": {"type": "Point", "coordinates": [-13.753406982421875, 9.27338216305976]}, "properties": {"id": "s1sar__20260620_0095", "kind": "dark_vessel_sar", "mpa": "Sentinel-1 SAR detection", "severity": "high", "severity_reason": "dark vessel (no AIS broadcast) detected by SAR", "when": "2026-06-20T19:08:19Z", "score": 0.0, "vessel": "(dark -- no AIS identity)", "ship_name": "", "ship_type": "Vessel", "destination": "", "gear": "Sentinel-1 SAR (dark)", "flag": "", "flag_emoji": "", "eez": "Guinean Exclusive Economic Zone", "eez_sovereign": "Guinea", "eez_foreign": null, "authorization": "unverifiable", "authorities": "", "iuu_listed": false, "iuu_label": "", "imo": "", "next_port": null, "evidence_hash": "5b9dc5661142d936a847afa0441f1db86d6ce5c75f047da275f243dd626ff24e", "evidence_schema": "seavigil-evidence-1.0", "why": "Sentinel-1 SAR detection, confidence 0.98 \u00b7 length 94 m (industrial scale) \u00b7 classified non-fishing vessel (p=0.00) \u00b7 heading about 68 deg at 0 kn \u00b7 no AIS broadcast matched at acquisition (dark)", "why_full": "Sentinel-1 SAR detection, confidence 0.98 \u00b7 length 94 m (industrial scale) \u00b7 classified non-fishing vessel (p=0.00) \u00b7 heading about 68 deg at 0 kn \u00b7 no AIS broadcast matched at acquisition (dark)", "baseline": "", "caveats": "A SAR detection is a radar blip: it has a position and a size, not an identity. | Length, heading and the fishing-vessel class are model estimates, not ground truth. | Dark means no AIS broadcast matched at the acquisition time; without an AIS feed the broadcasting status is unverified, not assumed. | An inspection lead, not proof of illegal activity.", "caveat": "A SAR detection is a radar blip: it has a position and a size, not an identity.", "innocent": "A radar contact with no AIS may be a vessel not required to broadcast, sea clutter, or fixed infrastructure; treat as a lead to confirm."}}, {"type": "Feature", "geometry": {"type": "Point", "coordinates": [-13.752462844848631, 9.250255860967272]}, "properties": {"id": "s1sar__20260620_0096", "kind": "dark_vessel_sar", "mpa": "Sentinel-1 SAR detection", "severity": "high", "severity_reason": "dark vessel (no AIS broadcast) detected by SAR", "when": "2026-06-20T19:08:19Z", "score": 0.0, "vessel": "(dark -- no AIS identity)", "ship_name": "", "ship_type": "Vessel", "destination": "", "gear": "Sentinel-1 SAR (dark)", "flag": "", "flag_emoji": "", "eez": "Guinean Exclusive Economic Zone", "eez_sovereign": "Guinea", "eez_foreign": null, "authorization": "unverifiable", "authorities": "", "iuu_listed": false, "iuu_label": "", "imo": "", "next_port": null, "evidence_hash": "6032f24b620393b24d6fc99dd545d07b65bf0ae3d7ec0b0588a4e2437d4b326e", "evidence_schema": "seavigil-evidence-1.0", "why": "Sentinel-1 SAR detection, confidence 0.98 \u00b7 length 281 m (industrial scale) \u00b7 classified non-fishing vessel (p=0.00) \u00b7 heading about 270 deg at 0 kn \u00b7 no AIS broadcast matched at acquisition (dark)", "why_full": "Sentinel-1 SAR detection, confidence 0.98 \u00b7 length 281 m (industrial scale) \u00b7 classified non-fishing vessel (p=0.00) \u00b7 heading about 270 deg at 0 kn \u00b7 no AIS broadcast matched at acquisition (dark)", "baseline": "", "caveats": "A SAR detection is a radar blip: it has a position and a size, not an identity. | Length, heading and the fishing-vessel class are model estimates, not ground truth. | Dark means no AIS broadcast matched at the acquisition time; without an AIS feed the broadcasting status is unverified, not assumed. | An inspection lead, not proof of illegal activity.", "caveat": "A SAR detection is a radar blip: it has a position and a size, not an identity.", "innocent": "A radar contact with no AIS may be a vessel not required to broadcast, sea clutter, or fixed infrastructure; treat as a lead to confirm."}}, {"type": "Feature", "geometry": {"type": "Point", "coordinates": [-13.83992431640625, 9.26677480352863]}, "properties": {"id": "s1sar__20260620_0097", "kind": "dark_vessel_sar", "mpa": "Sentinel-1 SAR detection", "severity": "high", "severity_reason": "dark vessel (no AIS broadcast) detected by SAR", "when": "2026-06-20T19:08:19Z", "score": 0.93, "vessel": "(dark -- no AIS identity)", "ship_name": "", "ship_type": "Fishing vessel", "destination": "", "gear": "Sentinel-1 SAR (dark)", "flag": "", "flag_emoji": "", "eez": "Guinean Exclusive Economic Zone", "eez_sovereign": "Guinea", "eez_foreign": null, "authorization": "unverifiable", "authorities": "", "iuu_listed": false, "iuu_label": "", "imo": "", "next_port": null, "evidence_hash": "0abca8676dc160b4bd3a27d0ff818cf25f43e2d64cb380a9135cc058590d93a6", "evidence_schema": "seavigil-evidence-1.0", "why": "Sentinel-1 SAR detection, confidence 0.97 \u00b7 length 28 m (industrial scale) \u00b7 classified fishing vessel (p=0.93) \u00b7 heading about 0 deg at 2 kn \u00b7 no AIS broadcast matched at acquisition (dark)", "why_full": "Sentinel-1 SAR detection, confidence 0.97 \u00b7 length 28 m (industrial scale) \u00b7 classified fishing vessel (p=0.93) \u00b7 heading about 0 deg at 2 kn \u00b7 no AIS broadcast matched at acquisition (dark)", "baseline": "", "caveats": "A SAR detection is a radar blip: it has a position and a size, not an identity. | Length, heading and the fishing-vessel class are model estimates, not ground truth. | Dark means no AIS broadcast matched at the acquisition time; without an AIS feed the broadcasting status is unverified, not assumed. | An inspection lead, not proof of illegal activity.", "caveat": "A SAR detection is a radar blip: it has a position and a size, not an identity.", "innocent": "A radar contact with no AIS may be a vessel not required to broadcast, sea clutter, or fixed infrastructure; treat as a lead to confirm."}}, {"type": "Feature", "geometry": {"type": "Point", "coordinates": [-13.745424728393555, 9.258896635454464]}, "properties": {"id": "s1sar__20260620_0098", "kind": "dark_vessel_sar", "mpa": "Sentinel-1 SAR detection", "severity": "high", "severity_reason": "dark vessel (no AIS broadcast) detected by SAR", "when": "2026-06-20T19:08:19Z", "score": 0.89, "vessel": "(dark -- no AIS identity)", "ship_name": "", "ship_type": "Fishing vessel", "destination": "", "gear": "Sentinel-1 SAR (dark)", "flag": "", "flag_emoji": "", "eez": "Guinean Exclusive Economic Zone", "eez_sovereign": "Guinea", "eez_foreign": null, "authorization": "unverifiable", "authorities": "", "iuu_listed": false, "iuu_label": "", "imo": "", "next_port": null, "evidence_hash": "9a4bd9d24969b6d16f4c67f978008e7cfa98de04053277871eac7b996ac1296e", "evidence_schema": "seavigil-evidence-1.0", "why": "Sentinel-1 SAR detection, confidence 0.89 \u00b7 length 32 m (industrial scale) \u00b7 classified fishing vessel (p=0.89) \u00b7 heading about 0 deg at 1 kn \u00b7 no AIS broadcast matched at acquisition (dark)", "why_full": "Sentinel-1 SAR detection, confidence 0.89 \u00b7 length 32 m (industrial scale) \u00b7 classified fishing vessel (p=0.89) \u00b7 heading about 0 deg at 1 kn \u00b7 no AIS broadcast matched at acquisition (dark)", "baseline": "", "caveats": "A SAR detection is a radar blip: it has a position and a size, not an identity. | Length, heading and the fishing-vessel class are model estimates, not ground truth. | Dark means no AIS broadcast matched at the acquisition time; without an AIS feed the broadcasting status is unverified, not assumed. | An inspection lead, not proof of illegal activity.", "caveat": "A SAR detection is a radar blip: it has a position and a size, not an identity.", "innocent": "A radar contact with no AIS may be a vessel not required to broadcast, sea clutter, or fixed infrastructure; treat as a lead to confirm."}}, {"type": "Feature", "geometry": {"type": "Point", "coordinates": [-13.696072082519532, 9.340719293413915]}, "properties": {"id": "s1sar__20260620_0099", "kind": "dark_vessel_sar", "mpa": "Sentinel-1 SAR detection", "severity": "high", "severity_reason": "dark vessel (no AIS broadcast) detected by SAR", "when": "2026-06-20T19:08:19Z", "score": 0.0, "vessel": "(dark -- no AIS identity)", "ship_name": "", "ship_type": "Vessel", "destination": "", "gear": "Sentinel-1 SAR (dark)", "flag": "", "flag_emoji": "", "eez": "Guinean Exclusive Economic Zone", "eez_sovereign": "Guinea", "eez_foreign": null, "authorization": "unverifiable", "authorities": "", "iuu_listed": false, "iuu_label": "", "imo": "", "next_port": null, "evidence_hash": "d2f4ac83511aa6a63ff20bd84e37cf2c35f37f58fa89150ad928687921049b8c", "evidence_schema": "seavigil-evidence-1.0", "why": "Sentinel-1 SAR detection, confidence 1.00 \u00b7 length 176 m (industrial scale) \u00b7 classified non-fishing vessel (p=0.00) \u00b7 heading about 248 deg at 0 kn \u00b7 no AIS broadcast matched at acquisition (dark)", "why_full": "Sentinel-1 SAR detection, confidence 1.00 \u00b7 length 176 m (industrial scale) \u00b7 classified non-fishing vessel (p=0.00) \u00b7 heading about 248 deg at 0 kn \u00b7 no AIS broadcast matched at acquisition (dark)", "baseline": "", "caveats": "A SAR detection is a radar blip: it has a position and a size, not an identity. | Length, heading and the fishing-vessel class are model estimates, not ground truth. | Dark means no AIS broadcast matched at the acquisition time; without an AIS feed the broadcasting status is unverified, not assumed. | An inspection lead, not proof of illegal activity.", "caveat": "A SAR detection is a radar blip: it has a position and a size, not an identity.", "innocent": "A radar contact with no AIS may be a vessel not required to broadcast, sea clutter, or fixed infrastructure; treat as a lead to confirm."}}, {"type": "Feature", "geometry": {"type": "Point", "coordinates": [-13.668005447387694, 9.30209731764177]}, "properties": {"id": "s1sar__20260620_0100", "kind": "dark_vessel_sar", "mpa": "Sentinel-1 SAR detection", "severity": "high", "severity_reason": "dark vessel (no AIS broadcast) detected by SAR", "when": "2026-06-20T19:08:19Z", "score": 0.01, "vessel": "(dark -- no AIS identity)", "ship_name": "", "ship_type": "Vessel", "destination": "", "gear": "Sentinel-1 SAR (dark)", "flag": "", "flag_emoji": "", "eez": "Guinean Exclusive Economic Zone", "eez_sovereign": "Guinea", "eez_foreign": null, "authorization": "unverifiable", "authorities": "", "iuu_listed": false, "iuu_label": "", "imo": "", "next_port": null, "evidence_hash": "f81d87c85265c811df0028b87a04984878c6e066f6c9406c2763f31c7b904f99", "evidence_schema": "seavigil-evidence-1.0", "why": "Sentinel-1 SAR detection, confidence 1.00 \u00b7 length 109 m (industrial scale) \u00b7 classified non-fishing vessel (p=0.01) \u00b7 heading about 270 deg at 0 kn \u00b7 no AIS broadcast matched at acquisition (dark)", "why_full": "Sentinel-1 SAR detection, confidence 1.00 \u00b7 length 109 m (industrial scale) \u00b7 classified non-fishing vessel (p=0.01) \u00b7 heading about 270 deg at 0 kn \u00b7 no AIS broadcast matched at acquisition (dark)", "baseline": "", "caveats": "A SAR detection is a radar blip: it has a position and a size, not an identity. | Length, heading and the fishing-vessel class are model estimates, not ground truth. | Dark means no AIS broadcast matched at the acquisition time; without an AIS feed the broadcasting status is unverified, not assumed. | An inspection lead, not proof of illegal activity.", "caveat": "A SAR detection is a radar blip: it has a position and a size, not an identity.", "innocent": "A radar contact with no AIS may be a vessel not required to broadcast, sea clutter, or fixed infrastructure; treat as a lead to confirm."}}, {"type": "Feature", "geometry": {"type": "Point", "coordinates": [-13.702766876220702, 9.293203494849552]}, "properties": {"id": "s1sar__20260620_0101", "kind": "dark_vessel_sar", "mpa": "Sentinel-1 SAR detection", "severity": "high", "severity_reason": "dark vessel (no AIS broadcast) detected by SAR", "when": "2026-06-20T19:08:19Z", "score": 0.0, "vessel": "(dark -- no AIS identity)", "ship_name": "", "ship_type": "Vessel", "destination": "", "gear": "Sentinel-1 SAR (dark)", "flag": "", "flag_emoji": "", "eez": "Guinean Exclusive Economic Zone", "eez_sovereign": "Guinea", "eez_foreign": null, "authorization": "unverifiable", "authorities": "", "iuu_listed": false, "iuu_label": "", "imo": "", "next_port": null, "evidence_hash": "0ee8f28b29efb2a02c24572f2a3478a608eab01ce7b894ad8c5a18ecf41625b1", "evidence_schema": "seavigil-evidence-1.0", "why": "Sentinel-1 SAR detection, confidence 0.99 \u00b7 length 138 m (industrial scale) \u00b7 classified non-fishing vessel (p=0.00) \u00b7 heading about 225 deg at 0 kn \u00b7 no AIS broadcast matched at acquisition (dark)", "why_full": "Sentinel-1 SAR detection, confidence 0.99 \u00b7 length 138 m (industrial scale) \u00b7 classified non-fishing vessel (p=0.00) \u00b7 heading about 225 deg at 0 kn \u00b7 no AIS broadcast matched at acquisition (dark)", "baseline": "", "caveats": "A SAR detection is a radar blip: it has a position and a size, not an identity. | Length, heading and the fishing-vessel class are model estimates, not ground truth. | Dark means no AIS broadcast matched at the acquisition time; without an AIS feed the broadcasting status is unverified, not assumed. | An inspection lead, not proof of illegal activity.", "caveat": "A SAR detection is a radar blip: it has a position and a size, not an identity.", "innocent": "A radar contact with no AIS may be a vessel not required to broadcast, sea clutter, or fixed infrastructure; treat as a lead to confirm."}}, {"type": "Feature", "geometry": {"type": "Point", "coordinates": [-13.663542251586916, 9.325474287217888]}, "properties": {"id": "s1sar__20260620_0102", "kind": "dark_vessel_sar", "mpa": "Sentinel-1 SAR detection", "severity": "high", "severity_reason": "dark vessel (no AIS broadcast) detected by SAR", "when": "2026-06-20T19:08:19Z", "score": 0.04, "vessel": "(dark -- no AIS identity)", "ship_name": "", "ship_type": "Vessel", "destination": "", "gear": "Sentinel-1 SAR (dark)", "flag": "", "flag_emoji": "", "eez": "Guinean Exclusive Economic Zone", "eez_sovereign": "Guinea", "eez_foreign": null, "authorization": "unverifiable", "authorities": "", "iuu_listed": false, "iuu_label": "", "imo": "", "next_port": null, "evidence_hash": "b531b521f063384743ef2e006aca23bda6a417b808a5717aa7425a32c3df9505", "evidence_schema": "seavigil-evidence-1.0", "why": "Sentinel-1 SAR detection, confidence 0.98 \u00b7 length 70 m (industrial scale) \u00b7 classified non-fishing vessel (p=0.04) \u00b7 heading about 270 deg at 0 kn \u00b7 no AIS broadcast matched at acquisition (dark)", "why_full": "Sentinel-1 SAR detection, confidence 0.98 \u00b7 length 70 m (industrial scale) \u00b7 classified non-fishing vessel (p=0.04) \u00b7 heading about 270 deg at 0 kn \u00b7 no AIS broadcast matched at acquisition (dark)", "baseline": "", "caveats": "A SAR detection is a radar blip: it has a position and a size, not an identity. | Length, heading and the fishing-vessel class are model estimates, not ground truth. | Dark means no AIS broadcast matched at the acquisition time; without an AIS feed the broadcasting status is unverified, not assumed. | An inspection lead, not proof of illegal activity.", "caveat": "A SAR detection is a radar blip: it has a position and a size, not an identity.", "innocent": "A radar contact with no AIS may be a vessel not required to broadcast, sea clutter, or fixed infrastructure; treat as a lead to confirm."}}, {"type": "Feature", "geometry": {"type": "Point", "coordinates": [-13.71031997680664, 9.334282594338768]}, "properties": {"id": "s1sar__20260620_0103", "kind": "dark_vessel_sar", "mpa": "Sentinel-1 SAR detection", "severity": "high", "severity_reason": "dark vessel (no AIS broadcast) detected by SAR", "when": "2026-06-20T19:08:19Z", "score": 0.95, "vessel": "(dark -- no AIS identity)", "ship_name": "", "ship_type": "Fishing vessel", "destination": "", "gear": "Sentinel-1 SAR (dark)", "flag": "", "flag_emoji": "", "eez": "Guinean Exclusive Economic Zone", "eez_sovereign": "Guinea", "eez_foreign": null, "authorization": "unverifiable", "authorities": "", "iuu_listed": false, "iuu_label": "", "imo": "", "next_port": null, "evidence_hash": "82911bc15a9ab60f9b26de49f711c95c2d0ea82ac7a4be74908ef5201b598abc", "evidence_schema": "seavigil-evidence-1.0", "why": "Sentinel-1 SAR detection, confidence 0.86 \u00b7 length 28 m (industrial scale) \u00b7 classified fishing vessel (p=0.95) \u00b7 heading about 0 deg at 2 kn \u00b7 no AIS broadcast matched at acquisition (dark)", "why_full": "Sentinel-1 SAR detection, confidence 0.86 \u00b7 length 28 m (industrial scale) \u00b7 classified fishing vessel (p=0.95) \u00b7 heading about 0 deg at 2 kn \u00b7 no AIS broadcast matched at acquisition (dark)", "baseline": "", "caveats": "A SAR detection is a radar blip: it has a position and a size, not an identity. | Length, heading and the fishing-vessel class are model estimates, not ground truth. | Dark means no AIS broadcast matched at the acquisition time; without an AIS feed the broadcasting status is unverified, not assumed. | An inspection lead, not proof of illegal activity.", "caveat": "A SAR detection is a radar blip: it has a position and a size, not an identity.", "innocent": "A radar contact with no AIS may be a vessel not required to broadcast, sea clutter, or fixed infrastructure; treat as a lead to confirm."}}]}