{"type": "FeatureCollection", "features": [{"type": "Feature", "geometry": {"type": "Point", "coordinates": [-170.27078374225835, -2.3278249700833338]}, "properties": {"id": "phoenix_islands_protected_area__drifting_longlines_119914759372174_0000", "kind": "ais_fishing_incident", "mpa": "Phoenix Islands Protected Area", "severity": "high", "severity_reason": "strict no-take reserve", "when": "2014-06-04T03:53:41Z", "score": 0.93, "vessel": "drifting_longlines_119914759372174", "ship_name": "", "ship_type": "", "destination": "", "gear": "drifting_longlines", "flag": "", "flag_emoji": "", "eez": "Kiribati Exclusive Economic Zone (Phoenix Group)", "eez_sovereign": "Kiribati", "eez_foreign": null, "authorization": "", "authorities": "", "iuu_listed": false, "iuu_label": "", "imo": "", "next_port": null, "evidence_hash": "8585cabd9e39df6e4fc6e32c101a2c22927f8da565ff65ba790939c4f8b4f09c", "evidence_schema": "seavigil-evidence-1.0", "why": "speed_roll_mean (+0.17) \u00b7 speed (+0.16) \u00b7 distance_from_shore (+0.07)", "why_full": "speed_roll_mean (+0.17) \u00b7 speed (+0.16) \u00b7 distance_from_shore (+0.07) \u00b7 speed_roll_std (+0.04) \u00b7 hour_sin (+0.01)", "baseline": "speed rule (<10.7 kn) flags 100%; agrees here, but the model beats the rule overall (PR-AUC 0.93 vs 0.40)", "caveats": "Apparent fishing inferred from AIS movement, not proven illegal fishing. | AIS-only: blind to vessels not broadcasting AIS (~75% of industrial fishing vessels). | MPA boundary may be approximate; verify against official WDPA limits. | An inspection lead, not courtroom evidence.", "caveat": "Apparent fishing inferred from AIS movement, not proven illegal fishing.", "innocent": "Apparent-fishing movement can also be slow transit or drifting; the model rejects most such cases but not all."}}, {"type": "Feature", "geometry": {"type": "Point", "coordinates": [-171.5093201890486, -2.2080464228423726]}, "properties": {"id": "phoenix_islands_protected_area__drifting_longlines_119914759372174_0001", "kind": "ais_fishing_incident", "mpa": "Phoenix Islands Protected Area", "severity": "high", "severity_reason": "strict no-take reserve", "when": "2014-08-15T06:38:37Z", "score": 0.9, "vessel": "drifting_longlines_119914759372174", "ship_name": "", "ship_type": "", "destination": "", "gear": "drifting_longlines", "flag": "", "flag_emoji": "", "eez": "Kiribati Exclusive Economic Zone (Phoenix Group)", "eez_sovereign": "Kiribati", "eez_foreign": null, "authorization": "", "authorities": "", "iuu_listed": false, "iuu_label": "", "imo": "", "next_port": null, "evidence_hash": "b7276cc7cb6b02360bd58e60facf6a4069cac04be6362917670c759cc3300551", "evidence_schema": "seavigil-evidence-1.0", "why": "speed_roll_mean (+0.15) \u00b7 speed (+0.14) \u00b7 distance_from_shore (+0.08)", "why_full": "speed_roll_mean (+0.15) \u00b7 speed (+0.14) \u00b7 distance_from_shore (+0.08) \u00b7 speed_roll_std (+0.05) \u00b7 abs_course_change (+0.00)", "baseline": "speed rule (<10.7 kn) flags 100%; agrees here, but the model beats the rule overall (PR-AUC 0.93 vs 0.40)", "caveats": "Apparent fishing inferred from AIS movement, not proven illegal fishing. | AIS-only: blind to vessels not broadcasting AIS (~75% of industrial fishing vessels). | MPA boundary may be approximate; verify against official WDPA limits. | An inspection lead, not courtroom evidence.", "caveat": "Apparent fishing inferred from AIS movement, not proven illegal fishing.", "innocent": "Apparent-fishing movement can also be slow transit or drifting; the model rejects most such cases but not all."}}, {"type": "Feature", "geometry": {"type": "Point", "coordinates": [-170.9821891784646, -2.6316301872354164]}, "properties": {"id": "phoenix_islands_protected_area__drifting_longlines_119914759372174_0002", "kind": "ais_fishing_incident", "mpa": "Phoenix Islands Protected Area", "severity": "high", "severity_reason": "strict no-take reserve", "when": "2014-08-19T05:46:11Z", "score": 0.88, "vessel": "drifting_longlines_119914759372174", "ship_name": "", "ship_type": "", "destination": "", "gear": "drifting_longlines", "flag": "", "flag_emoji": "", "eez": "Kiribati Exclusive Economic Zone (Phoenix Group)", "eez_sovereign": "Kiribati", "eez_foreign": null, "authorization": "", "authorities": "", "iuu_listed": false, "iuu_label": "", "imo": "", "next_port": null, "evidence_hash": "94eaed31174756377aa132fb7451a04387e6218ba55d90e94517cfffd7213b62", "evidence_schema": "seavigil-evidence-1.0", "why": "speed_roll_mean (+0.13) \u00b7 speed (+0.13) \u00b7 distance_from_shore (+0.06)", "why_full": "speed_roll_mean (+0.13) \u00b7 speed (+0.13) \u00b7 distance_from_shore (+0.06) \u00b7 speed_roll_std (+0.04) \u00b7 distance_from_port (+0.01)", "baseline": "speed rule (<10.7 kn) flags 100%; agrees here, but the model beats the rule overall (PR-AUC 0.93 vs 0.40)", "caveats": "Apparent fishing inferred from AIS movement, not proven illegal fishing. | AIS-only: blind to vessels not broadcasting AIS (~75% of industrial fishing vessels). | MPA boundary may be approximate; verify against official WDPA limits. | An inspection lead, not courtroom evidence.", "caveat": "Apparent fishing inferred from AIS movement, not proven illegal fishing.", "innocent": "Apparent-fishing movement can also be slow transit or drifting; the model rejects most such cases but not all."}}, {"type": "Feature", "geometry": {"type": "Point", "coordinates": [-172.55792867401297, -2.53959439835998]}, "properties": {"id": "phoenix_islands_protected_area__drifting_longlines_251022003811177_0000", "kind": "ais_fishing_incident", "mpa": "Phoenix Islands Protected Area", "severity": "high", "severity_reason": "strict no-take reserve", "when": "2014-11-27T23:44:50Z", "score": 0.87, "vessel": "drifting_longlines_251022003811177", "ship_name": "", "ship_type": "", "destination": "", "gear": "drifting_longlines", "flag": "", "flag_emoji": "", "eez": "Kiribati Exclusive Economic Zone (Phoenix Group)", "eez_sovereign": "Kiribati", "eez_foreign": null, "authorization": "", "authorities": "", "iuu_listed": false, "iuu_label": "", "imo": "", "next_port": null, "evidence_hash": "511483a826aa8bd52ae94536786fa80014f13ddc814e10c64e8c6ead17ccfece", "evidence_schema": "seavigil-evidence-1.0", "why": "speed_roll_mean (+0.13) \u00b7 speed (+0.11) \u00b7 distance_from_shore (+0.07)", "why_full": "speed_roll_mean (+0.13) \u00b7 speed (+0.11) \u00b7 distance_from_shore (+0.07) \u00b7 speed_roll_std (+0.03) \u00b7 distance_from_port (+0.01)", "baseline": "speed rule (<10.7 kn) flags 100%; agrees here, but the model beats the rule overall (PR-AUC 0.93 vs 0.40)", "caveats": "Apparent fishing inferred from AIS movement, not proven illegal fishing. | AIS-only: blind to vessels not broadcasting AIS (~75% of industrial fishing vessels). | MPA boundary may be approximate; verify against official WDPA limits. | An inspection lead, not courtroom evidence.", "caveat": "Apparent fishing inferred from AIS movement, not proven illegal fishing.", "innocent": "Apparent-fishing movement can also be slow transit or drifting; the model rejects most such cases but not all."}}, {"type": "Feature", "geometry": {"type": "Point", "coordinates": [-173.95038771355516, -3.0938663099]}, "properties": {"id": "phoenix_islands_protected_area__drifting_longlines_251022003811177_0001", "kind": "ais_fishing_incident", "mpa": "Phoenix Islands Protected Area", "severity": "high", "severity_reason": "strict no-take reserve", "when": "2014-12-02T10:19:38Z", "score": 0.87, "vessel": "drifting_longlines_251022003811177", "ship_name": "", "ship_type": "", "destination": "", "gear": "drifting_longlines", "flag": "", "flag_emoji": "", "eez": "Kiribati Exclusive Economic Zone (Phoenix Group)", "eez_sovereign": "Kiribati", "eez_foreign": null, "authorization": "", "authorities": "", "iuu_listed": false, "iuu_label": "", "imo": "", "next_port": null, "evidence_hash": "d9395a8267d6973891c078be67ab6d58abf15c0d4521edde5f2394015fe4e28c", "evidence_schema": "seavigil-evidence-1.0", "why": "speed_roll_mean (+0.14) \u00b7 speed (+0.12) \u00b7 distance_from_shore (+0.06)", "why_full": "speed_roll_mean (+0.14) \u00b7 speed (+0.12) \u00b7 distance_from_shore (+0.06) \u00b7 speed_roll_std (+0.04) \u00b7 distance_from_port (+0.01)", "baseline": "speed rule (<10.7 kn) flags 100%; agrees here, but the model beats the rule overall (PR-AUC 0.93 vs 0.40)", "caveats": "Apparent fishing inferred from AIS movement, not proven illegal fishing. | AIS-only: blind to vessels not broadcasting AIS (~75% of industrial fishing vessels). | MPA boundary may be approximate; verify against official WDPA limits. | An inspection lead, not courtroom evidence.", "caveat": "Apparent fishing inferred from AIS movement, not proven illegal fishing.", "innocent": "Apparent-fishing movement can also be slow transit or drifting; the model rejects most such cases but not all."}}, {"type": "Feature", "geometry": {"type": "Point", "coordinates": [-174.19743078527677, -3.9698569203746485]}, "properties": {"id": "phoenix_islands_protected_area__drifting_longlines_251022003811177_0002", "kind": "ais_fishing_incident", "mpa": "Phoenix Islands Protected Area", "severity": "high", "severity_reason": "strict no-take reserve", "when": "2014-12-02T23:51:10Z", "score": 0.75, "vessel": "drifting_longlines_251022003811177", "ship_name": "", "ship_type": "", "destination": "", "gear": "drifting_longlines", "flag": "", "flag_emoji": "", "eez": "Kiribati Exclusive Economic Zone (Phoenix Group)", "eez_sovereign": "Kiribati", "eez_foreign": null, "authorization": "", "authorities": "", "iuu_listed": false, "iuu_label": "", "imo": "", "next_port": null, "evidence_hash": "64525a83a080a8c29903c3f4fcb0ff49e20af7b496efdda128f872f50d480cb6", "evidence_schema": "seavigil-evidence-1.0", "why": "hour_cos (+0.09) \u00b7 distance_from_port (+0.08) \u00b7 speed_roll_mean (+0.03)", "why_full": "hour_cos (+0.09) \u00b7 distance_from_port (+0.08) \u00b7 speed_roll_mean (+0.03) \u00b7 speed_roll_std (+0.02) \u00b7 hour_sin (+0.01)", "baseline": "speed rule (<10.7 kn) flags 100%; agrees here, but the model beats the rule overall (PR-AUC 0.93 vs 0.40)", "caveats": "Apparent fishing inferred from AIS movement, not proven illegal fishing. | AIS-only: blind to vessels not broadcasting AIS (~75% of industrial fishing vessels). | MPA boundary may be approximate; verify against official WDPA limits. | An inspection lead, not courtroom evidence.", "caveat": "Apparent fishing inferred from AIS movement, not proven illegal fishing.", "innocent": "Apparent-fishing movement can also be slow transit or drifting; the model rejects most such cases but not all."}}, {"type": "Feature", "geometry": {"type": "Point", "coordinates": [-174.24412631988875, -3.9493955224712503]}, "properties": {"id": "phoenix_islands_protected_area__drifting_longlines_251022003811177_0003", "kind": "ais_fishing_incident", "mpa": "Phoenix Islands Protected Area", "severity": "high", "severity_reason": "strict no-take reserve", "when": "2014-12-03T11:06:38Z", "score": 0.92, "vessel": "drifting_longlines_251022003811177", "ship_name": "", "ship_type": "", "destination": "", "gear": "drifting_longlines", "flag": "", "flag_emoji": "", "eez": "Kiribati Exclusive Economic Zone (Phoenix Group)", "eez_sovereign": "Kiribati", "eez_foreign": null, "authorization": "", "authorities": "", "iuu_listed": false, "iuu_label": "", "imo": "", "next_port": null, "evidence_hash": "59ae77f1a0cbab55dff0571dffbb5b36383ac1ec97e6b3aed393413dec96d937", "evidence_schema": "seavigil-evidence-1.0", "why": "speed_roll_mean (+0.18) \u00b7 speed (+0.16) \u00b7 distance_from_shore (+0.03)", "why_full": "speed_roll_mean (+0.18) \u00b7 speed (+0.16) \u00b7 distance_from_shore (+0.03) \u00b7 speed_roll_std (+0.03) \u00b7 hour_sin (+0.01)", "baseline": "speed rule (<10.7 kn) flags 100%; agrees here, but the model beats the rule overall (PR-AUC 0.93 vs 0.40)", "caveats": "Apparent fishing inferred from AIS movement, not proven illegal fishing. | AIS-only: blind to vessels not broadcasting AIS (~75% of industrial fishing vessels). | MPA boundary may be approximate; verify against official WDPA limits. | An inspection lead, not courtroom evidence.", "caveat": "Apparent fishing inferred from AIS movement, not proven illegal fishing.", "innocent": "Apparent-fishing movement can also be slow transit or drifting; the model rejects most such cases but not all."}}, {"type": "Feature", "geometry": {"type": "Point", "coordinates": [-171.02159552618068, -3.627151629249541]}, "properties": {"id": "phoenix_islands_protected_area__drifting_longlines_251022003811177_0004", "kind": "ais_fishing_incident", "mpa": "Phoenix Islands Protected Area", "severity": "high", "severity_reason": "strict no-take reserve", "when": "2014-12-04T17:12:23Z", "score": 0.75, "vessel": "drifting_longlines_251022003811177", "ship_name": "", "ship_type": "", "destination": "", "gear": "drifting_longlines", "flag": "", "flag_emoji": "", "eez": "Kiribati Exclusive Economic Zone (Phoenix Group)", "eez_sovereign": "Kiribati", "eez_foreign": null, "authorization": "", "authorities": "", "iuu_listed": false, "iuu_label": "", "imo": "", "next_port": null, "evidence_hash": "48bc24c5684b2f775360bcfa1d8ca023efd2308bd79f812f0e224df777027685", "evidence_schema": "seavigil-evidence-1.0", "why": "speed_roll_mean (+0.13) \u00b7 speed (+0.12) \u00b7 speed_roll_std (+0.03)", "why_full": "speed_roll_mean (+0.13) \u00b7 speed (+0.12) \u00b7 speed_roll_std (+0.03) \u00b7 distance_from_port (-0.02) \u00b7 hour_cos (-0.01)", "baseline": "speed rule (<10.7 kn) flags 100%; agrees here, but the model beats the rule overall (PR-AUC 0.93 vs 0.40)", "caveats": "Apparent fishing inferred from AIS movement, not proven illegal fishing. | AIS-only: blind to vessels not broadcasting AIS (~75% of industrial fishing vessels). | MPA boundary may be approximate; verify against official WDPA limits. | An inspection lead, not courtroom evidence.", "caveat": "Apparent fishing inferred from AIS movement, not proven illegal fishing.", "innocent": "Apparent-fishing movement can also be slow transit or drifting; the model rejects most such cases but not all."}}, {"type": "Feature", "geometry": {"type": "Point", "coordinates": [-170.20144122579742, -3.263758897784348]}, "properties": {"id": "phoenix_islands_protected_area__drifting_longlines_251022003811177_0005", "kind": "ais_fishing_incident", "mpa": "Phoenix Islands Protected Area", "severity": "high", "severity_reason": "strict no-take reserve", "when": "2014-12-05T09:54:39Z", "score": 0.85, "vessel": "drifting_longlines_251022003811177", "ship_name": "", "ship_type": "", "destination": "", "gear": "drifting_longlines", "flag": "", "flag_emoji": "", "eez": "Kiribati Exclusive Economic Zone (Phoenix Group)", "eez_sovereign": "Kiribati", "eez_foreign": null, "authorization": "", "authorities": "", "iuu_listed": false, "iuu_label": "", "imo": "", "next_port": null, "evidence_hash": "013698f2c7eea56017447b3fc06a1fb090fe2bf5d9577564f95606d8015f2876", "evidence_schema": "seavigil-evidence-1.0", "why": "speed_roll_mean (+0.13) \u00b7 speed (+0.11) \u00b7 distance_from_shore (+0.08)", "why_full": "speed_roll_mean (+0.13) \u00b7 speed (+0.11) \u00b7 distance_from_shore (+0.08) \u00b7 speed_roll_std (+0.03) \u00b7 distance_from_port (-0.01)", "baseline": "speed rule (<10.7 kn) flags 100%; agrees here, but the model beats the rule overall (PR-AUC 0.93 vs 0.40)", "caveats": "Apparent fishing inferred from AIS movement, not proven illegal fishing. | AIS-only: blind to vessels not broadcasting AIS (~75% of industrial fishing vessels). | MPA boundary may be approximate; verify against official WDPA limits. | An inspection lead, not courtroom evidence.", "caveat": "Apparent fishing inferred from AIS movement, not proven illegal fishing.", "innocent": "Apparent-fishing movement can also be slow transit or drifting; the model rejects most such cases but not all."}}, {"type": "Feature", "geometry": {"type": "Point", "coordinates": [-171.0584630966271, -3.4834526081729167]}, "properties": {"id": "phoenix_islands_protected_area__drifting_longlines_251022003811177_0006", "kind": "ais_fishing_incident", "mpa": "Phoenix Islands Protected Area", "severity": "high", "severity_reason": "strict no-take reserve", "when": "2014-12-05T22:31:41Z", "score": 0.95, "vessel": "drifting_longlines_251022003811177", "ship_name": "", "ship_type": "", "destination": "", "gear": "drifting_longlines", "flag": "", "flag_emoji": "", "eez": "Kiribati Exclusive Economic Zone (Phoenix Group)", "eez_sovereign": "Kiribati", "eez_foreign": null, "authorization": "", "authorities": "", "iuu_listed": false, "iuu_label": "", "imo": "", "next_port": null, "evidence_hash": "0b277e3f674a961d95987094b1700cf0d7c49750f76429cc6cae009b1d57e612", "evidence_schema": "seavigil-evidence-1.0", "why": "speed_roll_mean (+0.18) \u00b7 speed (+0.18) \u00b7 distance_from_shore (+0.06)", "why_full": "speed_roll_mean (+0.18) \u00b7 speed (+0.18) \u00b7 distance_from_shore (+0.06) \u00b7 speed_roll_std (+0.02) \u00b7 hour_cos (+0.01)", "baseline": "speed rule (<10.7 kn) flags 100%; agrees here, but the model beats the rule overall (PR-AUC 0.93 vs 0.40)", "caveats": "Apparent fishing inferred from AIS movement, not proven illegal fishing. | AIS-only: blind to vessels not broadcasting AIS (~75% of industrial fishing vessels). | MPA boundary may be approximate; verify against official WDPA limits. | An inspection lead, not courtroom evidence.", "caveat": "Apparent fishing inferred from AIS movement, not proven illegal fishing.", "innocent": "Apparent-fishing movement can also be slow transit or drifting; the model rejects most such cases but not all."}}, {"type": "Feature", "geometry": {"type": "Point", "coordinates": [-170.62585107382176, -3.3527291525441556]}, "properties": {"id": "phoenix_islands_protected_area__drifting_longlines_251022003811177_0007", "kind": "ais_fishing_incident", "mpa": "Phoenix Islands Protected Area", "severity": "high", "severity_reason": "strict no-take reserve", "when": "2014-12-06T10:07:06Z", "score": 0.84, "vessel": "drifting_longlines_251022003811177", "ship_name": "", "ship_type": "", "destination": "", "gear": "drifting_longlines", "flag": "", "flag_emoji": "", "eez": "Kiribati Exclusive Economic Zone (Phoenix Group)", "eez_sovereign": "Kiribati", "eez_foreign": null, "authorization": "", "authorities": "", "iuu_listed": false, "iuu_label": "", "imo": "", "next_port": null, "evidence_hash": "6cb2221a9d988bb9cfb521035480c1c44b7b32d1e2a24aa4ea5c6348eb0c8b7d", "evidence_schema": "seavigil-evidence-1.0", "why": "speed_roll_mean (+0.09) \u00b7 speed (+0.07) \u00b7 hour_cos (+0.05)", "why_full": "speed_roll_mean (+0.09) \u00b7 speed (+0.07) \u00b7 hour_cos (+0.05) \u00b7 distance_from_port (+0.03) \u00b7 distance_from_shore (+0.03)", "baseline": "speed rule (<10.7 kn) flags 100%; agrees here, but the model beats the rule overall (PR-AUC 0.93 vs 0.40)", "caveats": "Apparent fishing inferred from AIS movement, not proven illegal fishing. | AIS-only: blind to vessels not broadcasting AIS (~75% of industrial fishing vessels). | MPA boundary may be approximate; verify against official WDPA limits. | An inspection lead, not courtroom evidence.", "caveat": "Apparent fishing inferred from AIS movement, not proven illegal fishing.", "innocent": "Apparent-fishing movement can also be slow transit or drifting; the model rejects most such cases but not all."}}, {"type": "Feature", "geometry": {"type": "Point", "coordinates": [-170.7581784432357, -3.3793253745251457]}, "properties": {"id": "phoenix_islands_protected_area__drifting_longlines_251022003811177_0008", "kind": "ais_fishing_incident", "mpa": "Phoenix Islands Protected Area", "severity": "high", "severity_reason": "strict no-take reserve", "when": "2014-12-07T09:24:41Z", "score": 0.9, "vessel": "drifting_longlines_251022003811177", "ship_name": "", "ship_type": "", "destination": "", "gear": "drifting_longlines", "flag": "", "flag_emoji": "", "eez": "Kiribati Exclusive Economic Zone (Phoenix Group)", "eez_sovereign": "Kiribati", "eez_foreign": null, "authorization": "", "authorities": "", "iuu_listed": false, "iuu_label": "", "imo": "", "next_port": null, "evidence_hash": "9e6830fe4c776dc37170779b8adc60af535ed1df1f5a4063fbaab7d63278aa02", "evidence_schema": "seavigil-evidence-1.0", "why": "speed_roll_mean (+0.17) \u00b7 speed (+0.15) \u00b7 distance_from_shore (+0.03)", "why_full": "speed_roll_mean (+0.17) \u00b7 speed (+0.15) \u00b7 distance_from_shore (+0.03) \u00b7 speed_roll_std (+0.02) \u00b7 hour_sin (+0.02)", "baseline": "speed rule (<10.7 kn) flags 100%; agrees here, but the model beats the rule overall (PR-AUC 0.93 vs 0.40)", "caveats": "Apparent fishing inferred from AIS movement, not proven illegal fishing. | AIS-only: blind to vessels not broadcasting AIS (~75% of industrial fishing vessels). | MPA boundary may be approximate; verify against official WDPA limits. | An inspection lead, not courtroom evidence.", "caveat": "Apparent fishing inferred from AIS movement, not proven illegal fishing.", "innocent": "Apparent-fishing movement can also be slow transit or drifting; the model rejects most such cases but not all."}}, {"type": "Feature", "geometry": {"type": "Point", "coordinates": [-170.41236549087472, -3.3216298773354436]}, "properties": {"id": "phoenix_islands_protected_area__drifting_longlines_251022003811177_0009", "kind": "ais_fishing_incident", "mpa": "Phoenix Islands Protected Area", "severity": "high", "severity_reason": "strict no-take reserve", "when": "2014-12-07T21:40:47Z", "score": 0.68, "vessel": "drifting_longlines_251022003811177", "ship_name": "", "ship_type": "", "destination": "", "gear": "drifting_longlines", "flag": "", "flag_emoji": "", "eez": "Kiribati Exclusive Economic Zone (Phoenix Group)", "eez_sovereign": "Kiribati", "eez_foreign": null, "authorization": "", "authorities": "", "iuu_listed": false, "iuu_label": "", "imo": "", "next_port": null, "evidence_hash": "34bd7ef6ebb4627803c84aabb30703ed7ec6e302856a542d50a237acc1b4869c", "evidence_schema": "seavigil-evidence-1.0", "why": "hour_cos (+0.07) \u00b7 hour_sin (+0.04) \u00b7 distance_from_port (+0.04)", "why_full": "hour_cos (+0.07) \u00b7 hour_sin (+0.04) \u00b7 distance_from_port (+0.04) \u00b7 distance_from_shore (+0.03) \u00b7 speed_roll_std (+0.02)", "baseline": "speed rule (<10.7 kn) flags 100%; agrees here, but the model beats the rule overall (PR-AUC 0.93 vs 0.40)", "caveats": "Apparent fishing inferred from AIS movement, not proven illegal fishing. | AIS-only: blind to vessels not broadcasting AIS (~75% of industrial fishing vessels). | MPA boundary may be approximate; verify against official WDPA limits. | An inspection lead, not courtroom evidence.", "caveat": "Apparent fishing inferred from AIS movement, not proven illegal fishing.", "innocent": "Apparent-fishing movement can also be slow transit or drifting; the model rejects most such cases but not all."}}, {"type": "Feature", "geometry": {"type": "Point", "coordinates": [-171.03715306112326, -3.482472726747945]}, "properties": {"id": "phoenix_islands_protected_area__drifting_longlines_251022003811177_0010", "kind": "ais_fishing_incident", "mpa": "Phoenix Islands Protected Area", "severity": "high", "severity_reason": "strict no-take reserve", "when": "2014-12-13T06:48:46Z", "score": 0.88, "vessel": "drifting_longlines_251022003811177", "ship_name": "", "ship_type": "", "destination": "", "gear": "drifting_longlines", "flag": "", "flag_emoji": "", "eez": "Kiribati Exclusive Economic Zone (Phoenix Group)", "eez_sovereign": "Kiribati", "eez_foreign": null, "authorization": "", "authorities": "", "iuu_listed": false, "iuu_label": "", "imo": "", "next_port": null, "evidence_hash": "a9540bfe39f805864e6163d4d0e5f1761e0ce63ecf5de15ad437f399c92c1b81", "evidence_schema": "seavigil-evidence-1.0", "why": "speed_roll_mean (+0.16) \u00b7 speed (+0.14) \u00b7 speed_roll_std (+0.04)", "why_full": "speed_roll_mean (+0.16) \u00b7 speed (+0.14) \u00b7 speed_roll_std (+0.04) \u00b7 distance_from_shore (+0.03) \u00b7 hour_cos (+0.01)", "baseline": "speed rule (<10.7 kn) flags 100%; agrees here, but the model beats the rule overall (PR-AUC 0.93 vs 0.40)", "caveats": "Apparent fishing inferred from AIS movement, not proven illegal fishing. | AIS-only: blind to vessels not broadcasting AIS (~75% of industrial fishing vessels). | MPA boundary may be approximate; verify against official WDPA limits. | An inspection lead, not courtroom evidence.", "caveat": "Apparent fishing inferred from AIS movement, not proven illegal fishing.", "innocent": "Apparent-fishing movement can also be slow transit or drifting; the model rejects most such cases but not all."}}, {"type": "Feature", "geometry": {"type": "Point", "coordinates": [-170.25107383728374, -3.4707791745612497]}, "properties": {"id": "phoenix_islands_protected_area__drifting_longlines_251022003811177_0011", "kind": "ais_fishing_incident", "mpa": "Phoenix Islands Protected Area", "severity": "high", "severity_reason": "strict no-take reserve", "when": "2014-12-14T06:56:25Z", "score": 0.92, "vessel": "drifting_longlines_251022003811177", "ship_name": "", "ship_type": "", "destination": "", "gear": "drifting_longlines", "flag": "", "flag_emoji": "", "eez": "Kiribati Exclusive Economic Zone (Phoenix Group)", "eez_sovereign": "Kiribati", "eez_foreign": null, "authorization": "", "authorities": "", "iuu_listed": false, "iuu_label": "", "imo": "", "next_port": null, "evidence_hash": "7d8078abefa430ea7e41dfcfa27d6fb1ee010997bfc5537ff29b1e11eea3e000", "evidence_schema": "seavigil-evidence-1.0", "why": "speed_roll_mean (+0.18) \u00b7 speed (+0.16) \u00b7 distance_from_shore (+0.06)", "why_full": "speed_roll_mean (+0.18) \u00b7 speed (+0.16) \u00b7 distance_from_shore (+0.06) \u00b7 speed_roll_std (+0.03) \u00b7 distance_from_port (-0.02)", "baseline": "speed rule (<10.7 kn) flags 100%; agrees here, but the model beats the rule overall (PR-AUC 0.93 vs 0.40)", "caveats": "Apparent fishing inferred from AIS movement, not proven illegal fishing. | AIS-only: blind to vessels not broadcasting AIS (~75% of industrial fishing vessels). | MPA boundary may be approximate; verify against official WDPA limits. | An inspection lead, not courtroom evidence.", "caveat": "Apparent fishing inferred from AIS movement, not proven illegal fishing.", "innocent": "Apparent-fishing movement can also be slow transit or drifting; the model rejects most such cases but not all."}}, {"type": "Feature", "geometry": {"type": "Point", "coordinates": [-170.16770952597008, -3.466194665296551]}, "properties": {"id": "phoenix_islands_protected_area__drifting_longlines_251022003811177_0012", "kind": "ais_fishing_incident", "mpa": "Phoenix Islands Protected Area", "severity": "high", "severity_reason": "strict no-take reserve", "when": "2014-12-14T19:02:23Z", "score": 0.84, "vessel": "drifting_longlines_251022003811177", "ship_name": "", "ship_type": "", "destination": "", "gear": "drifting_longlines", "flag": "", "flag_emoji": "", "eez": "Kiribati Exclusive Economic Zone (Phoenix Group)", "eez_sovereign": "Kiribati", "eez_foreign": null, "authorization": "", "authorities": "", "iuu_listed": false, "iuu_label": "", "imo": "", "next_port": null, "evidence_hash": "c760b797a5f657d79d3c7ffae2feed6b552a54f4bc6ef2b48da7735a7d2307fc", "evidence_schema": "seavigil-evidence-1.0", "why": "speed_roll_mean (+0.09) \u00b7 speed (+0.07) \u00b7 distance_from_shore (+0.07)", "why_full": "speed_roll_mean (+0.09) \u00b7 speed (+0.07) \u00b7 distance_from_shore (+0.07) \u00b7 hour_sin (+0.04) \u00b7 hour_cos (+0.04)", "baseline": "speed rule (<10.7 kn) flags 100%; agrees here, but the model beats the rule overall (PR-AUC 0.93 vs 0.40)", "caveats": "Apparent fishing inferred from AIS movement, not proven illegal fishing. | AIS-only: blind to vessels not broadcasting AIS (~75% of industrial fishing vessels). | MPA boundary may be approximate; verify against official WDPA limits. | An inspection lead, not courtroom evidence.", "caveat": "Apparent fishing inferred from AIS movement, not proven illegal fishing.", "innocent": "Apparent-fishing movement can also be slow transit or drifting; the model rejects most such cases but not all."}}, {"type": "Feature", "geometry": {"type": "Point", "coordinates": [-170.91491076411427, -3.4748524500408164]}, "properties": {"id": "phoenix_islands_protected_area__drifting_longlines_251022003811177_0013", "kind": "ais_fishing_incident", "mpa": "Phoenix Islands Protected Area", "severity": "high", "severity_reason": "strict no-take reserve", "when": "2014-12-15T06:25:57Z", "score": 0.93, "vessel": "drifting_longlines_251022003811177", "ship_name": "", "ship_type": "", "destination": "", "gear": "drifting_longlines", "flag": "", "flag_emoji": "", "eez": "Kiribati Exclusive Economic Zone (Phoenix Group)", "eez_sovereign": "Kiribati", "eez_foreign": null, "authorization": "", "authorities": "", "iuu_listed": false, "iuu_label": "", "imo": "", "next_port": null, "evidence_hash": "96c2b83744e58c33f66f4677174fb3aa0b90bc1ce58494151117bf271cf585fa", "evidence_schema": "seavigil-evidence-1.0", "why": "speed_roll_mean (+0.18) \u00b7 speed (+0.16) \u00b7 speed_roll_std (+0.04)", "why_full": "speed_roll_mean (+0.18) \u00b7 speed (+0.16) \u00b7 speed_roll_std (+0.04) \u00b7 distance_from_shore (+0.03) \u00b7 hour_cos (+0.01)", "baseline": "speed rule (<10.7 kn) flags 100%; agrees here, but the model beats the rule overall (PR-AUC 0.93 vs 0.40)", "caveats": "Apparent fishing inferred from AIS movement, not proven illegal fishing. | AIS-only: blind to vessels not broadcasting AIS (~75% of industrial fishing vessels). | MPA boundary may be approximate; verify against official WDPA limits. | An inspection lead, not courtroom evidence.", "caveat": "Apparent fishing inferred from AIS movement, not proven illegal fishing.", "innocent": "Apparent-fishing movement can also be slow transit or drifting; the model rejects most such cases but not all."}}, {"type": "Feature", "geometry": {"type": "Point", "coordinates": [-163.4335327148, 28.2245292664]}, "properties": {"id": "papahanaumokuakea_marine_national_monument__drifting_longlines_263392518194890_0000", "kind": "ais_fishing_incident", "mpa": "Papah\u0101naumoku\u0101kea Marine National Monument", "severity": "high", "severity_reason": "strict no-take reserve", "when": "2014-09-30T21:54:30Z", "score": 0.53, "vessel": "drifting_longlines_263392518194890", "ship_name": "", "ship_type": "", "destination": "", "gear": "drifting_longlines", "flag": "", "flag_emoji": "", "eez": "", "eez_sovereign": "", "eez_foreign": null, "authorization": "", "authorities": "", "iuu_listed": false, "iuu_label": "", "imo": "", "next_port": null, "evidence_hash": "84f51bd875a69a0a8d6d88c6ff512b24f97b33913496ebea215450d85d42723d", "evidence_schema": "seavigil-evidence-1.0", "why": "distance_from_shore (+0.12) \u00b7 speed_roll_mean (-0.10) \u00b7 speed (-0.09)", "why_full": "distance_from_shore (+0.12) \u00b7 speed_roll_mean (-0.10) \u00b7 speed (-0.09) \u00b7 distance_from_port (+0.09) \u00b7 speed_roll_std (+0.04)", "baseline": "speed rule (<10.7 kn) flags 100%; agrees here, but the model beats the rule overall (PR-AUC 0.93 vs 0.40)", "caveats": "Apparent fishing inferred from AIS movement, not proven illegal fishing. | AIS-only: blind to vessels not broadcasting AIS (~75% of industrial fishing vessels). | MPA boundary may be approximate; verify against official WDPA limits. | An inspection lead, not courtroom evidence.", "caveat": "Apparent fishing inferred from AIS movement, not proven illegal fishing.", "innocent": "Apparent-fishing movement can also be slow transit or drifting; the model rejects most such cases but not all."}}, {"type": "Feature", "geometry": {"type": "Point", "coordinates": [-171.8642429135912, -4.101628982043554]}, "properties": {"id": "phoenix_islands_protected_area__drifting_longlines_271347251834362_0000", "kind": "ais_fishing_incident", "mpa": "Phoenix Islands Protected Area", "severity": "high", "severity_reason": "strict no-take reserve", "when": "2014-06-06T01:39:29Z", "score": 0.91, "vessel": "drifting_longlines_271347251834362", "ship_name": "", "ship_type": "", "destination": "", "gear": "drifting_longlines", "flag": "", "flag_emoji": "", "eez": "Kiribati Exclusive Economic Zone (Phoenix Group)", "eez_sovereign": "Kiribati", "eez_foreign": null, "authorization": "", "authorities": "", "iuu_listed": false, "iuu_label": "", "imo": "", "next_port": null, "evidence_hash": "0e554cb5825516b48726db3e2ccdabbf988aea6707bbf027f2262885ad740f83", "evidence_schema": "seavigil-evidence-1.0", "why": "speed_roll_mean (+0.15) \u00b7 speed (+0.14) \u00b7 distance_from_shore (+0.08)", "why_full": "speed_roll_mean (+0.15) \u00b7 speed (+0.14) \u00b7 distance_from_shore (+0.08) \u00b7 distance_from_port (+0.02) \u00b7 hour_cos (+0.02)", "baseline": "speed rule (<10.7 kn) flags 100%; agrees here, but the model beats the rule overall (PR-AUC 0.93 vs 0.40)", "caveats": "Apparent fishing inferred from AIS movement, not proven illegal fishing. | AIS-only: blind to vessels not broadcasting AIS (~75% of industrial fishing vessels). | MPA boundary may be approximate; verify against official WDPA limits. | An inspection lead, not courtroom evidence.", "caveat": "Apparent fishing inferred from AIS movement, not proven illegal fishing.", "innocent": "Apparent-fishing movement can also be slow transit or drifting; the model rejects most such cases but not all."}}, {"type": "Feature", "geometry": {"type": "Point", "coordinates": [-171.33610941707934, -3.027000949088098]}, "properties": {"id": "phoenix_islands_protected_area__drifting_longlines_271347251834362_0001", "kind": "ais_fishing_incident", "mpa": "Phoenix Islands Protected Area", "severity": "high", "severity_reason": "strict no-take reserve", "when": "2014-06-21T02:01:39Z", "score": 0.89, "vessel": "drifting_longlines_271347251834362", "ship_name": "", "ship_type": "", "destination": "", "gear": "drifting_longlines", "flag": "", "flag_emoji": "", "eez": "Kiribati Exclusive Economic Zone (Phoenix Group)", "eez_sovereign": "Kiribati", "eez_foreign": null, "authorization": "", "authorities": "", "iuu_listed": false, "iuu_label": "", "imo": "", "next_port": null, "evidence_hash": "5be3d7249836687a3c133674da23a03aa45884c057d2e628a316e93737f32f4c", "evidence_schema": "seavigil-evidence-1.0", "why": "speed_roll_mean (+0.10) \u00b7 speed (+0.09) \u00b7 distance_from_shore (+0.08)", "why_full": "speed_roll_mean (+0.10) \u00b7 speed (+0.09) \u00b7 distance_from_shore (+0.08) \u00b7 distance_from_port (+0.04) \u00b7 hour_cos (+0.03)", "baseline": "speed rule (<10.7 kn) flags 100%; agrees here, but the model beats the rule overall (PR-AUC 0.93 vs 0.40)", "caveats": "Apparent fishing inferred from AIS movement, not proven illegal fishing. | AIS-only: blind to vessels not broadcasting AIS (~75% of industrial fishing vessels). | MPA boundary may be approximate; verify against official WDPA limits. | An inspection lead, not courtroom evidence.", "caveat": "Apparent fishing inferred from AIS movement, not proven illegal fishing.", "innocent": "Apparent-fishing movement can also be slow transit or drifting; the model rejects most such cases but not all."}}, {"type": "Feature", "geometry": {"type": "Point", "coordinates": [-170.0917663574, -4.3643665314]}, "properties": {"id": "phoenix_islands_protected_area__purse_seines_171088031194242_0000", "kind": "ais_fishing_incident", "mpa": "Phoenix Islands Protected Area", "severity": "high", "severity_reason": "strict no-take reserve", "when": "2013-11-28T18:50:55Z", "score": 0.52, "vessel": "purse_seines_171088031194242", "ship_name": "", "ship_type": "", "destination": "", "gear": "purse_seines", "flag": "", "flag_emoji": "", "eez": "Kiribati Exclusive Economic Zone (Phoenix Group)", "eez_sovereign": "Kiribati", "eez_foreign": null, "authorization": "", "authorities": "", "iuu_listed": false, "iuu_label": "", "imo": "", "next_port": null, "evidence_hash": "69ec0064984b1eb9f6367d1e0980536a593956b7172e01c68c133acee7950332", "evidence_schema": "seavigil-evidence-1.0", "why": "distance_from_shore (+0.03) \u00b7 speed (+0.03) \u00b7 distance_from_port (-0.02)", "why_full": "distance_from_shore (+0.03) \u00b7 speed (+0.03) \u00b7 distance_from_port (-0.02) \u00b7 hour_sin (-0.02) \u00b7 hour_cos (-0.02)", "baseline": "speed rule (<10.7 kn) flags 100%; agrees here, but the model beats the rule overall (PR-AUC 0.93 vs 0.40)", "caveats": "Apparent fishing inferred from AIS movement, not proven illegal fishing. | AIS-only: blind to vessels not broadcasting AIS (~75% of industrial fishing vessels). | MPA boundary may be approximate; verify against official WDPA limits. | An inspection lead, not courtroom evidence.", "caveat": "Apparent fishing inferred from AIS movement, not proven illegal fishing.", "innocent": "Apparent-fishing movement can also be slow transit or drifting; the model rejects most such cases but not all."}}, {"type": "Feature", "geometry": {"type": "Point", "coordinates": [-171.9156460969348, -3.476546269404349]}, "properties": {"id": "phoenix_islands_protected_area__purse_seines_178183327397239_0000", "kind": "ais_fishing_incident", "mpa": "Phoenix Islands Protected Area", "severity": "high", "severity_reason": "strict no-take reserve", "when": "2013-11-07T03:03:07Z", "score": 0.67, "vessel": "purse_seines_178183327397239", "ship_name": "", "ship_type": "", "destination": "", "gear": "purse_seines", "flag": "", "flag_emoji": "", "eez": "Kiribati Exclusive Economic Zone (Phoenix Group)", "eez_sovereign": "Kiribati", "eez_foreign": null, "authorization": "", "authorities": "", "iuu_listed": false, "iuu_label": "", "imo": "", "next_port": null, "evidence_hash": "9d8d50c0f96454a365e08e11524046c43022855eee80b1f48986f2c93072fb2b", "evidence_schema": "seavigil-evidence-1.0", "why": "speed (+0.13) \u00b7 speed_roll_mean (+0.11) \u00b7 distance_from_port (-0.04)", "why_full": "speed (+0.13) \u00b7 speed_roll_mean (+0.11) \u00b7 distance_from_port (-0.04) \u00b7 hour_cos (-0.03) \u00b7 hour_sin (-0.03)", "baseline": "speed rule (<10.7 kn) flags 100%; agrees here, but the model beats the rule overall (PR-AUC 0.93 vs 0.40)", "caveats": "Apparent fishing inferred from AIS movement, not proven illegal fishing. | AIS-only: blind to vessels not broadcasting AIS (~75% of industrial fishing vessels). | MPA boundary may be approximate; verify against official WDPA limits. | An inspection lead, not courtroom evidence.", "caveat": "Apparent fishing inferred from AIS movement, not proven illegal fishing.", "innocent": "Apparent-fishing movement can also be slow transit or drifting; the model rejects most such cases but not all."}}, {"type": "Feature", "geometry": {"type": "Point", "coordinates": [-172.74153645836668, -3.3905654748333336]}, "properties": {"id": "phoenix_islands_protected_area__purse_seines_178183327397239_0001", "kind": "ais_fishing_incident", "mpa": "Phoenix Islands Protected Area", "severity": "high", "severity_reason": "strict no-take reserve", "when": "2013-11-11T04:38:02Z", "score": 0.55, "vessel": "purse_seines_178183327397239", "ship_name": "", "ship_type": "", "destination": "", "gear": "purse_seines", "flag": "", "flag_emoji": "", "eez": "Kiribati Exclusive Economic Zone (Phoenix Group)", "eez_sovereign": "Kiribati", "eez_foreign": null, "authorization": "", "authorities": "", "iuu_listed": false, "iuu_label": "", "imo": "", "next_port": null, "evidence_hash": "a127d20da2d2ae4e238e960cd23ea3a2aa781012a9c98fbac8e252dff19dead8", "evidence_schema": "seavigil-evidence-1.0", "why": "speed_roll_mean (-0.08) \u00b7 speed (-0.07) \u00b7 distance_from_shore (+0.06)", "why_full": "speed_roll_mean (-0.08) \u00b7 speed (-0.07) \u00b7 distance_from_shore (+0.06) \u00b7 hour_sin (+0.05) \u00b7 distance_from_port (+0.05)", "baseline": "speed rule (<10.7 kn) flags 100%; agrees here, but the model beats the rule overall (PR-AUC 0.93 vs 0.40)", "caveats": "Apparent fishing inferred from AIS movement, not proven illegal fishing. | AIS-only: blind to vessels not broadcasting AIS (~75% of industrial fishing vessels). | MPA boundary may be approximate; verify against official WDPA limits. | An inspection lead, not courtroom evidence.", "caveat": "Apparent fishing inferred from AIS movement, not proven illegal fishing.", "innocent": "Apparent-fishing movement can also be slow transit or drifting; the model rejects most such cases but not all."}}, {"type": "Feature", "geometry": {"type": "Point", "coordinates": [-172.86592610676666, -3.3177766601333327]}, "properties": {"id": "phoenix_islands_protected_area__purse_seines_178183327397239_0002", "kind": "ais_fishing_incident", "mpa": "Phoenix Islands Protected Area", "severity": "high", "severity_reason": "strict no-take reserve", "when": "2013-11-11T11:07:33Z", "score": 0.59, "vessel": "purse_seines_178183327397239", "ship_name": "", "ship_type": "", "destination": "", "gear": "purse_seines", "flag": "", "flag_emoji": "", "eez": "Kiribati Exclusive Economic Zone (Phoenix Group)", "eez_sovereign": "Kiribati", "eez_foreign": null, "authorization": "", "authorities": "", "iuu_listed": false, "iuu_label": "", "imo": "", "next_port": null, "evidence_hash": "13caf34f3d0962ec690acbe1ee27b6eae4658407787879b2ada97c4b8889b0c0", "evidence_schema": "seavigil-evidence-1.0", "why": "speed_roll_std (+0.07) \u00b7 speed (+0.06) \u00b7 speed_roll_mean (+0.05)", "why_full": "speed_roll_std (+0.07) \u00b7 speed (+0.06) \u00b7 speed_roll_mean (+0.05) \u00b7 hour_cos (-0.04) \u00b7 distance_from_port (-0.02)", "baseline": "speed rule (<10.7 kn) flags 100%; agrees here, but the model beats the rule overall (PR-AUC 0.93 vs 0.40)", "caveats": "Apparent fishing inferred from AIS movement, not proven illegal fishing. | AIS-only: blind to vessels not broadcasting AIS (~75% of industrial fishing vessels). | MPA boundary may be approximate; verify against official WDPA limits. | An inspection lead, not courtroom evidence.", "caveat": "Apparent fishing inferred from AIS movement, not proven illegal fishing.", "innocent": "Apparent-fishing movement can also be slow transit or drifting; the model rejects most such cases but not all."}}, {"type": "Feature", "geometry": {"type": "Point", "coordinates": [-172.77184956867669, -3.371568131449999]}, "properties": {"id": "phoenix_islands_protected_area__purse_seines_178183327397239_0003", "kind": "ais_fishing_incident", "mpa": "Phoenix Islands Protected Area", "severity": "high", "severity_reason": "strict no-take reserve", "when": "2013-11-11T21:23:25Z", "score": 0.7, "vessel": "purse_seines_178183327397239", "ship_name": "", "ship_type": "", "destination": "", "gear": "purse_seines", "flag": "", "flag_emoji": "", "eez": "Kiribati Exclusive Economic Zone (Phoenix Group)", "eez_sovereign": "Kiribati", "eez_foreign": null, "authorization": "", "authorities": "", "iuu_listed": false, "iuu_label": "", "imo": "", "next_port": null, "evidence_hash": "1e988ec0877a1aa9cfff943e4468789ffbad30e9fa97a163d3895f04b618dcb0", "evidence_schema": "seavigil-evidence-1.0", "why": "speed_roll_mean (+0.07) \u00b7 speed_roll_std (+0.06) \u00b7 speed (+0.05)", "why_full": "speed_roll_mean (+0.07) \u00b7 speed_roll_std (+0.06) \u00b7 speed (+0.05) \u00b7 distance_from_shore (+0.04) \u00b7 distance_from_port (-0.03)", "baseline": "speed rule (<10.7 kn) flags 100%; agrees here, but the model beats the rule overall (PR-AUC 0.93 vs 0.40)", "caveats": "Apparent fishing inferred from AIS movement, not proven illegal fishing. | AIS-only: blind to vessels not broadcasting AIS (~75% of industrial fishing vessels). | MPA boundary may be approximate; verify against official WDPA limits. | An inspection lead, not courtroom evidence.", "caveat": "Apparent fishing inferred from AIS movement, not proven illegal fishing.", "innocent": "Apparent-fishing movement can also be slow transit or drifting; the model rejects most such cases but not all."}}, {"type": "Feature", "geometry": {"type": "Point", "coordinates": [148.92999267578125, -10.62]}, "properties": {"id": "sar__great_barrier_reef_marine_park_0000", "kind": "dark_vessel_sar", "mpa": "Great Barrier Reef Marine Park", "severity": "low", "severity_reason": "multi-use protected area", "when": "2024-01-01T08:29:59Z", "score": null, "vessel": "(dark -- no AIS identity)", "ship_name": "", "ship_type": "", "destination": "", "gear": "SAR (dark)", "flag": "", "flag_emoji": "", "eez": "Papua New Guinean Exclusive Economic Zone", "eez_sovereign": "Papua New Guinea", "eez_foreign": null, "authorization": "", "authorities": "", "iuu_listed": false, "iuu_label": "", "imo": "", "next_port": null, "evidence_hash": "5f8817bb70cb4ca619f3f9cbc5dcc74c48db3129772b35c61979493478ff403c", "evidence_schema": "seavigil-evidence-1.0", "why": "inside MPA: Great Barrier Reef Marine Park \u00b7 not broadcasting AIS (dark vessel) \u00b7 satellite detections in window: 6", "why_full": "inside MPA: Great Barrier Reef Marine Park \u00b7 not broadcasting AIS (dark vessel) \u00b7 satellite detections in window: 6", "baseline": "", "caveats": "Dark vessel: detected by satellite SAR but not broadcasting AIS. | Not SHAP-explainable -- a SAR detection has no movement track to attribute. | length_m and fishing_score are GFW model estimates from imagery, not ground truth. | MPA boundary may be approximate; verify against official WDPA limits. | An inspection lead, not courtroom evidence.", "caveat": "Dark vessel: detected by satellite SAR but not broadcasting AIS.", "innocent": "A radar contact with no AIS may be a vessel not required to broadcast, sea clutter, or fixed infrastructure; treat as a lead to confirm."}}, {"type": "Feature", "geometry": {"type": "Point", "coordinates": [151.50999450683594, -23.9]}, "properties": {"id": "sar__great_barrier_reef_marine_park_0001", "kind": "dark_vessel_sar", "mpa": "Great Barrier Reef Marine Park", "severity": "low", "severity_reason": "multi-use protected area", "when": "2024-01-01T08:29:59Z", "score": null, "vessel": "(dark -- no AIS identity)", "ship_name": "", "ship_type": "", "destination": "", "gear": "SAR (dark)", "flag": "", "flag_emoji": "", "eez": "Australian Exclusive Economic Zone", "eez_sovereign": "Australia", "eez_foreign": null, "authorization": "", "authorities": "", "iuu_listed": false, "iuu_label": "", "imo": "", "next_port": null, "evidence_hash": "45a7c2cbfcc73f1d7dc2fc19c40efa4d7bfca8ea9dc9b06109e60f29a880a17a", "evidence_schema": "seavigil-evidence-1.0", "why": "inside MPA: Great Barrier Reef Marine Park \u00b7 not broadcasting AIS (dark vessel) \u00b7 satellite detections in window: 6", "why_full": "inside MPA: Great Barrier Reef Marine Park \u00b7 not broadcasting AIS (dark vessel) \u00b7 satellite detections in window: 6", "baseline": "", "caveats": "Dark vessel: detected by satellite SAR but not broadcasting AIS. | Not SHAP-explainable -- a SAR detection has no movement track to attribute. | length_m and fishing_score are GFW model estimates from imagery, not ground truth. | MPA boundary may be approximate; verify against official WDPA limits. | An inspection lead, not courtroom evidence.", "caveat": "Dark vessel: detected by satellite SAR but not broadcasting AIS.", "innocent": "A radar contact with no AIS may be a vessel not required to broadcast, sea clutter, or fixed infrastructure; treat as a lead to confirm."}}, {"type": "Feature", "geometry": {"type": "Point", "coordinates": [150.5, -22.42]}, "properties": {"id": "sar__great_barrier_reef_marine_park_0002", "kind": "dark_vessel_sar", "mpa": "Great Barrier Reef Marine Park", "severity": "low", "severity_reason": "multi-use protected area", "when": "2024-01-01T08:29:59Z", "score": null, "vessel": "(dark -- no AIS identity)", "ship_name": "", "ship_type": "", "destination": "", "gear": "SAR (dark)", "flag": "", "flag_emoji": "", "eez": "Australian Exclusive Economic Zone", "eez_sovereign": "Australia", "eez_foreign": null, "authorization": "", "authorities": "", "iuu_listed": false, "iuu_label": "", "imo": "", "next_port": null, "evidence_hash": "128d3eb53d5085f5ef7f786d7fe9a0c9d0fef5d1084bc6a29446a60ac7c7b960", "evidence_schema": "seavigil-evidence-1.0", "why": "inside MPA: Great Barrier Reef Marine Park \u00b7 not broadcasting AIS (dark vessel) \u00b7 satellite detections in window: 5", "why_full": "inside MPA: Great Barrier Reef Marine Park \u00b7 not broadcasting AIS (dark vessel) \u00b7 satellite detections in window: 5", "baseline": "", "caveats": "Dark vessel: detected by satellite SAR but not broadcasting AIS. | Not SHAP-explainable -- a SAR detection has no movement track to attribute. | length_m and fishing_score are GFW model estimates from imagery, not ground truth. | MPA boundary may be approximate; verify against official WDPA limits. | An inspection lead, not courtroom evidence.", "caveat": "Dark vessel: detected by satellite SAR but not broadcasting AIS.", "innocent": "A radar contact with no AIS may be a vessel not required to broadcast, sea clutter, or fixed infrastructure; treat as a lead to confirm."}}, {"type": "Feature", "geometry": {"type": "Point", "coordinates": [151.2100067138672, -23.8]}, "properties": {"id": "sar__great_barrier_reef_marine_park_0003", "kind": "dark_vessel_sar", "mpa": "Great Barrier Reef Marine Park", "severity": "low", "severity_reason": "multi-use protected area", "when": "2024-01-01T08:29:59Z", "score": null, "vessel": "(dark -- no AIS identity)", "ship_name": "", "ship_type": "", "destination": "", "gear": "SAR (dark)", "flag": "", "flag_emoji": "", "eez": "Australian Exclusive Economic Zone", "eez_sovereign": "Australia", "eez_foreign": null, "authorization": "", "authorities": "", "iuu_listed": false, "iuu_label": "", "imo": "", "next_port": null, "evidence_hash": "a07514c449961f4d341d483f5738f4a29805fc9c1c88408b59a274146e8a36a1", "evidence_schema": "seavigil-evidence-1.0", "why": "inside MPA: Great Barrier Reef Marine Park \u00b7 not broadcasting AIS (dark vessel) \u00b7 satellite detections in window: 5", "why_full": "inside MPA: Great Barrier Reef Marine Park \u00b7 not broadcasting AIS (dark vessel) \u00b7 satellite detections in window: 5", "baseline": "", "caveats": "Dark vessel: detected by satellite SAR but not broadcasting AIS. | Not SHAP-explainable -- a SAR detection has no movement track to attribute. | length_m and fishing_score are GFW model estimates from imagery, not ground truth. | MPA boundary may be approximate; verify against official WDPA limits. | An inspection lead, not courtroom evidence.", "caveat": "Dark vessel: detected by satellite SAR but not broadcasting AIS.", "innocent": "A radar contact with no AIS may be a vessel not required to broadcast, sea clutter, or fixed infrastructure; treat as a lead to confirm."}}, {"type": "Feature", "geometry": {"type": "Point", "coordinates": [148.0800018310547, -19.71]}, "properties": {"id": "sar__great_barrier_reef_marine_park_0004", "kind": "dark_vessel_sar", "mpa": "Great Barrier Reef Marine Park", "severity": "low", "severity_reason": "multi-use protected area", "when": "2024-01-01T08:29:59Z", "score": null, "vessel": "(dark -- no AIS identity)", "ship_name": "", "ship_type": "", "destination": "", "gear": "SAR (dark)", "flag": "", "flag_emoji": "", "eez": "Australian Exclusive Economic Zone", "eez_sovereign": "Australia", "eez_foreign": null, "authorization": "", "authorities": "", "iuu_listed": false, "iuu_label": "", "imo": "", "next_port": null, "evidence_hash": "9296eb9be7303e4825de79ccc134ffc4dae0226c0e281c19888fe7784a2e1451", "evidence_schema": "seavigil-evidence-1.0", "why": "inside MPA: Great Barrier Reef Marine Park \u00b7 not broadcasting AIS (dark vessel) \u00b7 satellite detections in window: 4", "why_full": "inside MPA: Great Barrier Reef Marine Park \u00b7 not broadcasting AIS (dark vessel) \u00b7 satellite detections in window: 4", "baseline": "", "caveats": "Dark vessel: detected by satellite SAR but not broadcasting AIS. | Not SHAP-explainable -- a SAR detection has no movement track to attribute. | length_m and fishing_score are GFW model estimates from imagery, not ground truth. | MPA boundary may be approximate; verify against official WDPA limits. | An inspection lead, not courtroom evidence.", "caveat": "Dark vessel: detected by satellite SAR but not broadcasting AIS.", "innocent": "A radar contact with no AIS may be a vessel not required to broadcast, sea clutter, or fixed infrastructure; treat as a lead to confirm."}}, {"type": "Feature", "geometry": {"type": "Point", "coordinates": [150.32000732421875, -22.2]}, "properties": {"id": "sar__great_barrier_reef_marine_park_0005", "kind": "dark_vessel_sar", "mpa": "Great Barrier Reef Marine Park", "severity": "low", "severity_reason": "multi-use protected area", "when": "2024-01-01T08:29:59Z", "score": null, "vessel": "(dark -- no AIS identity)", "ship_name": "", "ship_type": "", "destination": "", "gear": "SAR (dark)", "flag": "", "flag_emoji": "", "eez": "Australian Exclusive Economic Zone", "eez_sovereign": "Australia", "eez_foreign": null, "authorization": "", "authorities": "", "iuu_listed": false, "iuu_label": "", "imo": "", "next_port": null, "evidence_hash": "75bcbddc1aabc83518034b9836f30b52bd789ea8d0d9d77572024a0afa619104", "evidence_schema": "seavigil-evidence-1.0", "why": "inside MPA: Great Barrier Reef Marine Park \u00b7 not broadcasting AIS (dark vessel) \u00b7 satellite detections in window: 4", "why_full": "inside MPA: Great Barrier Reef Marine Park \u00b7 not broadcasting AIS (dark vessel) \u00b7 satellite detections in window: 4", "baseline": "", "caveats": "Dark vessel: detected by satellite SAR but not broadcasting AIS. | Not SHAP-explainable -- a SAR detection has no movement track to attribute. | length_m and fishing_score are GFW model estimates from imagery, not ground truth. | MPA boundary may be approximate; verify against official WDPA limits. | An inspection lead, not courtroom evidence.", "caveat": "Dark vessel: detected by satellite SAR but not broadcasting AIS.", "innocent": "A radar contact with no AIS may be a vessel not required to broadcast, sea clutter, or fixed infrastructure; treat as a lead to confirm."}}, {"type": "Feature", "geometry": {"type": "Point", "coordinates": [146.86000061035156, -19.2]}, "properties": {"id": "sar__great_barrier_reef_marine_park_0006", "kind": "dark_vessel_sar", "mpa": "Great Barrier Reef Marine Park", "severity": "low", "severity_reason": "multi-use protected area", "when": "2024-01-01T08:29:59Z", "score": null, "vessel": "(dark -- no AIS identity)", "ship_name": "", "ship_type": "", "destination": "", "gear": "SAR (dark)", "flag": "", "flag_emoji": "", "eez": "Australian Exclusive Economic Zone", "eez_sovereign": "Australia", "eez_foreign": null, "authorization": "", "authorities": "", "iuu_listed": false, "iuu_label": "", "imo": "", "next_port": null, "evidence_hash": "60d408369d52bf1de56667dae5da00e9829dc492553c7d4892cc09810e75f141", "evidence_schema": "seavigil-evidence-1.0", "why": "inside MPA: Great Barrier Reef Marine Park \u00b7 not broadcasting AIS (dark vessel) \u00b7 satellite detections in window: 4", "why_full": "inside MPA: Great Barrier Reef Marine Park \u00b7 not broadcasting AIS (dark vessel) \u00b7 satellite detections in window: 4", "baseline": "", "caveats": "Dark vessel: detected by satellite SAR but not broadcasting AIS. | Not SHAP-explainable -- a SAR detection has no movement track to attribute. | length_m and fishing_score are GFW model estimates from imagery, not ground truth. | MPA boundary may be approximate; verify against official WDPA limits. | An inspection lead, not courtroom evidence.", "caveat": "Dark vessel: detected by satellite SAR but not broadcasting AIS.", "innocent": "A radar contact with no AIS may be a vessel not required to broadcast, sea clutter, or fixed infrastructure; treat as a lead to confirm."}}, {"type": "Feature", "geometry": {"type": "Point", "coordinates": [146.74000549316406, -16.67]}, "properties": {"id": "sar__great_barrier_reef_marine_park_0007", "kind": "dark_vessel_sar", "mpa": "Great Barrier Reef Marine Park", "severity": "low", "severity_reason": "multi-use protected area", "when": "2024-01-01T08:29:59Z", "score": null, "vessel": "(dark -- no AIS identity)", "ship_name": "", "ship_type": "", "destination": "", "gear": "SAR (dark)", "flag": "", "flag_emoji": "", "eez": "Australian Exclusive Economic Zone", "eez_sovereign": "Australia", "eez_foreign": null, "authorization": "", "authorities": "", "iuu_listed": false, "iuu_label": "", "imo": "", "next_port": null, "evidence_hash": "c2f01d3b60cf9a25b1c20f4eef2eae9c2ac999d5fc2de3a5c5cdfcaa315bc0ee", "evidence_schema": "seavigil-evidence-1.0", "why": "inside MPA: Great Barrier Reef Marine Park \u00b7 not broadcasting AIS (dark vessel) \u00b7 satellite detections in window: 3", "why_full": "inside MPA: Great Barrier Reef Marine Park \u00b7 not broadcasting AIS (dark vessel) \u00b7 satellite detections in window: 3", "baseline": "", "caveats": "Dark vessel: detected by satellite SAR but not broadcasting AIS. | Not SHAP-explainable -- a SAR detection has no movement track to attribute. | length_m and fishing_score are GFW model estimates from imagery, not ground truth. | MPA boundary may be approximate; verify against official WDPA limits. | An inspection lead, not courtroom evidence.", "caveat": "Dark vessel: detected by satellite SAR but not broadcasting AIS.", "innocent": "A radar contact with no AIS may be a vessel not required to broadcast, sea clutter, or fixed infrastructure; treat as a lead to confirm."}}, {"type": "Feature", "geometry": {"type": "Point", "coordinates": [151.41000366210938, -23.91]}, "properties": {"id": "sar__great_barrier_reef_marine_park_0008", "kind": "dark_vessel_sar", "mpa": "Great Barrier Reef Marine Park", "severity": "low", "severity_reason": "multi-use protected area", "when": "2024-01-01T08:29:59Z", "score": null, "vessel": "(dark -- no AIS identity)", "ship_name": "", "ship_type": "", "destination": "", "gear": "SAR (dark)", "flag": "", "flag_emoji": "", "eez": "Australian Exclusive Economic Zone", "eez_sovereign": "Australia", "eez_foreign": null, "authorization": "", "authorities": "", "iuu_listed": false, "iuu_label": "", "imo": "", "next_port": null, "evidence_hash": "af1e08f3f15ebae8b5f7b1b9b61764b499fc69726fe1bb1b1fcb46e235e73045", "evidence_schema": "seavigil-evidence-1.0", "why": "inside MPA: Great Barrier Reef Marine Park \u00b7 not broadcasting AIS (dark vessel) \u00b7 satellite detections in window: 3", "why_full": "inside MPA: Great Barrier Reef Marine Park \u00b7 not broadcasting AIS (dark vessel) \u00b7 satellite detections in window: 3", "baseline": "", "caveats": "Dark vessel: detected by satellite SAR but not broadcasting AIS. | Not SHAP-explainable -- a SAR detection has no movement track to attribute. | length_m and fishing_score are GFW model estimates from imagery, not ground truth. | MPA boundary may be approximate; verify against official WDPA limits. | An inspection lead, not courtroom evidence.", "caveat": "Dark vessel: detected by satellite SAR but not broadcasting AIS.", "innocent": "A radar contact with no AIS may be a vessel not required to broadcast, sea clutter, or fixed infrastructure; treat as a lead to confirm."}}, {"type": "Feature", "geometry": {"type": "Point", "coordinates": [151.47000122070312, -23.93]}, "properties": {"id": "sar__great_barrier_reef_marine_park_0009", "kind": "dark_vessel_sar", "mpa": "Great Barrier Reef Marine Park", "severity": "low", "severity_reason": "multi-use protected area", "when": "2024-01-01T08:29:59Z", "score": null, "vessel": "(dark -- no AIS identity)", "ship_name": "", "ship_type": "", "destination": "", "gear": "SAR (dark)", "flag": "", "flag_emoji": "", "eez": "Australian Exclusive Economic Zone", "eez_sovereign": "Australia", "eez_foreign": null, "authorization": "", "authorities": "", "iuu_listed": false, "iuu_label": "", "imo": "", "next_port": null, "evidence_hash": "ffa88232635ae433d5b0b7758faba5a86024c3161f97ee98a24211b409bd98d2", "evidence_schema": "seavigil-evidence-1.0", "why": "inside MPA: Great Barrier Reef Marine Park \u00b7 not broadcasting AIS (dark vessel) \u00b7 satellite detections in window: 3", "why_full": "inside MPA: Great Barrier Reef Marine Park \u00b7 not broadcasting AIS (dark vessel) \u00b7 satellite detections in window: 3", "baseline": "", "caveats": "Dark vessel: detected by satellite SAR but not broadcasting AIS. | Not SHAP-explainable -- a SAR detection has no movement track to attribute. | length_m and fishing_score are GFW model estimates from imagery, not ground truth. | MPA boundary may be approximate; verify against official WDPA limits. | An inspection lead, not courtroom evidence.", "caveat": "Dark vessel: detected by satellite SAR but not broadcasting AIS.", "innocent": "A radar contact with no AIS may be a vessel not required to broadcast, sea clutter, or fixed infrastructure; treat as a lead to confirm."}}, {"type": "Feature", "geometry": {"type": "Point", "coordinates": [146.16000366210938, -17.57]}, "properties": {"id": "sar__great_barrier_reef_marine_park_0010", "kind": "dark_vessel_sar", "mpa": "Great Barrier Reef Marine Park", "severity": "low", "severity_reason": "multi-use protected area", "when": "2024-01-01T08:29:59Z", "score": null, "vessel": "(dark -- no AIS identity)", "ship_name": "", "ship_type": "", "destination": "", "gear": "SAR (dark)", "flag": "", "flag_emoji": "", "eez": "Australian Exclusive Economic Zone", "eez_sovereign": "Australia", "eez_foreign": null, "authorization": "", "authorities": "", "iuu_listed": false, "iuu_label": "", "imo": "", "next_port": null, "evidence_hash": "bd35cc951164a4604b1dc350b384b1f59de853baa7096d482cf267d8892b8c76", "evidence_schema": "seavigil-evidence-1.0", "why": "inside MPA: Great Barrier Reef Marine Park \u00b7 not broadcasting AIS (dark vessel) \u00b7 satellite detections in window: 3", "why_full": "inside MPA: Great Barrier Reef Marine Park \u00b7 not broadcasting AIS (dark vessel) \u00b7 satellite detections in window: 3", "baseline": "", "caveats": "Dark vessel: detected by satellite SAR but not broadcasting AIS. | Not SHAP-explainable -- a SAR detection has no movement track to attribute. | length_m and fishing_score are GFW model estimates from imagery, not ground truth. | MPA boundary may be approximate; verify against official WDPA limits. | An inspection lead, not courtroom evidence.", "caveat": "Dark vessel: detected by satellite SAR but not broadcasting AIS.", "innocent": "A radar contact with no AIS may be a vessel not required to broadcast, sea clutter, or fixed infrastructure; treat as a lead to confirm."}}, {"type": "Feature", "geometry": {"type": "Point", "coordinates": [146.07000732421875, -18.29]}, "properties": {"id": "sar__great_barrier_reef_marine_park_0011", "kind": "dark_vessel_sar", "mpa": "Great Barrier Reef Marine Park", "severity": "low", "severity_reason": "multi-use protected area", "when": "2024-01-01T08:29:59Z", "score": null, "vessel": "(dark -- no AIS identity)", "ship_name": "", "ship_type": "", "destination": "", "gear": "SAR (dark)", "flag": "", "flag_emoji": "", "eez": "Australian Exclusive Economic Zone", "eez_sovereign": "Australia", "eez_foreign": null, "authorization": "", "authorities": "", "iuu_listed": false, "iuu_label": "", "imo": "", "next_port": null, "evidence_hash": "4d8f9666fd4634890d97db3f7ca9ffe0c1c70fae03a2616951340dc7afb79070", "evidence_schema": "seavigil-evidence-1.0", "why": "inside MPA: Great Barrier Reef Marine Park \u00b7 not broadcasting AIS (dark vessel) \u00b7 satellite detections in window: 3", "why_full": "inside MPA: Great Barrier Reef Marine Park \u00b7 not broadcasting AIS (dark vessel) \u00b7 satellite detections in window: 3", "baseline": "", "caveats": "Dark vessel: detected by satellite SAR but not broadcasting AIS. | Not SHAP-explainable -- a SAR detection has no movement track to attribute. | length_m and fishing_score are GFW model estimates from imagery, not ground truth. | MPA boundary may be approximate; verify against official WDPA limits. | An inspection lead, not courtroom evidence.", "caveat": "Dark vessel: detected by satellite SAR but not broadcasting AIS.", "innocent": "A radar contact with no AIS may be a vessel not required to broadcast, sea clutter, or fixed infrastructure; treat as a lead to confirm."}}, {"type": "Feature", "geometry": {"type": "Point", "coordinates": [146.86000061035156, -19.21]}, "properties": {"id": "sar__great_barrier_reef_marine_park_0012", "kind": "dark_vessel_sar", "mpa": "Great Barrier Reef Marine Park", "severity": "low", "severity_reason": "multi-use protected area", "when": "2024-01-01T08:29:59Z", "score": null, "vessel": "(dark -- no AIS identity)", "ship_name": "", "ship_type": "", "destination": "", "gear": "SAR (dark)", "flag": "", "flag_emoji": "", "eez": "Australian Exclusive Economic Zone", "eez_sovereign": "Australia", "eez_foreign": null, "authorization": "", "authorities": "", "iuu_listed": false, "iuu_label": "", "imo": "", "next_port": null, "evidence_hash": "6c7d34bf000329f25dcc983e4baa710dcf37dab19812cccdd86a31438cf2bc21", "evidence_schema": "seavigil-evidence-1.0", "why": "inside MPA: Great Barrier Reef Marine Park \u00b7 not broadcasting AIS (dark vessel) \u00b7 satellite detections in window: 3", "why_full": "inside MPA: Great Barrier Reef Marine Park \u00b7 not broadcasting AIS (dark vessel) \u00b7 satellite detections in window: 3", "baseline": "", "caveats": "Dark vessel: detected by satellite SAR but not broadcasting AIS. | Not SHAP-explainable -- a SAR detection has no movement track to attribute. | length_m and fishing_score are GFW model estimates from imagery, not ground truth. | MPA boundary may be approximate; verify against official WDPA limits. | An inspection lead, not courtroom evidence.", "caveat": "Dark vessel: detected by satellite SAR but not broadcasting AIS.", "innocent": "A radar contact with no AIS may be a vessel not required to broadcast, sea clutter, or fixed infrastructure; treat as a lead to confirm."}}, {"type": "Feature", "geometry": {"type": "Point", "coordinates": [148.05999755859375, -19.58]}, "properties": {"id": "sar__great_barrier_reef_marine_park_0013", "kind": "dark_vessel_sar", "mpa": "Great Barrier Reef Marine Park", "severity": "low", "severity_reason": "multi-use protected area", "when": "2024-01-01T08:29:59Z", "score": null, "vessel": "(dark -- no AIS identity)", "ship_name": "", "ship_type": "", "destination": "", "gear": "SAR (dark)", "flag": "", "flag_emoji": "", "eez": "Australian Exclusive Economic Zone", "eez_sovereign": "Australia", "eez_foreign": null, "authorization": "", "authorities": "", "iuu_listed": false, "iuu_label": "", "imo": "", "next_port": null, "evidence_hash": "5aa5d67d01239fd2af1d03f770bd2f183dd5909b7767073a8b4f24c18c4c1260", "evidence_schema": "seavigil-evidence-1.0", "why": "inside MPA: Great Barrier Reef Marine Park \u00b7 not broadcasting AIS (dark vessel) \u00b7 satellite detections in window: 3", "why_full": "inside MPA: Great Barrier Reef Marine Park \u00b7 not broadcasting AIS (dark vessel) \u00b7 satellite detections in window: 3", "baseline": "", "caveats": "Dark vessel: detected by satellite SAR but not broadcasting AIS. | Not SHAP-explainable -- a SAR detection has no movement track to attribute. | length_m and fishing_score are GFW model estimates from imagery, not ground truth. | MPA boundary may be approximate; verify against official WDPA limits. | An inspection lead, not courtroom evidence.", "caveat": "Dark vessel: detected by satellite SAR but not broadcasting AIS.", "innocent": "A radar contact with no AIS may be a vessel not required to broadcast, sea clutter, or fixed infrastructure; treat as a lead to confirm."}}, {"type": "Feature", "geometry": {"type": "Point", "coordinates": [149.58999633789062, -22.23]}, "properties": {"id": "sar__great_barrier_reef_marine_park_0014", "kind": "dark_vessel_sar", "mpa": "Great Barrier Reef Marine Park", "severity": "low", "severity_reason": "multi-use protected area", "when": "2024-01-01T08:29:59Z", "score": null, "vessel": "(dark -- no AIS identity)", "ship_name": "", "ship_type": "", "destination": "", "gear": "SAR (dark)", "flag": "", "flag_emoji": "", "eez": "Australian Exclusive Economic Zone", "eez_sovereign": "Australia", "eez_foreign": null, "authorization": "", "authorities": "", "iuu_listed": false, "iuu_label": "", "imo": "", "next_port": null, "evidence_hash": "9db386de539fa0b785ea53612e2c9107e5eef95b162e2a40e0d1499e0fd07456", "evidence_schema": "seavigil-evidence-1.0", "why": "inside MPA: Great Barrier Reef Marine Park \u00b7 not broadcasting AIS (dark vessel) \u00b7 satellite detections in window: 3", "why_full": "inside MPA: Great Barrier Reef Marine Park \u00b7 not broadcasting AIS (dark vessel) \u00b7 satellite detections in window: 3", "baseline": "", "caveats": "Dark vessel: detected by satellite SAR but not broadcasting AIS. | Not SHAP-explainable -- a SAR detection has no movement track to attribute. | length_m and fishing_score are GFW model estimates from imagery, not ground truth. | MPA boundary may be approximate; verify against official WDPA limits. | An inspection lead, not courtroom evidence.", "caveat": "Dark vessel: detected by satellite SAR but not broadcasting AIS.", "innocent": "A radar contact with no AIS may be a vessel not required to broadcast, sea clutter, or fixed infrastructure; treat as a lead to confirm."}}, {"type": "Feature", "geometry": {"type": "Point", "coordinates": [150.0, -22.04]}, "properties": {"id": "sar__great_barrier_reef_marine_park_0015", "kind": "dark_vessel_sar", "mpa": "Great Barrier Reef Marine Park", "severity": "low", "severity_reason": "multi-use protected area", "when": "2024-01-01T08:29:59Z", "score": null, "vessel": "(dark -- no AIS identity)", "ship_name": "", "ship_type": "", "destination": "", "gear": "SAR (dark)", "flag": "", "flag_emoji": "", "eez": "Australian Exclusive Economic Zone", "eez_sovereign": "Australia", "eez_foreign": null, "authorization": "", "authorities": "", "iuu_listed": false, "iuu_label": "", "imo": "", "next_port": null, "evidence_hash": "4894f422bcd7af24e9826d1811173173e3d96ec1e80f42a9adda804a09180753", "evidence_schema": "seavigil-evidence-1.0", "why": "inside MPA: Great Barrier Reef Marine Park \u00b7 not broadcasting AIS (dark vessel) \u00b7 satellite detections in window: 3", "why_full": "inside MPA: Great Barrier Reef Marine Park \u00b7 not broadcasting AIS (dark vessel) \u00b7 satellite detections in window: 3", "baseline": "", "caveats": "Dark vessel: detected by satellite SAR but not broadcasting AIS. | Not SHAP-explainable -- a SAR detection has no movement track to attribute. | length_m and fishing_score are GFW model estimates from imagery, not ground truth. | MPA boundary may be approximate; verify against official WDPA limits. | An inspection lead, not courtroom evidence.", "caveat": "Dark vessel: detected by satellite SAR but not broadcasting AIS.", "innocent": "A radar contact with no AIS may be a vessel not required to broadcast, sea clutter, or fixed infrastructure; treat as a lead to confirm."}}, {"type": "Feature", "geometry": {"type": "Point", "coordinates": [147.0500030517578, -17.07]}, "properties": {"id": "sar__great_barrier_reef_marine_park_0016", "kind": "dark_vessel_sar", "mpa": "Great Barrier Reef Marine Park", "severity": "low", "severity_reason": "multi-use protected area", "when": "2024-01-01T08:29:59Z", "score": null, "vessel": "(dark -- no AIS identity)", "ship_name": "", "ship_type": "", "destination": "", "gear": "SAR (dark)", "flag": "", "flag_emoji": "", "eez": "Australian Exclusive Economic Zone", "eez_sovereign": "Australia", "eez_foreign": null, "authorization": "", "authorities": "", "iuu_listed": false, "iuu_label": "", "imo": "", "next_port": null, "evidence_hash": "93f3932936c9a10f8f4b56eec138b6728f219c615e12668f9060233e31159d51", "evidence_schema": "seavigil-evidence-1.0", "why": "inside MPA: Great Barrier Reef Marine Park \u00b7 not broadcasting AIS (dark vessel) \u00b7 satellite detections in window: 3", "why_full": "inside MPA: Great Barrier Reef Marine Park \u00b7 not broadcasting AIS (dark vessel) \u00b7 satellite detections in window: 3", "baseline": "", "caveats": "Dark vessel: detected by satellite SAR but not broadcasting AIS. | Not SHAP-explainable -- a SAR detection has no movement track to attribute. | length_m and fishing_score are GFW model estimates from imagery, not ground truth. | MPA boundary may be approximate; verify against official WDPA limits. | An inspection lead, not courtroom evidence.", "caveat": "Dark vessel: detected by satellite SAR but not broadcasting AIS.", "innocent": "A radar contact with no AIS may be a vessel not required to broadcast, sea clutter, or fixed infrastructure; treat as a lead to confirm."}}, {"type": "Feature", "geometry": {"type": "Point", "coordinates": [149.4499969482422, -21.2]}, "properties": {"id": "sar__great_barrier_reef_marine_park_0017", "kind": "dark_vessel_sar", "mpa": "Great Barrier Reef Marine Park", "severity": "low", "severity_reason": "multi-use protected area", "when": "2024-02-23T19:28:52Z", "score": null, "vessel": "(dark -- no AIS identity)", "ship_name": "", "ship_type": "", "destination": "", "gear": "SAR (dark)", "flag": "", "flag_emoji": "", "eez": "Australian Exclusive Economic Zone", "eez_sovereign": "Australia", "eez_foreign": null, "authorization": "", "authorities": "", "iuu_listed": false, "iuu_label": "", "imo": "", "next_port": null, "evidence_hash": "d14007c2a8fcc4a1051c42461a6716430c1e7125b98afbe92f68c95470ecf693", "evidence_schema": "seavigil-evidence-1.0", "why": "inside MPA: Great Barrier Reef Marine Park \u00b7 not broadcasting AIS (dark vessel) \u00b7 satellite detections in window: 3", "why_full": "inside MPA: Great Barrier Reef Marine Park \u00b7 not broadcasting AIS (dark vessel) \u00b7 satellite detections in window: 3", "baseline": "", "caveats": "Dark vessel: detected by satellite SAR but not broadcasting AIS. | Not SHAP-explainable -- a SAR detection has no movement track to attribute. | length_m and fishing_score are GFW model estimates from imagery, not ground truth. | MPA boundary may be approximate; verify against official WDPA limits. | An inspection lead, not courtroom evidence.", "caveat": "Dark vessel: detected by satellite SAR but not broadcasting AIS.", "innocent": "A radar contact with no AIS may be a vessel not required to broadcast, sea clutter, or fixed infrastructure; treat as a lead to confirm."}}, {"type": "Feature", "geometry": {"type": "Point", "coordinates": [149.99000549316406, -21.05]}, "properties": {"id": "sar__great_barrier_reef_marine_park_0018", "kind": "dark_vessel_sar", "mpa": "Great Barrier Reef Marine Park", "severity": "low", "severity_reason": "multi-use protected area", "when": "2024-01-01T08:29:59Z", "score": null, "vessel": "(dark -- no AIS identity)", "ship_name": "", "ship_type": "", "destination": "", "gear": "SAR (dark)", "flag": "", "flag_emoji": "", "eez": "Australian Exclusive Economic Zone", "eez_sovereign": "Australia", "eez_foreign": null, "authorization": "", "authorities": "", "iuu_listed": false, "iuu_label": "", "imo": "", "next_port": null, "evidence_hash": "1a5d22d06cf0d251fb23c6d4ef29cf12805e3f85f5532d5bf55c8d283fca9cf4", "evidence_schema": "seavigil-evidence-1.0", "why": "inside MPA: Great Barrier Reef Marine Park \u00b7 not broadcasting AIS (dark vessel) \u00b7 satellite detections in window: 3", "why_full": "inside MPA: Great Barrier Reef Marine Park \u00b7 not broadcasting AIS (dark vessel) \u00b7 satellite detections in window: 3", "baseline": "", "caveats": "Dark vessel: detected by satellite SAR but not broadcasting AIS. | Not SHAP-explainable -- a SAR detection has no movement track to attribute. | length_m and fishing_score are GFW model estimates from imagery, not ground truth. | MPA boundary may be approximate; verify against official WDPA limits. | An inspection lead, not courtroom evidence.", "caveat": "Dark vessel: detected by satellite SAR but not broadcasting AIS.", "innocent": "A radar contact with no AIS may be a vessel not required to broadcast, sea clutter, or fixed infrastructure; treat as a lead to confirm."}}, {"type": "Feature", "geometry": {"type": "Point", "coordinates": [146.86000061035156, -17.55]}, "properties": {"id": "sar__great_barrier_reef_marine_park_0019", "kind": "dark_vessel_sar", "mpa": "Great Barrier Reef Marine Park", "severity": "low", "severity_reason": "multi-use protected area", "when": "2024-01-01T08:29:59Z", "score": null, "vessel": "(dark -- no AIS identity)", "ship_name": "", "ship_type": "", "destination": "", "gear": "SAR (dark)", "flag": "", "flag_emoji": "", "eez": "Australian Exclusive Economic Zone", "eez_sovereign": "Australia", "eez_foreign": null, "authorization": "", "authorities": "", "iuu_listed": false, "iuu_label": "", "imo": "", "next_port": null, "evidence_hash": "58ab89fac19fede3d433668f1bb36d0d5f70df5388e1d82ca929bfb9a21dc44c", "evidence_schema": "seavigil-evidence-1.0", "why": "inside MPA: Great Barrier Reef Marine Park \u00b7 not broadcasting AIS (dark vessel) \u00b7 satellite detections in window: 3", "why_full": "inside MPA: Great Barrier Reef Marine Park \u00b7 not broadcasting AIS (dark vessel) \u00b7 satellite detections in window: 3", "baseline": "", "caveats": "Dark vessel: detected by satellite SAR but not broadcasting AIS. | Not SHAP-explainable -- a SAR detection has no movement track to attribute. | length_m and fishing_score are GFW model estimates from imagery, not ground truth. | MPA boundary may be approximate; verify against official WDPA limits. | An inspection lead, not courtroom evidence.", "caveat": "Dark vessel: detected by satellite SAR but not broadcasting AIS.", "innocent": "A radar contact with no AIS may be a vessel not required to broadcast, sea clutter, or fixed infrastructure; treat as a lead to confirm."}}, {"type": "Feature", "geometry": {"type": "Point", "coordinates": [146.02999877929688, -17.34]}, "properties": {"id": "sar__great_barrier_reef_marine_park_0020", "kind": "dark_vessel_sar", "mpa": "Great Barrier Reef Marine Park", "severity": "low", "severity_reason": "multi-use protected area", "when": "2024-01-01T08:29:59Z", "score": null, "vessel": "(dark -- no AIS identity)", "ship_name": "", "ship_type": "", "destination": "", "gear": "SAR (dark)", "flag": "", "flag_emoji": "", "eez": "Australian Exclusive Economic Zone", "eez_sovereign": "Australia", "eez_foreign": null, "authorization": "", "authorities": "", "iuu_listed": false, "iuu_label": "", "imo": "", "next_port": null, "evidence_hash": "b1aa65ea07cc136ea045a2dcef0c798100f7694abc7b21ca19d729268d385343", "evidence_schema": "seavigil-evidence-1.0", "why": "inside MPA: Great Barrier Reef Marine Park \u00b7 not broadcasting AIS (dark vessel) \u00b7 satellite detections in window: 3", "why_full": "inside MPA: Great Barrier Reef Marine Park \u00b7 not broadcasting AIS (dark vessel) \u00b7 satellite detections in window: 3", "baseline": "", "caveats": "Dark vessel: detected by satellite SAR but not broadcasting AIS. | Not SHAP-explainable -- a SAR detection has no movement track to attribute. | length_m and fishing_score are GFW model estimates from imagery, not ground truth. | MPA boundary may be approximate; verify against official WDPA limits. | An inspection lead, not courtroom evidence.", "caveat": "Dark vessel: detected by satellite SAR but not broadcasting AIS.", "innocent": "A radar contact with no AIS may be a vessel not required to broadcast, sea clutter, or fixed infrastructure; treat as a lead to confirm."}}, {"type": "Feature", "geometry": {"type": "Point", "coordinates": [145.49000549316406, -16.4]}, "properties": {"id": "sar__great_barrier_reef_marine_park_0021", "kind": "dark_vessel_sar", "mpa": "Great Barrier Reef Marine Park", "severity": "low", "severity_reason": "multi-use protected area", "when": "2024-01-01T08:29:59Z", "score": null, "vessel": "(dark -- no AIS identity)", "ship_name": "", "ship_type": "", "destination": "", "gear": "SAR (dark)", "flag": "", "flag_emoji": "", "eez": "Australian Exclusive Economic Zone", "eez_sovereign": "Australia", "eez_foreign": null, "authorization": "", "authorities": "", "iuu_listed": false, "iuu_label": "", "imo": "", "next_port": null, "evidence_hash": "c4a50a2ec894383be682f582f8cbd9eb86813897684f7052517b916514ad125c", "evidence_schema": "seavigil-evidence-1.0", "why": "inside MPA: Great Barrier Reef Marine Park \u00b7 not broadcasting AIS (dark vessel) \u00b7 satellite detections in window: 3", "why_full": "inside MPA: Great Barrier Reef Marine Park \u00b7 not broadcasting AIS (dark vessel) \u00b7 satellite detections in window: 3", "baseline": "", "caveats": "Dark vessel: detected by satellite SAR but not broadcasting AIS. | Not SHAP-explainable -- a SAR detection has no movement track to attribute. | length_m and fishing_score are GFW model estimates from imagery, not ground truth. | MPA boundary may be approximate; verify against official WDPA limits. | An inspection lead, not courtroom evidence.", "caveat": "Dark vessel: detected by satellite SAR but not broadcasting AIS.", "innocent": "A radar contact with no AIS may be a vessel not required to broadcast, sea clutter, or fixed infrastructure; treat as a lead to confirm."}}, {"type": "Feature", "geometry": {"type": "Point", "coordinates": [146.77999877929688, -17.36]}, "properties": {"id": "sar__great_barrier_reef_marine_park_0022", "kind": "dark_vessel_sar", "mpa": "Great Barrier Reef Marine Park", "severity": "low", "severity_reason": "multi-use protected area", "when": "2024-01-01T08:29:59Z", "score": null, "vessel": "(dark -- no AIS identity)", "ship_name": "", "ship_type": "", "destination": "", "gear": "SAR (dark)", "flag": "", "flag_emoji": "", "eez": "Australian Exclusive Economic Zone", "eez_sovereign": "Australia", "eez_foreign": null, "authorization": "", "authorities": "", "iuu_listed": false, "iuu_label": "", "imo": "", "next_port": null, "evidence_hash": "2d0cc8f6932923ba96ed261c429541fe6d6af7391840ba667bee3ea0d2941f31", "evidence_schema": "seavigil-evidence-1.0", "why": "inside MPA: Great Barrier Reef Marine Park \u00b7 not broadcasting AIS (dark vessel) \u00b7 satellite detections in window: 3", "why_full": "inside MPA: Great Barrier Reef Marine Park \u00b7 not broadcasting AIS (dark vessel) \u00b7 satellite detections in window: 3", "baseline": "", "caveats": "Dark vessel: detected by satellite SAR but not broadcasting AIS. | Not SHAP-explainable -- a SAR detection has no movement track to attribute. | length_m and fishing_score are GFW model estimates from imagery, not ground truth. | MPA boundary may be approximate; verify against official WDPA limits. | An inspection lead, not courtroom evidence.", "caveat": "Dark vessel: detected by satellite SAR but not broadcasting AIS.", "innocent": "A radar contact with no AIS may be a vessel not required to broadcast, sea clutter, or fixed infrastructure; treat as a lead to confirm."}}, {"type": "Feature", "geometry": {"type": "Point", "coordinates": [150.69000244140625, -21.49]}, "properties": {"id": "sar__great_barrier_reef_marine_park_0023", "kind": "dark_vessel_sar", "mpa": "Great Barrier Reef Marine Park", "severity": "low", "severity_reason": "multi-use protected area", "when": "2024-01-01T08:29:59Z", "score": null, "vessel": "(dark -- no AIS identity)", "ship_name": "", "ship_type": "", "destination": "", "gear": "SAR (dark)", "flag": "", "flag_emoji": "", "eez": "Australian Exclusive Economic Zone", "eez_sovereign": "Australia", "eez_foreign": null, "authorization": "", "authorities": "", "iuu_listed": false, "iuu_label": "", "imo": "", "next_port": null, "evidence_hash": "fe7bb33410335635846648f65b466e400381e84a9c0217416b13eaef937a7e30", "evidence_schema": "seavigil-evidence-1.0", "why": "inside MPA: Great Barrier Reef Marine Park \u00b7 not broadcasting AIS (dark vessel) \u00b7 satellite detections in window: 3", "why_full": "inside MPA: Great Barrier Reef Marine Park \u00b7 not broadcasting AIS (dark vessel) \u00b7 satellite detections in window: 3", "baseline": "", "caveats": "Dark vessel: detected by satellite SAR but not broadcasting AIS. | Not SHAP-explainable -- a SAR detection has no movement track to attribute. | length_m and fishing_score are GFW model estimates from imagery, not ground truth. | MPA boundary may be approximate; verify against official WDPA limits. | An inspection lead, not courtroom evidence.", "caveat": "Dark vessel: detected by satellite SAR but not broadcasting AIS.", "innocent": "A radar contact with no AIS may be a vessel not required to broadcast, sea clutter, or fixed infrastructure; treat as a lead to confirm."}}, {"type": "Feature", "geometry": {"type": "Point", "coordinates": [149.61000061035156, -22.25]}, "properties": {"id": "sar__great_barrier_reef_marine_park_0024", "kind": "dark_vessel_sar", "mpa": "Great Barrier Reef Marine Park", "severity": "low", "severity_reason": "multi-use protected area", "when": "2024-01-01T08:29:59Z", "score": null, "vessel": "(dark -- no AIS identity)", "ship_name": "", "ship_type": "", "destination": "", "gear": "SAR (dark)", "flag": "", "flag_emoji": "", "eez": "Australian Exclusive Economic Zone", "eez_sovereign": "Australia", "eez_foreign": null, "authorization": "", "authorities": "", "iuu_listed": false, "iuu_label": "", "imo": "", "next_port": null, "evidence_hash": "f3b90579b67803049eed98f7783c2bdd5eecde1fb8a2df547ee2274cc01605ca", "evidence_schema": "seavigil-evidence-1.0", "why": "inside MPA: Great Barrier Reef Marine Park \u00b7 not broadcasting AIS (dark vessel) \u00b7 satellite detections in window: 3", "why_full": "inside MPA: Great Barrier Reef Marine Park \u00b7 not broadcasting AIS (dark vessel) \u00b7 satellite detections in window: 3", "baseline": "", "caveats": "Dark vessel: detected by satellite SAR but not broadcasting AIS. | Not SHAP-explainable -- a SAR detection has no movement track to attribute. | length_m and fishing_score are GFW model estimates from imagery, not ground truth. | MPA boundary may be approximate; verify against official WDPA limits. | An inspection lead, not courtroom evidence.", "caveat": "Dark vessel: detected by satellite SAR but not broadcasting AIS.", "innocent": "A radar contact with no AIS may be a vessel not required to broadcast, sea clutter, or fixed infrastructure; treat as a lead to confirm."}}, {"type": "Feature", "geometry": {"type": "Point", "coordinates": [149.41000366210938, -21.13]}, "properties": {"id": "sar__great_barrier_reef_marine_park_0025", "kind": "dark_vessel_sar", "mpa": "Great Barrier Reef Marine Park", "severity": "low", "severity_reason": "multi-use protected area", "when": "2024-01-01T08:29:59Z", "score": null, "vessel": "(dark -- no AIS identity)", "ship_name": "", "ship_type": "", "destination": "", "gear": "SAR (dark)", "flag": "", "flag_emoji": "", "eez": "Australian Exclusive Economic Zone", "eez_sovereign": "Australia", "eez_foreign": null, "authorization": "", "authorities": "", "iuu_listed": false, "iuu_label": "", "imo": "", "next_port": null, "evidence_hash": "5e11ce27581581b5a9a5fbb86495890f4d30695829729f1e1edb1ade4caf7190", "evidence_schema": "seavigil-evidence-1.0", "why": "inside MPA: Great Barrier Reef Marine Park \u00b7 not broadcasting AIS (dark vessel) \u00b7 satellite detections in window: 3", "why_full": "inside MPA: Great Barrier Reef Marine Park \u00b7 not broadcasting AIS (dark vessel) \u00b7 satellite detections in window: 3", "baseline": "", "caveats": "Dark vessel: detected by satellite SAR but not broadcasting AIS. | Not SHAP-explainable -- a SAR detection has no movement track to attribute. | length_m and fishing_score are GFW model estimates from imagery, not ground truth. | MPA boundary may be approximate; verify against official WDPA limits. | An inspection lead, not courtroom evidence.", "caveat": "Dark vessel: detected by satellite SAR but not broadcasting AIS.", "innocent": "A radar contact with no AIS may be a vessel not required to broadcast, sea clutter, or fixed infrastructure; treat as a lead to confirm."}}, {"type": "Feature", "geometry": {"type": "Point", "coordinates": [-90.26000213623047, -0.38]}, "properties": {"id": "sar__galapagos_marine_reserve_0000", "kind": "dark_vessel_sar", "mpa": "Gal\u00e1pagos Marine Reserve", "severity": "high", "severity_reason": "no-take / national-park protection", "when": "2024-01-02T11:42:31Z", "score": null, "vessel": "(dark -- no AIS identity)", "ship_name": "", "ship_type": "", "destination": "", "gear": "SAR (dark)", "flag": "", "flag_emoji": "", "eez": "Ecuadorian Exclusive Economic Zone (Galapagos)", "eez_sovereign": "Ecuador", "eez_foreign": null, "authorization": "", "authorities": "", "iuu_listed": false, "iuu_label": "", "imo": "", "next_port": null, "evidence_hash": "7522604c5a21d1b028f110e3625a94f5aa7d044a0f9f4f5ae0593e96d403ed0d", "evidence_schema": "seavigil-evidence-1.0", "why": "inside MPA: Gal\u00e1pagos Marine Reserve \u00b7 not broadcasting AIS (dark vessel) \u00b7 satellite detections in window: 2", "why_full": "inside MPA: Gal\u00e1pagos Marine Reserve \u00b7 not broadcasting AIS (dark vessel) \u00b7 satellite detections in window: 2", "baseline": "", "caveats": "Dark vessel: detected by satellite SAR but not broadcasting AIS. | Not SHAP-explainable -- a SAR detection has no movement track to attribute. | length_m and fishing_score are GFW model estimates from imagery, not ground truth. | MPA boundary may be approximate; verify against official WDPA limits. | An inspection lead, not courtroom evidence.", "caveat": "Dark vessel: detected by satellite SAR but not broadcasting AIS.", "innocent": "A radar contact with no AIS may be a vessel not required to broadcast, sea clutter, or fixed infrastructure; treat as a lead to confirm."}}, {"type": "Feature", "geometry": {"type": "Point", "coordinates": [-89.36000061035156, -0.89]}, "properties": {"id": "sar__galapagos_marine_reserve_0001", "kind": "dark_vessel_sar", "mpa": "Gal\u00e1pagos Marine Reserve", "severity": "high", "severity_reason": "no-take / national-park protection", "when": "2024-01-02T11:42:31Z", "score": null, "vessel": "(dark -- no AIS identity)", "ship_name": "", "ship_type": "", "destination": "", "gear": "SAR (dark)", "flag": "", "flag_emoji": "", "eez": "Ecuadorian Exclusive Economic Zone (Galapagos)", "eez_sovereign": "Ecuador", "eez_foreign": null, "authorization": "", "authorities": "", "iuu_listed": false, "iuu_label": "", "imo": "", "next_port": null, "evidence_hash": "23e41963f4d373848f340aef7da449d098025cfbe520d627df4c896fe3fb9634", "evidence_schema": "seavigil-evidence-1.0", "why": "inside MPA: Gal\u00e1pagos Marine Reserve \u00b7 not broadcasting AIS (dark vessel) \u00b7 satellite detections in window: 2", "why_full": "inside MPA: Gal\u00e1pagos Marine Reserve \u00b7 not broadcasting AIS (dark vessel) \u00b7 satellite detections in window: 2", "baseline": "", "caveats": "Dark vessel: detected by satellite SAR but not broadcasting AIS. | Not SHAP-explainable -- a SAR detection has no movement track to attribute. | length_m and fishing_score are GFW model estimates from imagery, not ground truth. | MPA boundary may be approximate; verify against official WDPA limits. | An inspection lead, not courtroom evidence.", "caveat": "Dark vessel: detected by satellite SAR but not broadcasting AIS.", "innocent": "A radar contact with no AIS may be a vessel not required to broadcast, sea clutter, or fixed infrastructure; treat as a lead to confirm."}}, {"type": "Feature", "geometry": {"type": "Point", "coordinates": [-89.62999725341797, -0.86]}, "properties": {"id": "sar__galapagos_marine_reserve_0002", "kind": "dark_vessel_sar", "mpa": "Gal\u00e1pagos Marine Reserve", "severity": "high", "severity_reason": "no-take / national-park protection", "when": "2024-01-02T11:42:31Z", "score": null, "vessel": "(dark -- no AIS identity)", "ship_name": "", "ship_type": "", "destination": "", "gear": "SAR (dark)", "flag": "", "flag_emoji": "", "eez": "Ecuadorian Exclusive Economic Zone (Galapagos)", "eez_sovereign": "Ecuador", "eez_foreign": null, "authorization": "", "authorities": "", "iuu_listed": false, "iuu_label": "", "imo": "", "next_port": null, "evidence_hash": "4f85c756708a60b932ea9fda3c84f27568786e3f93746535a2fc348ed5986278", "evidence_schema": "seavigil-evidence-1.0", "why": "inside MPA: Gal\u00e1pagos Marine Reserve \u00b7 not broadcasting AIS (dark vessel) \u00b7 satellite detections in window: 2", "why_full": "inside MPA: Gal\u00e1pagos Marine Reserve \u00b7 not broadcasting AIS (dark vessel) \u00b7 satellite detections in window: 2", "baseline": "", "caveats": "Dark vessel: detected by satellite SAR but not broadcasting AIS. | Not SHAP-explainable -- a SAR detection has no movement track to attribute. | length_m and fishing_score are GFW model estimates from imagery, not ground truth. | MPA boundary may be approximate; verify against official WDPA limits. | An inspection lead, not courtroom evidence.", "caveat": "Dark vessel: detected by satellite SAR but not broadcasting AIS.", "innocent": "A radar contact with no AIS may be a vessel not required to broadcast, sea clutter, or fixed infrastructure; treat as a lead to confirm."}}, {"type": "Feature", "geometry": {"type": "Point", "coordinates": [-92.44999694824219, -0.34]}, "properties": {"id": "sar__galapagos_marine_reserve_0003", "kind": "dark_vessel_sar", "mpa": "Gal\u00e1pagos Marine Reserve", "severity": "high", "severity_reason": "no-take / national-park protection", "when": "2024-01-02T11:42:31Z", "score": null, "vessel": "(dark -- no AIS identity)", "ship_name": "", "ship_type": "", "destination": "", "gear": "SAR (dark)", "flag": "", "flag_emoji": "", "eez": "Ecuadorian Exclusive Economic Zone (Galapagos)", "eez_sovereign": "Ecuador", "eez_foreign": null, "authorization": "", "authorities": "", "iuu_listed": false, "iuu_label": "", "imo": "", "next_port": null, "evidence_hash": "9726356b975d17405373ce0dfc08978fd358276fcc1108ddf72fa2ebc5c413f8", "evidence_schema": "seavigil-evidence-1.0", "why": "inside MPA: Gal\u00e1pagos Marine Reserve \u00b7 not broadcasting AIS (dark vessel) \u00b7 satellite detections in window: 2", "why_full": "inside MPA: Gal\u00e1pagos Marine Reserve \u00b7 not broadcasting AIS (dark vessel) \u00b7 satellite detections in window: 2", "baseline": "", "caveats": "Dark vessel: detected by satellite SAR but not broadcasting AIS. | Not SHAP-explainable -- a SAR detection has no movement track to attribute. | length_m and fishing_score are GFW model estimates from imagery, not ground truth. | MPA boundary may be approximate; verify against official WDPA limits. | An inspection lead, not courtroom evidence.", "caveat": "Dark vessel: detected by satellite SAR but not broadcasting AIS.", "innocent": "A radar contact with no AIS may be a vessel not required to broadcast, sea clutter, or fixed infrastructure; treat as a lead to confirm."}}, {"type": "Feature", "geometry": {"type": "Point", "coordinates": [149.3800048828125, -21.2]}, "properties": {"id": "sar__great_barrier_reef_marine_park_0026", "kind": "dark_vessel_sar", "mpa": "Great Barrier Reef Marine Park", "severity": "low", "severity_reason": "multi-use protected area", "when": "2024-01-01T08:29:59Z", "score": null, "vessel": "(dark -- no AIS identity)", "ship_name": "", "ship_type": "", "destination": "", "gear": "SAR (dark)", "flag": "", "flag_emoji": "", "eez": "Australian Exclusive Economic Zone", "eez_sovereign": "Australia", "eez_foreign": null, "authorization": "", "authorities": "", "iuu_listed": false, "iuu_label": "", "imo": "", "next_port": null, "evidence_hash": "ff1e027152e8d753cc097c6ded6c640954814c530530113f3d82b43db239f027", "evidence_schema": "seavigil-evidence-1.0", "why": "inside MPA: Great Barrier Reef Marine Park \u00b7 not broadcasting AIS (dark vessel) \u00b7 satellite detections in window: 2", "why_full": "inside MPA: Great Barrier Reef Marine Park \u00b7 not broadcasting AIS (dark vessel) \u00b7 satellite detections in window: 2", "baseline": "", "caveats": "Dark vessel: detected by satellite SAR but not broadcasting AIS. | Not SHAP-explainable -- a SAR detection has no movement track to attribute. | length_m and fishing_score are GFW model estimates from imagery, not ground truth. | MPA boundary may be approximate; verify against official WDPA limits. | An inspection lead, not courtroom evidence.", "caveat": "Dark vessel: detected by satellite SAR but not broadcasting AIS.", "innocent": "A radar contact with no AIS may be a vessel not required to broadcast, sea clutter, or fixed infrastructure; treat as a lead to confirm."}}, {"type": "Feature", "geometry": {"type": "Point", "coordinates": [143.69000244140625, -13.63]}, "properties": {"id": "sar__great_barrier_reef_marine_park_0027", "kind": "dark_vessel_sar", "mpa": "Great Barrier Reef Marine Park", "severity": "low", "severity_reason": "multi-use protected area", "when": "2024-01-01T08:29:59Z", "score": null, "vessel": "(dark -- no AIS identity)", "ship_name": "", "ship_type": "", "destination": "", "gear": "SAR (dark)", "flag": "", "flag_emoji": "", "eez": "Australian Exclusive Economic Zone", "eez_sovereign": "Australia", "eez_foreign": null, "authorization": "", "authorities": "", "iuu_listed": false, "iuu_label": "", "imo": "", "next_port": null, "evidence_hash": "7f0c5becdf854a7dc506b1860a10c05f6432a81802b9ae018c123566b29a1e0e", "evidence_schema": "seavigil-evidence-1.0", "why": "inside MPA: Great Barrier Reef Marine Park \u00b7 not broadcasting AIS (dark vessel) \u00b7 satellite detections in window: 2", "why_full": "inside MPA: Great Barrier Reef Marine Park \u00b7 not broadcasting AIS (dark vessel) \u00b7 satellite detections in window: 2", "baseline": "", "caveats": "Dark vessel: detected by satellite SAR but not broadcasting AIS. | Not SHAP-explainable -- a SAR detection has no movement track to attribute. | length_m and fishing_score are GFW model estimates from imagery, not ground truth. | MPA boundary may be approximate; verify against official WDPA limits. | An inspection lead, not courtroom evidence.", "caveat": "Dark vessel: detected by satellite SAR but not broadcasting AIS.", "innocent": "A radar contact with no AIS may be a vessel not required to broadcast, sea clutter, or fixed infrastructure; treat as a lead to confirm."}}, {"type": "Feature", "geometry": {"type": "Point", "coordinates": [150.47000122070312, -21.46]}, "properties": {"id": "sar__great_barrier_reef_marine_park_0028", "kind": "dark_vessel_sar", "mpa": "Great Barrier Reef Marine Park", "severity": "low", "severity_reason": "multi-use protected area", "when": "2024-01-01T08:29:59Z", "score": null, "vessel": "(dark -- no AIS identity)", "ship_name": "", "ship_type": "", "destination": "", "gear": "SAR (dark)", "flag": "", "flag_emoji": "", "eez": "Australian Exclusive Economic Zone", "eez_sovereign": "Australia", "eez_foreign": null, "authorization": "", "authorities": "", "iuu_listed": false, "iuu_label": "", "imo": "", "next_port": null, "evidence_hash": "4a46c823286450649b8a6e59077934cb92a97887ee6294208492353470fcfb59", "evidence_schema": "seavigil-evidence-1.0", "why": "inside MPA: Great Barrier Reef Marine Park \u00b7 not broadcasting AIS (dark vessel) \u00b7 satellite detections in window: 2", "why_full": "inside MPA: Great Barrier Reef Marine Park \u00b7 not broadcasting AIS (dark vessel) \u00b7 satellite detections in window: 2", "baseline": "", "caveats": "Dark vessel: detected by satellite SAR but not broadcasting AIS. | Not SHAP-explainable -- a SAR detection has no movement track to attribute. | length_m and fishing_score are GFW model estimates from imagery, not ground truth. | MPA boundary may be approximate; verify against official WDPA limits. | An inspection lead, not courtroom evidence.", "caveat": "Dark vessel: detected by satellite SAR but not broadcasting AIS.", "innocent": "A radar contact with no AIS may be a vessel not required to broadcast, sea clutter, or fixed infrastructure; treat as a lead to confirm."}}, {"type": "Feature", "geometry": {"type": "Point", "coordinates": [150.4499969482422, -22.37]}, "properties": {"id": "sar__great_barrier_reef_marine_park_0029", "kind": "dark_vessel_sar", "mpa": "Great Barrier Reef Marine Park", "severity": "low", "severity_reason": "multi-use protected area", "when": "2024-01-01T08:29:59Z", "score": null, "vessel": "(dark -- no AIS identity)", "ship_name": "", "ship_type": "", "destination": "", "gear": "SAR (dark)", "flag": "", "flag_emoji": "", "eez": "Australian Exclusive Economic Zone", "eez_sovereign": "Australia", "eez_foreign": null, "authorization": "", "authorities": "", "iuu_listed": false, "iuu_label": "", "imo": "", "next_port": null, "evidence_hash": "b24e14f56272561acafc37e79ac0396d98e632440038b78626ac72ef7582e822", "evidence_schema": "seavigil-evidence-1.0", "why": "inside MPA: Great Barrier Reef Marine Park \u00b7 not broadcasting AIS (dark vessel) \u00b7 satellite detections in window: 2", "why_full": "inside MPA: Great Barrier Reef Marine Park \u00b7 not broadcasting AIS (dark vessel) \u00b7 satellite detections in window: 2", "baseline": "", "caveats": "Dark vessel: detected by satellite SAR but not broadcasting AIS. | Not SHAP-explainable -- a SAR detection has no movement track to attribute. | length_m and fishing_score are GFW model estimates from imagery, not ground truth. | MPA boundary may be approximate; verify against official WDPA limits. | An inspection lead, not courtroom evidence.", "caveat": "Dark vessel: detected by satellite SAR but not broadcasting AIS.", "innocent": "A radar contact with no AIS may be a vessel not required to broadcast, sea clutter, or fixed infrastructure; treat as a lead to confirm."}}, {"type": "Feature", "geometry": {"type": "Point", "coordinates": [151.44000244140625, -23.93]}, "properties": {"id": "sar__great_barrier_reef_marine_park_0030", "kind": "dark_vessel_sar", "mpa": "Great Barrier Reef Marine Park", "severity": "low", "severity_reason": "multi-use protected area", "when": "2024-01-01T08:29:59Z", "score": null, "vessel": "(dark -- no AIS identity)", "ship_name": "", "ship_type": "", "destination": "", "gear": "SAR (dark)", "flag": "", "flag_emoji": "", "eez": "Australian Exclusive Economic Zone", "eez_sovereign": "Australia", "eez_foreign": null, "authorization": "", "authorities": "", "iuu_listed": false, "iuu_label": "", "imo": "", "next_port": null, "evidence_hash": "16318af53e03adedd06fbc35f09b6b76d900c282176f63e560dd91df678b1290", "evidence_schema": "seavigil-evidence-1.0", "why": "inside MPA: Great Barrier Reef Marine Park \u00b7 not broadcasting AIS (dark vessel) \u00b7 satellite detections in window: 2", "why_full": "inside MPA: Great Barrier Reef Marine Park \u00b7 not broadcasting AIS (dark vessel) \u00b7 satellite detections in window: 2", "baseline": "", "caveats": "Dark vessel: detected by satellite SAR but not broadcasting AIS. | Not SHAP-explainable -- a SAR detection has no movement track to attribute. | length_m and fishing_score are GFW model estimates from imagery, not ground truth. | MPA boundary may be approximate; verify against official WDPA limits. | An inspection lead, not courtroom evidence.", "caveat": "Dark vessel: detected by satellite SAR but not broadcasting AIS.", "innocent": "A radar contact with no AIS may be a vessel not required to broadcast, sea clutter, or fixed infrastructure; treat as a lead to confirm."}}, {"type": "Feature", "geometry": {"type": "Point", "coordinates": [149.49000549316406, -21.13]}, "properties": {"id": "sar__great_barrier_reef_marine_park_0031", "kind": "dark_vessel_sar", "mpa": "Great Barrier Reef Marine Park", "severity": "low", "severity_reason": "multi-use protected area", "when": "2024-01-01T08:29:59Z", "score": null, "vessel": "(dark -- no AIS identity)", "ship_name": "", "ship_type": "", "destination": "", "gear": "SAR (dark)", "flag": "", "flag_emoji": "", "eez": "Australian Exclusive Economic Zone", "eez_sovereign": "Australia", "eez_foreign": null, "authorization": "", "authorities": "", "iuu_listed": false, "iuu_label": "", "imo": "", "next_port": null, "evidence_hash": "4f842e51526f2f87a41818f80d0776b072d36e02adb0312e5f6f16cdc11de20e", "evidence_schema": "seavigil-evidence-1.0", "why": "inside MPA: Great Barrier Reef Marine Park \u00b7 not broadcasting AIS (dark vessel) \u00b7 satellite detections in window: 2", "why_full": "inside MPA: Great Barrier Reef Marine Park \u00b7 not broadcasting AIS (dark vessel) \u00b7 satellite detections in window: 2", "baseline": "", "caveats": "Dark vessel: detected by satellite SAR but not broadcasting AIS. | Not SHAP-explainable -- a SAR detection has no movement track to attribute. | length_m and fishing_score are GFW model estimates from imagery, not ground truth. | MPA boundary may be approximate; verify against official WDPA limits. | An inspection lead, not courtroom evidence.", "caveat": "Dark vessel: detected by satellite SAR but not broadcasting AIS.", "innocent": "A radar contact with no AIS may be a vessel not required to broadcast, sea clutter, or fixed infrastructure; treat as a lead to confirm."}}, {"type": "Feature", "geometry": {"type": "Point", "coordinates": [152.77000427246094, -24.49]}, "properties": {"id": "sar__great_barrier_reef_marine_park_0032", "kind": "dark_vessel_sar", "mpa": "Great Barrier Reef Marine Park", "severity": "low", "severity_reason": "multi-use protected area", "when": "2024-01-01T08:29:59Z", "score": null, "vessel": "(dark -- no AIS identity)", "ship_name": "", "ship_type": "", "destination": "", "gear": "SAR (dark)", "flag": "", "flag_emoji": "", "eez": "Australian Exclusive Economic Zone", "eez_sovereign": "Australia", "eez_foreign": null, "authorization": "", "authorities": "", "iuu_listed": false, "iuu_label": "", "imo": "", "next_port": null, "evidence_hash": "521c70d829867efa2858832f5ca0216e443076907276e9522108b469799d8435", "evidence_schema": "seavigil-evidence-1.0", "why": "inside MPA: Great Barrier Reef Marine Park \u00b7 not broadcasting AIS (dark vessel) \u00b7 satellite detections in window: 2", "why_full": "inside MPA: Great Barrier Reef Marine Park \u00b7 not broadcasting AIS (dark vessel) \u00b7 satellite detections in window: 2", "baseline": "", "caveats": "Dark vessel: detected by satellite SAR but not broadcasting AIS. | Not SHAP-explainable -- a SAR detection has no movement track to attribute. | length_m and fishing_score are GFW model estimates from imagery, not ground truth. | MPA boundary may be approximate; verify against official WDPA limits. | An inspection lead, not courtroom evidence.", "caveat": "Dark vessel: detected by satellite SAR but not broadcasting AIS.", "innocent": "A radar contact with no AIS may be a vessel not required to broadcast, sea clutter, or fixed infrastructure; treat as a lead to confirm."}}, {"type": "Feature", "geometry": {"type": "Point", "coordinates": [151.5, -23.91]}, "properties": {"id": "sar__great_barrier_reef_marine_park_0033", "kind": "dark_vessel_sar", "mpa": "Great Barrier Reef Marine Park", "severity": "low", "severity_reason": "multi-use protected area", "when": "2024-01-01T08:29:59Z", "score": null, "vessel": "(dark -- no AIS identity)", "ship_name": "", "ship_type": "", "destination": "", "gear": "SAR (dark)", "flag": "", "flag_emoji": "", "eez": "Australian Exclusive Economic Zone", "eez_sovereign": "Australia", "eez_foreign": null, "authorization": "", "authorities": "", "iuu_listed": false, "iuu_label": "", "imo": "", "next_port": null, "evidence_hash": "c379f23b2b60b81cde949404a9fe2bc685179ce9936122f17a27122b0bbed3d2", "evidence_schema": "seavigil-evidence-1.0", "why": "inside MPA: Great Barrier Reef Marine Park \u00b7 not broadcasting AIS (dark vessel) \u00b7 satellite detections in window: 2", "why_full": "inside MPA: Great Barrier Reef Marine Park \u00b7 not broadcasting AIS (dark vessel) \u00b7 satellite detections in window: 2", "baseline": "", "caveats": "Dark vessel: detected by satellite SAR but not broadcasting AIS. | Not SHAP-explainable -- a SAR detection has no movement track to attribute. | length_m and fishing_score are GFW model estimates from imagery, not ground truth. | MPA boundary may be approximate; verify against official WDPA limits. | An inspection lead, not courtroom evidence.", "caveat": "Dark vessel: detected by satellite SAR but not broadcasting AIS.", "innocent": "A radar contact with no AIS may be a vessel not required to broadcast, sea clutter, or fixed infrastructure; treat as a lead to confirm."}}, {"type": "Feature", "geometry": {"type": "Point", "coordinates": [148.05999755859375, -19.85]}, "properties": {"id": "sar__great_barrier_reef_marine_park_0034", "kind": "dark_vessel_sar", "mpa": "Great Barrier Reef Marine Park", "severity": "low", "severity_reason": "multi-use protected area", "when": "2024-01-01T08:29:59Z", "score": null, "vessel": "(dark -- no AIS identity)", "ship_name": "", "ship_type": "", "destination": "", "gear": "SAR (dark)", "flag": "", "flag_emoji": "", "eez": "Australian Exclusive Economic Zone", "eez_sovereign": "Australia", "eez_foreign": null, "authorization": "", "authorities": "", "iuu_listed": false, "iuu_label": "", "imo": "", "next_port": null, "evidence_hash": "d5f0a6abced1f1a5c00b1a5605da33cabfbfa8ed2c49db82b4e001a80889fc2f", "evidence_schema": "seavigil-evidence-1.0", "why": "inside MPA: Great Barrier Reef Marine Park \u00b7 not broadcasting AIS (dark vessel) \u00b7 satellite detections in window: 2", "why_full": "inside MPA: Great Barrier Reef Marine Park \u00b7 not broadcasting AIS (dark vessel) \u00b7 satellite detections in window: 2", "baseline": "", "caveats": "Dark vessel: detected by satellite SAR but not broadcasting AIS. | Not SHAP-explainable -- a SAR detection has no movement track to attribute. | length_m and fishing_score are GFW model estimates from imagery, not ground truth. | MPA boundary may be approximate; verify against official WDPA limits. | An inspection lead, not courtroom evidence.", "caveat": "Dark vessel: detected by satellite SAR but not broadcasting AIS.", "innocent": "A radar contact with no AIS may be a vessel not required to broadcast, sea clutter, or fixed infrastructure; treat as a lead to confirm."}}, {"type": "Feature", "geometry": {"type": "Point", "coordinates": [149.0500030517578, -19.83]}, "properties": {"id": "sar__great_barrier_reef_marine_park_0035", "kind": "dark_vessel_sar", "mpa": "Great Barrier Reef Marine Park", "severity": "low", "severity_reason": "multi-use protected area", "when": "2024-01-01T08:29:59Z", "score": null, "vessel": "(dark -- no AIS identity)", "ship_name": "", "ship_type": "", "destination": "", "gear": "SAR (dark)", "flag": "", "flag_emoji": "", "eez": "Australian Exclusive Economic Zone", "eez_sovereign": "Australia", "eez_foreign": null, "authorization": "", "authorities": "", "iuu_listed": false, "iuu_label": "", "imo": "", "next_port": null, "evidence_hash": "cde35cc7ffc6b66def76b79614b113773ad215adffb2621c9e9b6b1515bda524", "evidence_schema": "seavigil-evidence-1.0", "why": "inside MPA: Great Barrier Reef Marine Park \u00b7 not broadcasting AIS (dark vessel) \u00b7 satellite detections in window: 2", "why_full": "inside MPA: Great Barrier Reef Marine Park \u00b7 not broadcasting AIS (dark vessel) \u00b7 satellite detections in window: 2", "baseline": "", "caveats": "Dark vessel: detected by satellite SAR but not broadcasting AIS. | Not SHAP-explainable -- a SAR detection has no movement track to attribute. | length_m and fishing_score are GFW model estimates from imagery, not ground truth. | MPA boundary may be approximate; verify against official WDPA limits. | An inspection lead, not courtroom evidence.", "caveat": "Dark vessel: detected by satellite SAR but not broadcasting AIS.", "innocent": "A radar contact with no AIS may be a vessel not required to broadcast, sea clutter, or fixed infrastructure; treat as a lead to confirm."}}, {"type": "Feature", "geometry": {"type": "Point", "coordinates": [149.39999389648438, -21.28]}, "properties": {"id": "sar__great_barrier_reef_marine_park_0036", "kind": "dark_vessel_sar", "mpa": "Great Barrier Reef Marine Park", "severity": "low", "severity_reason": "multi-use protected area", "when": "2024-01-01T08:29:59Z", "score": null, "vessel": "(dark -- no AIS identity)", "ship_name": "", "ship_type": "", "destination": "", "gear": "SAR (dark)", "flag": "", "flag_emoji": "", "eez": "Australian Exclusive Economic Zone", "eez_sovereign": "Australia", "eez_foreign": null, "authorization": "", "authorities": "", "iuu_listed": false, "iuu_label": "", "imo": "", "next_port": null, "evidence_hash": "ad4693a6e3c58c6addcb3e3517bae85071fcf67d4d992ae3e05077948b3000c1", "evidence_schema": "seavigil-evidence-1.0", "why": "inside MPA: Great Barrier Reef Marine Park \u00b7 not broadcasting AIS (dark vessel) \u00b7 satellite detections in window: 2", "why_full": "inside MPA: Great Barrier Reef Marine Park \u00b7 not broadcasting AIS (dark vessel) \u00b7 satellite detections in window: 2", "baseline": "", "caveats": "Dark vessel: detected by satellite SAR but not broadcasting AIS. | Not SHAP-explainable -- a SAR detection has no movement track to attribute. | length_m and fishing_score are GFW model estimates from imagery, not ground truth. | MPA boundary may be approximate; verify against official WDPA limits. | An inspection lead, not courtroom evidence.", "caveat": "Dark vessel: detected by satellite SAR but not broadcasting AIS.", "innocent": "A radar contact with no AIS may be a vessel not required to broadcast, sea clutter, or fixed infrastructure; treat as a lead to confirm."}}, {"type": "Feature", "geometry": {"type": "Point", "coordinates": [150.77000427246094, -23.11]}, "properties": {"id": "sar__great_barrier_reef_marine_park_0037", "kind": "dark_vessel_sar", "mpa": "Great Barrier Reef Marine Park", "severity": "low", "severity_reason": "multi-use protected area", "when": "2024-01-01T08:29:59Z", "score": null, "vessel": "(dark -- no AIS identity)", "ship_name": "", "ship_type": "", "destination": "", "gear": "SAR (dark)", "flag": "", "flag_emoji": "", "eez": "Australian Exclusive Economic Zone", "eez_sovereign": "Australia", "eez_foreign": null, "authorization": "", "authorities": "", "iuu_listed": false, "iuu_label": "", "imo": "", "next_port": null, "evidence_hash": "0880c9fe2538001638c69674c7913b01151a23c5a6d6a1530a57880f87d996fb", "evidence_schema": "seavigil-evidence-1.0", "why": "inside MPA: Great Barrier Reef Marine Park \u00b7 not broadcasting AIS (dark vessel) \u00b7 satellite detections in window: 2", "why_full": "inside MPA: Great Barrier Reef Marine Park \u00b7 not broadcasting AIS (dark vessel) \u00b7 satellite detections in window: 2", "baseline": "", "caveats": "Dark vessel: detected by satellite SAR but not broadcasting AIS. | Not SHAP-explainable -- a SAR detection has no movement track to attribute. | length_m and fishing_score are GFW model estimates from imagery, not ground truth. | MPA boundary may be approximate; verify against official WDPA limits. | An inspection lead, not courtroom evidence.", "caveat": "Dark vessel: detected by satellite SAR but not broadcasting AIS.", "innocent": "A radar contact with no AIS may be a vessel not required to broadcast, sea clutter, or fixed infrastructure; treat as a lead to confirm."}}, {"type": "Feature", "geometry": {"type": "Point", "coordinates": [150.77999877929688, -23.13]}, "properties": {"id": "sar__great_barrier_reef_marine_park_0038", "kind": "dark_vessel_sar", "mpa": "Great Barrier Reef Marine Park", "severity": "low", "severity_reason": "multi-use protected area", "when": "2024-01-01T08:29:59Z", "score": null, "vessel": "(dark -- no AIS identity)", "ship_name": "", "ship_type": "", "destination": "", "gear": "SAR (dark)", "flag": "", "flag_emoji": "", "eez": "Australian Exclusive Economic Zone", "eez_sovereign": "Australia", "eez_foreign": null, "authorization": "", "authorities": "", "iuu_listed": false, "iuu_label": "", "imo": "", "next_port": null, "evidence_hash": "962cab9117c95b5699157e69109cf12b345ad0285f1529d6b13d5d27bf06d41a", "evidence_schema": "seavigil-evidence-1.0", "why": "inside MPA: Great Barrier Reef Marine Park \u00b7 not broadcasting AIS (dark vessel) \u00b7 satellite detections in window: 2", "why_full": "inside MPA: Great Barrier Reef Marine Park \u00b7 not broadcasting AIS (dark vessel) \u00b7 satellite detections in window: 2", "baseline": "", "caveats": "Dark vessel: detected by satellite SAR but not broadcasting AIS. | Not SHAP-explainable -- a SAR detection has no movement track to attribute. | length_m and fishing_score are GFW model estimates from imagery, not ground truth. | MPA boundary may be approximate; verify against official WDPA limits. | An inspection lead, not courtroom evidence.", "caveat": "Dark vessel: detected by satellite SAR but not broadcasting AIS.", "innocent": "A radar contact with no AIS may be a vessel not required to broadcast, sea clutter, or fixed infrastructure; treat as a lead to confirm."}}, {"type": "Feature", "geometry": {"type": "Point", "coordinates": [150.64999389648438, -21.49]}, "properties": {"id": "sar__great_barrier_reef_marine_park_0039", "kind": "dark_vessel_sar", "mpa": "Great Barrier Reef Marine Park", "severity": "low", "severity_reason": "multi-use protected area", "when": "2024-01-01T08:29:59Z", "score": null, "vessel": "(dark -- no AIS identity)", "ship_name": "", "ship_type": "", "destination": "", "gear": "SAR (dark)", "flag": "", "flag_emoji": "", "eez": "Australian Exclusive Economic Zone", "eez_sovereign": "Australia", "eez_foreign": null, "authorization": "", "authorities": "", "iuu_listed": false, "iuu_label": "", "imo": "", "next_port": null, "evidence_hash": "61d649524e1f9c57fd4da9071dfc41d26b3aac49ff5092537853e137bf38a2cf", "evidence_schema": "seavigil-evidence-1.0", "why": "inside MPA: Great Barrier Reef Marine Park \u00b7 not broadcasting AIS (dark vessel) \u00b7 satellite detections in window: 2", "why_full": "inside MPA: Great Barrier Reef Marine Park \u00b7 not broadcasting AIS (dark vessel) \u00b7 satellite detections in window: 2", "baseline": "", "caveats": "Dark vessel: detected by satellite SAR but not broadcasting AIS. | Not SHAP-explainable -- a SAR detection has no movement track to attribute. | length_m and fishing_score are GFW model estimates from imagery, not ground truth. | MPA boundary may be approximate; verify against official WDPA limits. | An inspection lead, not courtroom evidence.", "caveat": "Dark vessel: detected by satellite SAR but not broadcasting AIS.", "innocent": "A radar contact with no AIS may be a vessel not required to broadcast, sea clutter, or fixed infrastructure; treat as a lead to confirm."}}, {"type": "Feature", "geometry": {"type": "Point", "coordinates": [146.85000610351562, -19.19]}, "properties": {"id": "sar__great_barrier_reef_marine_park_0040", "kind": "dark_vessel_sar", "mpa": "Great Barrier Reef Marine Park", "severity": "low", "severity_reason": "multi-use protected area", "when": "2024-01-01T08:29:59Z", "score": null, "vessel": "(dark -- no AIS identity)", "ship_name": "", "ship_type": "", "destination": "", "gear": "SAR (dark)", "flag": "", "flag_emoji": "", "eez": "Australian Exclusive Economic Zone", "eez_sovereign": "Australia", "eez_foreign": null, "authorization": "", "authorities": "", "iuu_listed": false, "iuu_label": "", "imo": "", "next_port": null, "evidence_hash": "1dd839825dc343c12c7fbfe36495e1e11bb088df1e69dfdf1335763e8a19f0af", "evidence_schema": "seavigil-evidence-1.0", "why": "inside MPA: Great Barrier Reef Marine Park \u00b7 not broadcasting AIS (dark vessel) \u00b7 satellite detections in window: 2", "why_full": "inside MPA: Great Barrier Reef Marine Park \u00b7 not broadcasting AIS (dark vessel) \u00b7 satellite detections in window: 2", "baseline": "", "caveats": "Dark vessel: detected by satellite SAR but not broadcasting AIS. | Not SHAP-explainable -- a SAR detection has no movement track to attribute. | length_m and fishing_score are GFW model estimates from imagery, not ground truth. | MPA boundary may be approximate; verify against official WDPA limits. | An inspection lead, not courtroom evidence.", "caveat": "Dark vessel: detected by satellite SAR but not broadcasting AIS.", "innocent": "A radar contact with no AIS may be a vessel not required to broadcast, sea clutter, or fixed infrastructure; treat as a lead to confirm."}}, {"type": "Feature", "geometry": {"type": "Point", "coordinates": [146.8800048828125, -17.72]}, "properties": {"id": "sar__great_barrier_reef_marine_park_0041", "kind": "dark_vessel_sar", "mpa": "Great Barrier Reef Marine Park", "severity": "low", "severity_reason": "multi-use protected area", "when": "2024-01-01T08:29:59Z", "score": null, "vessel": "(dark -- no AIS identity)", "ship_name": "", "ship_type": "", "destination": "", "gear": "SAR (dark)", "flag": "", "flag_emoji": "", "eez": "Australian Exclusive Economic Zone", "eez_sovereign": "Australia", "eez_foreign": null, "authorization": "", "authorities": "", "iuu_listed": false, "iuu_label": "", "imo": "", "next_port": null, "evidence_hash": "b6f454d3fe19ad5147bc4d8e59ee70e7b86836678366d6692b809e2772f53aac", "evidence_schema": "seavigil-evidence-1.0", "why": "inside MPA: Great Barrier Reef Marine Park \u00b7 not broadcasting AIS (dark vessel) \u00b7 satellite detections in window: 2", "why_full": "inside MPA: Great Barrier Reef Marine Park \u00b7 not broadcasting AIS (dark vessel) \u00b7 satellite detections in window: 2", "baseline": "", "caveats": "Dark vessel: detected by satellite SAR but not broadcasting AIS. | Not SHAP-explainable -- a SAR detection has no movement track to attribute. | length_m and fishing_score are GFW model estimates from imagery, not ground truth. | MPA boundary may be approximate; verify against official WDPA limits. | An inspection lead, not courtroom evidence.", "caveat": "Dark vessel: detected by satellite SAR but not broadcasting AIS.", "innocent": "A radar contact with no AIS may be a vessel not required to broadcast, sea clutter, or fixed infrastructure; treat as a lead to confirm."}}, {"type": "Feature", "geometry": {"type": "Point", "coordinates": [149.47000122070312, -21.23]}, "properties": {"id": "sar__great_barrier_reef_marine_park_0042", "kind": "dark_vessel_sar", "mpa": "Great Barrier Reef Marine Park", "severity": "low", "severity_reason": "multi-use protected area", "when": "2024-01-01T08:29:59Z", "score": null, "vessel": "(dark -- no AIS identity)", "ship_name": "", "ship_type": "", "destination": "", "gear": "SAR (dark)", "flag": "", "flag_emoji": "", "eez": "Australian Exclusive Economic Zone", "eez_sovereign": "Australia", "eez_foreign": null, "authorization": "", "authorities": "", "iuu_listed": false, "iuu_label": "", "imo": "", "next_port": null, "evidence_hash": "6ddd44092d1a905c5b374f718e92a8436d72e65761a21159d91e3e01f58ca9d8", "evidence_schema": "seavigil-evidence-1.0", "why": "inside MPA: Great Barrier Reef Marine Park \u00b7 not broadcasting AIS (dark vessel) \u00b7 satellite detections in window: 2", "why_full": "inside MPA: Great Barrier Reef Marine Park \u00b7 not broadcasting AIS (dark vessel) \u00b7 satellite detections in window: 2", "baseline": "", "caveats": "Dark vessel: detected by satellite SAR but not broadcasting AIS. | Not SHAP-explainable -- a SAR detection has no movement track to attribute. | length_m and fishing_score are GFW model estimates from imagery, not ground truth. | MPA boundary may be approximate; verify against official WDPA limits. | An inspection lead, not courtroom evidence.", "caveat": "Dark vessel: detected by satellite SAR but not broadcasting AIS.", "innocent": "A radar contact with no AIS may be a vessel not required to broadcast, sea clutter, or fixed infrastructure; treat as a lead to confirm."}}, {"type": "Feature", "geometry": {"type": "Point", "coordinates": [151.4499969482422, -23.93]}, "properties": {"id": "sar__great_barrier_reef_marine_park_0043", "kind": "dark_vessel_sar", "mpa": "Great Barrier Reef Marine Park", "severity": "low", "severity_reason": "multi-use protected area", "when": "2024-01-01T08:29:59Z", "score": null, "vessel": "(dark -- no AIS identity)", "ship_name": "", "ship_type": "", "destination": "", "gear": "SAR (dark)", "flag": "", "flag_emoji": "", "eez": "Australian Exclusive Economic Zone", "eez_sovereign": "Australia", "eez_foreign": null, "authorization": "", "authorities": "", "iuu_listed": false, "iuu_label": "", "imo": "", "next_port": null, "evidence_hash": "5601e232b0f1c249a9c325235d2832b3b2002d25133d36fdacd84b61dfc28bb7", "evidence_schema": "seavigil-evidence-1.0", "why": "inside MPA: Great Barrier Reef Marine Park \u00b7 not broadcasting AIS (dark vessel) \u00b7 satellite detections in window: 2", "why_full": "inside MPA: Great Barrier Reef Marine Park \u00b7 not broadcasting AIS (dark vessel) \u00b7 satellite detections in window: 2", "baseline": "", "caveats": "Dark vessel: detected by satellite SAR but not broadcasting AIS. | Not SHAP-explainable -- a SAR detection has no movement track to attribute. | length_m and fishing_score are GFW model estimates from imagery, not ground truth. | MPA boundary may be approximate; verify against official WDPA limits. | An inspection lead, not courtroom evidence.", "caveat": "Dark vessel: detected by satellite SAR but not broadcasting AIS.", "innocent": "A radar contact with no AIS may be a vessel not required to broadcast, sea clutter, or fixed infrastructure; treat as a lead to confirm."}}, {"type": "Feature", "geometry": {"type": "Point", "coordinates": [148.19000244140625, -19.38]}, "properties": {"id": "sar__great_barrier_reef_marine_park_0044", "kind": "dark_vessel_sar", "mpa": "Great Barrier Reef Marine Park", "severity": "low", "severity_reason": "multi-use protected area", "when": "2024-01-01T08:29:59Z", "score": null, "vessel": "(dark -- no AIS identity)", "ship_name": "", "ship_type": "", "destination": "", "gear": "SAR (dark)", "flag": "", "flag_emoji": "", "eez": "Australian Exclusive Economic Zone", "eez_sovereign": "Australia", "eez_foreign": null, "authorization": "", "authorities": "", "iuu_listed": false, "iuu_label": "", "imo": "", "next_port": null, "evidence_hash": "edf7be68e048043f04ac0797c1dc04b86f52290b2f3a9323c6bb249e8cc9bc5d", "evidence_schema": "seavigil-evidence-1.0", "why": "inside MPA: Great Barrier Reef Marine Park \u00b7 not broadcasting AIS (dark vessel) \u00b7 satellite detections in window: 2", "why_full": "inside MPA: Great Barrier Reef Marine Park \u00b7 not broadcasting AIS (dark vessel) \u00b7 satellite detections in window: 2", "baseline": "", "caveats": "Dark vessel: detected by satellite SAR but not broadcasting AIS. | Not SHAP-explainable -- a SAR detection has no movement track to attribute. | length_m and fishing_score are GFW model estimates from imagery, not ground truth. | MPA boundary may be approximate; verify against official WDPA limits. | An inspection lead, not courtroom evidence.", "caveat": "Dark vessel: detected by satellite SAR but not broadcasting AIS.", "innocent": "A radar contact with no AIS may be a vessel not required to broadcast, sea clutter, or fixed infrastructure; treat as a lead to confirm."}}, {"type": "Feature", "geometry": {"type": "Point", "coordinates": [150.7100067138672, -21.51]}, "properties": {"id": "sar__great_barrier_reef_marine_park_0045", "kind": "dark_vessel_sar", "mpa": "Great Barrier Reef Marine Park", "severity": "low", "severity_reason": "multi-use protected area", "when": "2024-01-01T08:29:59Z", "score": null, "vessel": "(dark -- no AIS identity)", "ship_name": "", "ship_type": "", "destination": "", "gear": "SAR (dark)", "flag": "", "flag_emoji": "", "eez": "Australian Exclusive Economic Zone", "eez_sovereign": "Australia", "eez_foreign": null, "authorization": "", "authorities": "", "iuu_listed": false, "iuu_label": "", "imo": "", "next_port": null, "evidence_hash": "be59c21c6a967f7c08e4532f4613d4335213bc56ee272c1060a726f5cb6c7555", "evidence_schema": "seavigil-evidence-1.0", "why": "inside MPA: Great Barrier Reef Marine Park \u00b7 not broadcasting AIS (dark vessel) \u00b7 satellite detections in window: 2", "why_full": "inside MPA: Great Barrier Reef Marine Park \u00b7 not broadcasting AIS (dark vessel) \u00b7 satellite detections in window: 2", "baseline": "", "caveats": "Dark vessel: detected by satellite SAR but not broadcasting AIS. | Not SHAP-explainable -- a SAR detection has no movement track to attribute. | length_m and fishing_score are GFW model estimates from imagery, not ground truth. | MPA boundary may be approximate; verify against official WDPA limits. | An inspection lead, not courtroom evidence.", "caveat": "Dark vessel: detected by satellite SAR but not broadcasting AIS.", "innocent": "A radar contact with no AIS may be a vessel not required to broadcast, sea clutter, or fixed infrastructure; treat as a lead to confirm."}}, {"type": "Feature", "geometry": {"type": "Point", "coordinates": [149.47000122070312, -20.18]}, "properties": {"id": "sar__great_barrier_reef_marine_park_0046", "kind": "dark_vessel_sar", "mpa": "Great Barrier Reef Marine Park", "severity": "low", "severity_reason": "multi-use protected area", "when": "2024-01-01T08:29:59Z", "score": null, "vessel": "(dark -- no AIS identity)", "ship_name": "", "ship_type": "", "destination": "", "gear": "SAR (dark)", "flag": "", "flag_emoji": "", "eez": "Australian Exclusive Economic Zone", "eez_sovereign": "Australia", "eez_foreign": null, "authorization": "", "authorities": "", "iuu_listed": false, "iuu_label": "", "imo": "", "next_port": null, "evidence_hash": "475a0622c665c35e95223af0a3792784fbfa2ba6515bc36d584645cfd21855ca", "evidence_schema": "seavigil-evidence-1.0", "why": "inside MPA: Great Barrier Reef Marine Park \u00b7 not broadcasting AIS (dark vessel) \u00b7 satellite detections in window: 2", "why_full": "inside MPA: Great Barrier Reef Marine Park \u00b7 not broadcasting AIS (dark vessel) \u00b7 satellite detections in window: 2", "baseline": "", "caveats": "Dark vessel: detected by satellite SAR but not broadcasting AIS. | Not SHAP-explainable -- a SAR detection has no movement track to attribute. | length_m and fishing_score are GFW model estimates from imagery, not ground truth. | MPA boundary may be approximate; verify against official WDPA limits. | An inspection lead, not courtroom evidence.", "caveat": "Dark vessel: detected by satellite SAR but not broadcasting AIS.", "innocent": "A radar contact with no AIS may be a vessel not required to broadcast, sea clutter, or fixed infrastructure; treat as a lead to confirm."}}, {"type": "Feature", "geometry": {"type": "Point", "coordinates": [151.49000549316406, -23.92]}, "properties": {"id": "sar__great_barrier_reef_marine_park_0047", "kind": "dark_vessel_sar", "mpa": "Great Barrier Reef Marine Park", "severity": "low", "severity_reason": "multi-use protected area", "when": "2024-01-01T08:29:59Z", "score": null, "vessel": "(dark -- no AIS identity)", "ship_name": "", "ship_type": "", "destination": "", "gear": "SAR (dark)", "flag": "", "flag_emoji": "", "eez": "Australian Exclusive Economic Zone", "eez_sovereign": "Australia", "eez_foreign": null, "authorization": "", "authorities": "", "iuu_listed": false, "iuu_label": "", "imo": "", "next_port": null, "evidence_hash": "81f93674bed774f8052e0946be659aafc3f401545f4ad1922ea31bd369c0ea37", "evidence_schema": "seavigil-evidence-1.0", "why": "inside MPA: Great Barrier Reef Marine Park \u00b7 not broadcasting AIS (dark vessel) \u00b7 satellite detections in window: 2", "why_full": "inside MPA: Great Barrier Reef Marine Park \u00b7 not broadcasting AIS (dark vessel) \u00b7 satellite detections in window: 2", "baseline": "", "caveats": "Dark vessel: detected by satellite SAR but not broadcasting AIS. | Not SHAP-explainable -- a SAR detection has no movement track to attribute. | length_m and fishing_score are GFW model estimates from imagery, not ground truth. | MPA boundary may be approximate; verify against official WDPA limits. | An inspection lead, not courtroom evidence.", "caveat": "Dark vessel: detected by satellite SAR but not broadcasting AIS.", "innocent": "A radar contact with no AIS may be a vessel not required to broadcast, sea clutter, or fixed infrastructure; treat as a lead to confirm."}}, {"type": "Feature", "geometry": {"type": "Point", "coordinates": [151.2899932861328, -23.84]}, "properties": {"id": "sar__great_barrier_reef_marine_park_0048", "kind": "dark_vessel_sar", "mpa": "Great Barrier Reef Marine Park", "severity": "low", "severity_reason": "multi-use protected area", "when": "2024-01-01T08:29:59Z", "score": null, "vessel": "(dark -- no AIS identity)", "ship_name": "", "ship_type": "", "destination": "", "gear": "SAR (dark)", "flag": "", "flag_emoji": "", "eez": "Australian Exclusive Economic Zone", "eez_sovereign": "Australia", "eez_foreign": null, "authorization": "", "authorities": "", "iuu_listed": false, "iuu_label": "", "imo": "", "next_port": null, "evidence_hash": "9aa13d79c60d4047aac2b33143b467b608f25627a48c451a2fbfca0b29e0fb89", "evidence_schema": "seavigil-evidence-1.0", "why": "inside MPA: Great Barrier Reef Marine Park \u00b7 not broadcasting AIS (dark vessel) \u00b7 satellite detections in window: 2", "why_full": "inside MPA: Great Barrier Reef Marine Park \u00b7 not broadcasting AIS (dark vessel) \u00b7 satellite detections in window: 2", "baseline": "", "caveats": "Dark vessel: detected by satellite SAR but not broadcasting AIS. | Not SHAP-explainable -- a SAR detection has no movement track to attribute. | length_m and fishing_score are GFW model estimates from imagery, not ground truth. | MPA boundary may be approximate; verify against official WDPA limits. | An inspection lead, not courtroom evidence.", "caveat": "Dark vessel: detected by satellite SAR but not broadcasting AIS.", "innocent": "A radar contact with no AIS may be a vessel not required to broadcast, sea clutter, or fixed infrastructure; treat as a lead to confirm."}}, {"type": "Feature", "geometry": {"type": "Point", "coordinates": [146.86000061035156, -17.59]}, "properties": {"id": "sar__great_barrier_reef_marine_park_0049", "kind": "dark_vessel_sar", "mpa": "Great Barrier Reef Marine Park", "severity": "low", "severity_reason": "multi-use protected area", "when": "2024-01-01T08:29:59Z", "score": null, "vessel": "(dark -- no AIS identity)", "ship_name": "", "ship_type": "", "destination": "", "gear": "SAR (dark)", "flag": "", "flag_emoji": "", "eez": "Australian Exclusive Economic Zone", "eez_sovereign": "Australia", "eez_foreign": null, "authorization": "", "authorities": "", "iuu_listed": false, "iuu_label": "", "imo": "", "next_port": null, "evidence_hash": "70608d4a82338dc0b3fd963b47d42093c68c9d8b7ffc8763fdb5973e88269601", "evidence_schema": "seavigil-evidence-1.0", "why": "inside MPA: Great Barrier Reef Marine Park \u00b7 not broadcasting AIS (dark vessel) \u00b7 satellite detections in window: 2", "why_full": "inside MPA: Great Barrier Reef Marine Park \u00b7 not broadcasting AIS (dark vessel) \u00b7 satellite detections in window: 2", "baseline": "", "caveats": "Dark vessel: detected by satellite SAR but not broadcasting AIS. | Not SHAP-explainable -- a SAR detection has no movement track to attribute. | length_m and fishing_score are GFW model estimates from imagery, not ground truth. | MPA boundary may be approximate; verify against official WDPA limits. | An inspection lead, not courtroom evidence.", "caveat": "Dark vessel: detected by satellite SAR but not broadcasting AIS.", "innocent": "A radar contact with no AIS may be a vessel not required to broadcast, sea clutter, or fixed infrastructure; treat as a lead to confirm."}}, {"type": "Feature", "geometry": {"type": "Point", "coordinates": [149.58999633789062, -21.19]}, "properties": {"id": "sar__great_barrier_reef_marine_park_0050", "kind": "dark_vessel_sar", "mpa": "Great Barrier Reef Marine Park", "severity": "low", "severity_reason": "multi-use protected area", "when": "2024-03-06T19:29:20Z", "score": null, "vessel": "(dark -- no AIS identity)", "ship_name": "", "ship_type": "", "destination": "", "gear": "SAR (dark)", "flag": "", "flag_emoji": "", "eez": "Australian Exclusive Economic Zone", "eez_sovereign": "Australia", "eez_foreign": null, "authorization": "", "authorities": "", "iuu_listed": false, "iuu_label": "", "imo": "", "next_port": null, "evidence_hash": "ba35a22eec1231fc6c0252aa46b5a58f1ee1f7a8d1999bdb583875e3aa53dfa6", "evidence_schema": "seavigil-evidence-1.0", "why": "inside MPA: Great Barrier Reef Marine Park \u00b7 not broadcasting AIS (dark vessel) \u00b7 satellite detections in window: 2", "why_full": "inside MPA: Great Barrier Reef Marine Park \u00b7 not broadcasting AIS (dark vessel) \u00b7 satellite detections in window: 2", "baseline": "", "caveats": "Dark vessel: detected by satellite SAR but not broadcasting AIS. | Not SHAP-explainable -- a SAR detection has no movement track to attribute. | length_m and fishing_score are GFW model estimates from imagery, not ground truth. | MPA boundary may be approximate; verify against official WDPA limits. | An inspection lead, not courtroom evidence.", "caveat": "Dark vessel: detected by satellite SAR but not broadcasting AIS.", "innocent": "A radar contact with no AIS may be a vessel not required to broadcast, sea clutter, or fixed infrastructure; treat as a lead to confirm."}}, {"type": "Feature", "geometry": {"type": "Point", "coordinates": [146.8800048828125, -19.17]}, "properties": {"id": "sar__great_barrier_reef_marine_park_0051", "kind": "dark_vessel_sar", "mpa": "Great Barrier Reef Marine Park", "severity": "low", "severity_reason": "multi-use protected area", "when": "2024-01-01T08:29:59Z", "score": null, "vessel": "(dark -- no AIS identity)", "ship_name": "", "ship_type": "", "destination": "", "gear": "SAR (dark)", "flag": "", "flag_emoji": "", "eez": "Australian Exclusive Economic Zone", "eez_sovereign": "Australia", "eez_foreign": null, "authorization": "", "authorities": "", "iuu_listed": false, "iuu_label": "", "imo": "", "next_port": null, "evidence_hash": "52d4e331ed7e5b6ec01bd8a1343f0b33fc210f11ea060c409e4536bb54f938ab", "evidence_schema": "seavigil-evidence-1.0", "why": "inside MPA: Great Barrier Reef Marine Park \u00b7 not broadcasting AIS (dark vessel) \u00b7 satellite detections in window: 2", "why_full": "inside MPA: Great Barrier Reef Marine Park \u00b7 not broadcasting AIS (dark vessel) \u00b7 satellite detections in window: 2", "baseline": "", "caveats": "Dark vessel: detected by satellite SAR but not broadcasting AIS. | Not SHAP-explainable -- a SAR detection has no movement track to attribute. | length_m and fishing_score are GFW model estimates from imagery, not ground truth. | MPA boundary may be approximate; verify against official WDPA limits. | An inspection lead, not courtroom evidence.", "caveat": "Dark vessel: detected by satellite SAR but not broadcasting AIS.", "innocent": "A radar contact with no AIS may be a vessel not required to broadcast, sea clutter, or fixed infrastructure; treat as a lead to confirm."}}, {"type": "Feature", "geometry": {"type": "Point", "coordinates": [151.49000549316406, -23.88]}, "properties": {"id": "sar__great_barrier_reef_marine_park_0052", "kind": "dark_vessel_sar", "mpa": "Great Barrier Reef Marine Park", "severity": "low", "severity_reason": "multi-use protected area", "when": "2024-01-01T08:29:59Z", "score": null, "vessel": "(dark -- no AIS identity)", "ship_name": "", "ship_type": "", "destination": "", "gear": "SAR (dark)", "flag": "", "flag_emoji": "", "eez": "Australian Exclusive Economic Zone", "eez_sovereign": "Australia", "eez_foreign": null, "authorization": "", "authorities": "", "iuu_listed": false, "iuu_label": "", "imo": "", "next_port": null, "evidence_hash": "0369ec227cce927fdf63ec013bad8a48735470ab30161ba3d5d0586ca2bc4961", "evidence_schema": "seavigil-evidence-1.0", "why": "inside MPA: Great Barrier Reef Marine Park \u00b7 not broadcasting AIS (dark vessel) \u00b7 satellite detections in window: 2", "why_full": "inside MPA: Great Barrier Reef Marine Park \u00b7 not broadcasting AIS (dark vessel) \u00b7 satellite detections in window: 2", "baseline": "", "caveats": "Dark vessel: detected by satellite SAR but not broadcasting AIS. | Not SHAP-explainable -- a SAR detection has no movement track to attribute. | length_m and fishing_score are GFW model estimates from imagery, not ground truth. | MPA boundary may be approximate; verify against official WDPA limits. | An inspection lead, not courtroom evidence.", "caveat": "Dark vessel: detected by satellite SAR but not broadcasting AIS.", "innocent": "A radar contact with no AIS may be a vessel not required to broadcast, sea clutter, or fixed infrastructure; treat as a lead to confirm."}}, {"type": "Feature", "geometry": {"type": "Point", "coordinates": [149.0800018310547, -19.78]}, "properties": {"id": "sar__great_barrier_reef_marine_park_0053", "kind": "dark_vessel_sar", "mpa": "Great Barrier Reef Marine Park", "severity": "low", "severity_reason": "multi-use protected area", "when": "2024-01-01T08:29:59Z", "score": null, "vessel": "(dark -- no AIS identity)", "ship_name": "", "ship_type": "", "destination": "", "gear": "SAR (dark)", "flag": "", "flag_emoji": "", "eez": "Australian Exclusive Economic Zone", "eez_sovereign": "Australia", "eez_foreign": null, "authorization": "", "authorities": "", "iuu_listed": false, "iuu_label": "", "imo": "", "next_port": null, "evidence_hash": "d53cccfb24f46e189b6aa48ce9eeca60239a945bb3dc2f158dc9e8a20ba79353", "evidence_schema": "seavigil-evidence-1.0", "why": "inside MPA: Great Barrier Reef Marine Park \u00b7 not broadcasting AIS (dark vessel) \u00b7 satellite detections in window: 2", "why_full": "inside MPA: Great Barrier Reef Marine Park \u00b7 not broadcasting AIS (dark vessel) \u00b7 satellite detections in window: 2", "baseline": "", "caveats": "Dark vessel: detected by satellite SAR but not broadcasting AIS. | Not SHAP-explainable -- a SAR detection has no movement track to attribute. | length_m and fishing_score are GFW model estimates from imagery, not ground truth. | MPA boundary may be approximate; verify against official WDPA limits. | An inspection lead, not courtroom evidence.", "caveat": "Dark vessel: detected by satellite SAR but not broadcasting AIS.", "innocent": "A radar contact with no AIS may be a vessel not required to broadcast, sea clutter, or fixed infrastructure; treat as a lead to confirm."}}, {"type": "Feature", "geometry": {"type": "Point", "coordinates": [147.97000122070312, -19.53]}, "properties": {"id": "sar__great_barrier_reef_marine_park_0054", "kind": "dark_vessel_sar", "mpa": "Great Barrier Reef Marine Park", "severity": "low", "severity_reason": "multi-use protected area", "when": "2024-01-01T08:29:59Z", "score": null, "vessel": "(dark -- no AIS identity)", "ship_name": "", "ship_type": "", "destination": "", "gear": "SAR (dark)", "flag": "", "flag_emoji": "", "eez": "Australian Exclusive Economic Zone", "eez_sovereign": "Australia", "eez_foreign": null, "authorization": "", "authorities": "", "iuu_listed": false, "iuu_label": "", "imo": "", "next_port": null, "evidence_hash": "06b5f8ea808375e674448d2d86cb63256290491b269486730ff99256eea14817", "evidence_schema": "seavigil-evidence-1.0", "why": "inside MPA: Great Barrier Reef Marine Park \u00b7 not broadcasting AIS (dark vessel) \u00b7 satellite detections in window: 2", "why_full": "inside MPA: Great Barrier Reef Marine Park \u00b7 not broadcasting AIS (dark vessel) \u00b7 satellite detections in window: 2", "baseline": "", "caveats": "Dark vessel: detected by satellite SAR but not broadcasting AIS. | Not SHAP-explainable -- a SAR detection has no movement track to attribute. | length_m and fishing_score are GFW model estimates from imagery, not ground truth. | MPA boundary may be approximate; verify against official WDPA limits. | An inspection lead, not courtroom evidence.", "caveat": "Dark vessel: detected by satellite SAR but not broadcasting AIS.", "innocent": "A radar contact with no AIS may be a vessel not required to broadcast, sea clutter, or fixed infrastructure; treat as a lead to confirm."}}, {"type": "Feature", "geometry": {"type": "Point", "coordinates": [146.88999938964844, -19.14]}, "properties": {"id": "sar__great_barrier_reef_marine_park_0055", "kind": "dark_vessel_sar", "mpa": "Great Barrier Reef Marine Park", "severity": "low", "severity_reason": "multi-use protected area", "when": "2024-01-01T08:29:59Z", "score": null, "vessel": "(dark -- no AIS identity)", "ship_name": "", "ship_type": "", "destination": "", "gear": "SAR (dark)", "flag": "", "flag_emoji": "", "eez": "Australian Exclusive Economic Zone", "eez_sovereign": "Australia", "eez_foreign": null, "authorization": "", "authorities": "", "iuu_listed": false, "iuu_label": "", "imo": "", "next_port": null, "evidence_hash": "7d62e9f01fdedb79932457668bee4c8c1e2af82572fdcc9af6413196d50c8cc6", "evidence_schema": "seavigil-evidence-1.0", "why": "inside MPA: Great Barrier Reef Marine Park \u00b7 not broadcasting AIS (dark vessel) \u00b7 satellite detections in window: 2", "why_full": "inside MPA: Great Barrier Reef Marine Park \u00b7 not broadcasting AIS (dark vessel) \u00b7 satellite detections in window: 2", "baseline": "", "caveats": "Dark vessel: detected by satellite SAR but not broadcasting AIS. | Not SHAP-explainable -- a SAR detection has no movement track to attribute. | length_m and fishing_score are GFW model estimates from imagery, not ground truth. | MPA boundary may be approximate; verify against official WDPA limits. | An inspection lead, not courtroom evidence.", "caveat": "Dark vessel: detected by satellite SAR but not broadcasting AIS.", "innocent": "A radar contact with no AIS may be a vessel not required to broadcast, sea clutter, or fixed infrastructure; treat as a lead to confirm."}}, {"type": "Feature", "geometry": {"type": "Point", "coordinates": [148.08999633789062, -19.59]}, "properties": {"id": "sar__great_barrier_reef_marine_park_0056", "kind": "dark_vessel_sar", "mpa": "Great Barrier Reef Marine Park", "severity": "low", "severity_reason": "multi-use protected area", "when": "2024-01-01T08:29:59Z", "score": null, "vessel": "(dark -- no AIS identity)", "ship_name": "", "ship_type": "", "destination": "", "gear": "SAR (dark)", "flag": "", "flag_emoji": "", "eez": "Australian Exclusive Economic Zone", "eez_sovereign": "Australia", "eez_foreign": null, "authorization": "", "authorities": "", "iuu_listed": false, "iuu_label": "", "imo": "", "next_port": null, "evidence_hash": "1d799abb12893be342d0094102d0a4fc481d1e43aa61d6df7385afdc7e80e607", "evidence_schema": "seavigil-evidence-1.0", "why": "inside MPA: Great Barrier Reef Marine Park \u00b7 not broadcasting AIS (dark vessel) \u00b7 satellite detections in window: 2", "why_full": "inside MPA: Great Barrier Reef Marine Park \u00b7 not broadcasting AIS (dark vessel) \u00b7 satellite detections in window: 2", "baseline": "", "caveats": "Dark vessel: detected by satellite SAR but not broadcasting AIS. | Not SHAP-explainable -- a SAR detection has no movement track to attribute. | length_m and fishing_score are GFW model estimates from imagery, not ground truth. | MPA boundary may be approximate; verify against official WDPA limits. | An inspection lead, not courtroom evidence.", "caveat": "Dark vessel: detected by satellite SAR but not broadcasting AIS.", "innocent": "A radar contact with no AIS may be a vessel not required to broadcast, sea clutter, or fixed infrastructure; treat as a lead to confirm."}}, {"type": "Feature", "geometry": {"type": "Point", "coordinates": [144.1199951171875, -10.51]}, "properties": {"id": "sar__great_barrier_reef_marine_park_0057", "kind": "dark_vessel_sar", "mpa": "Great Barrier Reef Marine Park", "severity": "low", "severity_reason": "multi-use protected area", "when": "2024-01-01T08:29:59Z", "score": null, "vessel": "(dark -- no AIS identity)", "ship_name": "", "ship_type": "", "destination": "", "gear": "SAR (dark)", "flag": "", "flag_emoji": "", "eez": "Australian Exclusive Economic Zone", "eez_sovereign": "Australia", "eez_foreign": null, "authorization": "", "authorities": "", "iuu_listed": false, "iuu_label": "", "imo": "", "next_port": null, "evidence_hash": "d7f127d8525ef40c2fe1ef57ec6bab9354691d0dd72f1626fbc9c6792891e81a", "evidence_schema": "seavigil-evidence-1.0", "why": "inside MPA: Great Barrier Reef Marine Park \u00b7 not broadcasting AIS (dark vessel) \u00b7 satellite detections in window: 2", "why_full": "inside MPA: Great Barrier Reef Marine Park \u00b7 not broadcasting AIS (dark vessel) \u00b7 satellite detections in window: 2", "baseline": "", "caveats": "Dark vessel: detected by satellite SAR but not broadcasting AIS. | Not SHAP-explainable -- a SAR detection has no movement track to attribute. | length_m and fishing_score are GFW model estimates from imagery, not ground truth. | MPA boundary may be approximate; verify against official WDPA limits. | An inspection lead, not courtroom evidence.", "caveat": "Dark vessel: detected by satellite SAR but not broadcasting AIS.", "innocent": "A radar contact with no AIS may be a vessel not required to broadcast, sea clutter, or fixed infrastructure; treat as a lead to confirm."}}, {"type": "Feature", "geometry": {"type": "Point", "coordinates": [149.6199951171875, -22.26]}, "properties": {"id": "sar__great_barrier_reef_marine_park_0058", "kind": "dark_vessel_sar", "mpa": "Great Barrier Reef Marine Park", "severity": "low", "severity_reason": "multi-use protected area", "when": "2024-01-01T08:29:59Z", "score": null, "vessel": "(dark -- no AIS identity)", "ship_name": "", "ship_type": "", "destination": "", "gear": "SAR (dark)", "flag": "", "flag_emoji": "", "eez": "Australian Exclusive Economic Zone", "eez_sovereign": "Australia", "eez_foreign": null, "authorization": "", "authorities": "", "iuu_listed": false, "iuu_label": "", "imo": "", "next_port": null, "evidence_hash": "a2af31acc1ff8cab150f562c9b39a4ac87c0a3075eba2467993ba3e2c64f6bda", "evidence_schema": "seavigil-evidence-1.0", "why": "inside MPA: Great Barrier Reef Marine Park \u00b7 not broadcasting AIS (dark vessel) \u00b7 satellite detections in window: 2", "why_full": "inside MPA: Great Barrier Reef Marine Park \u00b7 not broadcasting AIS (dark vessel) \u00b7 satellite detections in window: 2", "baseline": "", "caveats": "Dark vessel: detected by satellite SAR but not broadcasting AIS. | Not SHAP-explainable -- a SAR detection has no movement track to attribute. | length_m and fishing_score are GFW model estimates from imagery, not ground truth. | MPA boundary may be approximate; verify against official WDPA limits. | An inspection lead, not courtroom evidence.", "caveat": "Dark vessel: detected by satellite SAR but not broadcasting AIS.", "innocent": "A radar contact with no AIS may be a vessel not required to broadcast, sea clutter, or fixed infrastructure; treat as a lead to confirm."}}, {"type": "Feature", "geometry": {"type": "Point", "coordinates": [146.4199981689453, -18.65]}, "properties": {"id": "sar__great_barrier_reef_marine_park_0059", "kind": "dark_vessel_sar", "mpa": "Great Barrier Reef Marine Park", "severity": "low", "severity_reason": "multi-use protected area", "when": "2024-01-01T08:29:59Z", "score": null, "vessel": "(dark -- no AIS identity)", "ship_name": "", "ship_type": "", "destination": "", "gear": "SAR (dark)", "flag": "", "flag_emoji": "", "eez": "Australian Exclusive Economic Zone", "eez_sovereign": "Australia", "eez_foreign": null, "authorization": "", "authorities": "", "iuu_listed": false, "iuu_label": "", "imo": "", "next_port": null, "evidence_hash": "9184cd0b12adbaf55f8a7b0152091b09ae88e22bf19835d3ece2074845333fcf", "evidence_schema": "seavigil-evidence-1.0", "why": "inside MPA: Great Barrier Reef Marine Park \u00b7 not broadcasting AIS (dark vessel) \u00b7 satellite detections in window: 2", "why_full": "inside MPA: Great Barrier Reef Marine Park \u00b7 not broadcasting AIS (dark vessel) \u00b7 satellite detections in window: 2", "baseline": "", "caveats": "Dark vessel: detected by satellite SAR but not broadcasting AIS. | Not SHAP-explainable -- a SAR detection has no movement track to attribute. | length_m and fishing_score are GFW model estimates from imagery, not ground truth. | MPA boundary may be approximate; verify against official WDPA limits. | An inspection lead, not courtroom evidence.", "caveat": "Dark vessel: detected by satellite SAR but not broadcasting AIS.", "innocent": "A radar contact with no AIS may be a vessel not required to broadcast, sea clutter, or fixed infrastructure; treat as a lead to confirm."}}, {"type": "Feature", "geometry": {"type": "Point", "coordinates": [146.22000122070312, -17.7]}, "properties": {"id": "sar__great_barrier_reef_marine_park_0060", "kind": "dark_vessel_sar", "mpa": "Great Barrier Reef Marine Park", "severity": "low", "severity_reason": "multi-use protected area", "when": "2024-01-01T08:29:59Z", "score": null, "vessel": "(dark -- no AIS identity)", "ship_name": "", "ship_type": "", "destination": "", "gear": "SAR (dark)", "flag": "", "flag_emoji": "", "eez": "Australian Exclusive Economic Zone", "eez_sovereign": "Australia", "eez_foreign": null, "authorization": "", "authorities": "", "iuu_listed": false, "iuu_label": "", "imo": "", "next_port": null, "evidence_hash": "7c846bb3ca10979ac4a5b175218cac16b1c84de47fae3d9b69aa52f4c96867d7", "evidence_schema": "seavigil-evidence-1.0", "why": "inside MPA: Great Barrier Reef Marine Park \u00b7 not broadcasting AIS (dark vessel) \u00b7 satellite detections in window: 2", "why_full": "inside MPA: Great Barrier Reef Marine Park \u00b7 not broadcasting AIS (dark vessel) \u00b7 satellite detections in window: 2", "baseline": "", "caveats": "Dark vessel: detected by satellite SAR but not broadcasting AIS. | Not SHAP-explainable -- a SAR detection has no movement track to attribute. | length_m and fishing_score are GFW model estimates from imagery, not ground truth. | MPA boundary may be approximate; verify against official WDPA limits. | An inspection lead, not courtroom evidence.", "caveat": "Dark vessel: detected by satellite SAR but not broadcasting AIS.", "innocent": "A radar contact with no AIS may be a vessel not required to broadcast, sea clutter, or fixed infrastructure; treat as a lead to confirm."}}, {"type": "Feature", "geometry": {"type": "Point", "coordinates": [147.6999969482422, -19.14]}, "properties": {"id": "sar__great_barrier_reef_marine_park_0061", "kind": "dark_vessel_sar", "mpa": "Great Barrier Reef Marine Park", "severity": "low", "severity_reason": "multi-use protected area", "when": "2024-01-01T08:29:59Z", "score": null, "vessel": "(dark -- no AIS identity)", "ship_name": "", "ship_type": "", "destination": "", "gear": "SAR (dark)", "flag": "", "flag_emoji": "", "eez": "Australian Exclusive Economic Zone", "eez_sovereign": "Australia", "eez_foreign": null, "authorization": "", "authorities": "", "iuu_listed": false, "iuu_label": "", "imo": "", "next_port": null, "evidence_hash": "8300a95366981b7dd5ca20d20ab32eda8640b1c95feaeaa5fed94e53f60d063d", "evidence_schema": "seavigil-evidence-1.0", "why": "inside MPA: Great Barrier Reef Marine Park \u00b7 not broadcasting AIS (dark vessel) \u00b7 satellite detections in window: 2", "why_full": "inside MPA: Great Barrier Reef Marine Park \u00b7 not broadcasting AIS (dark vessel) \u00b7 satellite detections in window: 2", "baseline": "", "caveats": "Dark vessel: detected by satellite SAR but not broadcasting AIS. | Not SHAP-explainable -- a SAR detection has no movement track to attribute. | length_m and fishing_score are GFW model estimates from imagery, not ground truth. | MPA boundary may be approximate; verify against official WDPA limits. | An inspection lead, not courtroom evidence.", "caveat": "Dark vessel: detected by satellite SAR but not broadcasting AIS.", "innocent": "A radar contact with no AIS may be a vessel not required to broadcast, sea clutter, or fixed infrastructure; treat as a lead to confirm."}}, {"type": "Feature", "geometry": {"type": "Point", "coordinates": [145.82000732421875, -16.85]}, "properties": {"id": "sar__great_barrier_reef_marine_park_0062", "kind": "dark_vessel_sar", "mpa": "Great Barrier Reef Marine Park", "severity": "low", "severity_reason": "multi-use protected area", "when": "2024-01-01T08:29:59Z", "score": null, "vessel": "(dark -- no AIS identity)", "ship_name": "", "ship_type": "", "destination": "", "gear": "SAR (dark)", "flag": "", "flag_emoji": "", "eez": "Australian Exclusive Economic Zone", "eez_sovereign": "Australia", "eez_foreign": null, "authorization": "", "authorities": "", "iuu_listed": false, "iuu_label": "", "imo": "", "next_port": null, "evidence_hash": "e6f51c775d4c4153ec6a07882d6bb85a25a9b248ba90027b5536d1ffdd57a3cf", "evidence_schema": "seavigil-evidence-1.0", "why": "inside MPA: Great Barrier Reef Marine Park \u00b7 not broadcasting AIS (dark vessel) \u00b7 satellite detections in window: 2", "why_full": "inside MPA: Great Barrier Reef Marine Park \u00b7 not broadcasting AIS (dark vessel) \u00b7 satellite detections in window: 2", "baseline": "", "caveats": "Dark vessel: detected by satellite SAR but not broadcasting AIS. | Not SHAP-explainable -- a SAR detection has no movement track to attribute. | length_m and fishing_score are GFW model estimates from imagery, not ground truth. | MPA boundary may be approximate; verify against official WDPA limits. | An inspection lead, not courtroom evidence.", "caveat": "Dark vessel: detected by satellite SAR but not broadcasting AIS.", "innocent": "A radar contact with no AIS may be a vessel not required to broadcast, sea clutter, or fixed infrastructure; treat as a lead to confirm."}}, {"type": "Feature", "geometry": {"type": "Point", "coordinates": [148.11000061035156, -19.61]}, "properties": {"id": "sar__great_barrier_reef_marine_park_0063", "kind": "dark_vessel_sar", "mpa": "Great Barrier Reef Marine Park", "severity": "low", "severity_reason": "multi-use protected area", "when": "2024-01-01T08:29:59Z", "score": null, "vessel": "(dark -- no AIS identity)", "ship_name": "", "ship_type": "", "destination": "", "gear": "SAR (dark)", "flag": "", "flag_emoji": "", "eez": "Australian Exclusive Economic Zone", "eez_sovereign": "Australia", "eez_foreign": null, "authorization": "", "authorities": "", "iuu_listed": false, "iuu_label": "", "imo": "", "next_port": null, "evidence_hash": "1a332c38f60029e3b5911c5b27a2b8daca65a294631c53b0b87b3b5631b71ea1", "evidence_schema": "seavigil-evidence-1.0", "why": "inside MPA: Great Barrier Reef Marine Park \u00b7 not broadcasting AIS (dark vessel) \u00b7 satellite detections in window: 2", "why_full": "inside MPA: Great Barrier Reef Marine Park \u00b7 not broadcasting AIS (dark vessel) \u00b7 satellite detections in window: 2", "baseline": "", "caveats": "Dark vessel: detected by satellite SAR but not broadcasting AIS. | Not SHAP-explainable -- a SAR detection has no movement track to attribute. | length_m and fishing_score are GFW model estimates from imagery, not ground truth. | MPA boundary may be approximate; verify against official WDPA limits. | An inspection lead, not courtroom evidence.", "caveat": "Dark vessel: detected by satellite SAR but not broadcasting AIS.", "innocent": "A radar contact with no AIS may be a vessel not required to broadcast, sea clutter, or fixed infrastructure; treat as a lead to confirm."}}, {"type": "Feature", "geometry": {"type": "Point", "coordinates": [148.0500030517578, -19.7]}, "properties": {"id": "sar__great_barrier_reef_marine_park_0064", "kind": "dark_vessel_sar", "mpa": "Great Barrier Reef Marine Park", "severity": "low", "severity_reason": "multi-use protected area", "when": "2024-01-01T08:29:59Z", "score": null, "vessel": "(dark -- no AIS identity)", "ship_name": "", "ship_type": "", "destination": "", "gear": "SAR (dark)", "flag": "", "flag_emoji": "", "eez": "Australian Exclusive Economic Zone", "eez_sovereign": "Australia", "eez_foreign": null, "authorization": "", "authorities": "", "iuu_listed": false, "iuu_label": "", "imo": "", "next_port": null, "evidence_hash": "822cb1152eac6381777c2f5be1aac10790e6e077cadbccd1f09e6cd4545f30fb", "evidence_schema": "seavigil-evidence-1.0", "why": "inside MPA: Great Barrier Reef Marine Park \u00b7 not broadcasting AIS (dark vessel) \u00b7 satellite detections in window: 2", "why_full": "inside MPA: Great Barrier Reef Marine Park \u00b7 not broadcasting AIS (dark vessel) \u00b7 satellite detections in window: 2", "baseline": "", "caveats": "Dark vessel: detected by satellite SAR but not broadcasting AIS. | Not SHAP-explainable -- a SAR detection has no movement track to attribute. | length_m and fishing_score are GFW model estimates from imagery, not ground truth. | MPA boundary may be approximate; verify against official WDPA limits. | An inspection lead, not courtroom evidence.", "caveat": "Dark vessel: detected by satellite SAR but not broadcasting AIS.", "innocent": "A radar contact with no AIS may be a vessel not required to broadcast, sea clutter, or fixed infrastructure; treat as a lead to confirm."}}, {"type": "Feature", "geometry": {"type": "Point", "coordinates": [151.52000427246094, -23.83]}, "properties": {"id": "sar__great_barrier_reef_marine_park_0065", "kind": "dark_vessel_sar", "mpa": "Great Barrier Reef Marine Park", "severity": "low", "severity_reason": "multi-use protected area", "when": "2024-12-14T19:21:45Z", "score": null, "vessel": "(dark -- no AIS identity)", "ship_name": "", "ship_type": "", "destination": "", "gear": "SAR (dark)", "flag": "", "flag_emoji": "", "eez": "Australian Exclusive Economic Zone", "eez_sovereign": "Australia", "eez_foreign": null, "authorization": "", "authorities": "", "iuu_listed": false, "iuu_label": "", "imo": "", "next_port": null, "evidence_hash": "f82745e48dae2bdb5b5a9fa2ebf40dd224e8d76216a3490d51e50253e431a653", "evidence_schema": "seavigil-evidence-1.0", "why": "inside MPA: Great Barrier Reef Marine Park \u00b7 not broadcasting AIS (dark vessel) \u00b7 satellite detections in window: 2", "why_full": "inside MPA: Great Barrier Reef Marine Park \u00b7 not broadcasting AIS (dark vessel) \u00b7 satellite detections in window: 2", "baseline": "", "caveats": "Dark vessel: detected by satellite SAR but not broadcasting AIS. | Not SHAP-explainable -- a SAR detection has no movement track to attribute. | length_m and fishing_score are GFW model estimates from imagery, not ground truth. | MPA boundary may be approximate; verify against official WDPA limits. | An inspection lead, not courtroom evidence.", "caveat": "Dark vessel: detected by satellite SAR but not broadcasting AIS.", "innocent": "A radar contact with no AIS may be a vessel not required to broadcast, sea clutter, or fixed infrastructure; treat as a lead to confirm."}}, {"type": "Feature", "geometry": {"type": "Point", "coordinates": [151.66000366210938, -23.38]}, "properties": {"id": "sar__great_barrier_reef_marine_park_0066", "kind": "dark_vessel_sar", "mpa": "Great Barrier Reef Marine Park", "severity": "low", "severity_reason": "multi-use protected area", "when": "2024-01-01T08:29:59Z", "score": null, "vessel": "(dark -- no AIS identity)", "ship_name": "", "ship_type": "", "destination": "", "gear": "SAR (dark)", "flag": "", "flag_emoji": "", "eez": "Australian Exclusive Economic Zone", "eez_sovereign": "Australia", "eez_foreign": null, "authorization": "", "authorities": "", "iuu_listed": false, "iuu_label": "", "imo": "", "next_port": null, "evidence_hash": "7253ca9724fc4732a66dd36bfc9e687722b29677dfba49ef79ba53b0464b7c38", "evidence_schema": "seavigil-evidence-1.0", "why": "inside MPA: Great Barrier Reef Marine Park \u00b7 not broadcasting AIS (dark vessel) \u00b7 satellite detections in window: 2", "why_full": "inside MPA: Great Barrier Reef Marine Park \u00b7 not broadcasting AIS (dark vessel) \u00b7 satellite detections in window: 2", "baseline": "", "caveats": "Dark vessel: detected by satellite SAR but not broadcasting AIS. | Not SHAP-explainable -- a SAR detection has no movement track to attribute. | length_m and fishing_score are GFW model estimates from imagery, not ground truth. | MPA boundary may be approximate; verify against official WDPA limits. | An inspection lead, not courtroom evidence.", "caveat": "Dark vessel: detected by satellite SAR but not broadcasting AIS.", "innocent": "A radar contact with no AIS may be a vessel not required to broadcast, sea clutter, or fixed infrastructure; treat as a lead to confirm."}}, {"type": "Feature", "geometry": {"type": "Point", "coordinates": [151.61000061035156, -23.9]}, "properties": {"id": "sar__great_barrier_reef_marine_park_0067", "kind": "dark_vessel_sar", "mpa": "Great Barrier Reef Marine Park", "severity": "low", "severity_reason": "multi-use protected area", "when": "2024-04-06T19:21:48Z", "score": null, "vessel": "(dark -- no AIS identity)", "ship_name": "", "ship_type": "", "destination": "", "gear": "SAR (dark)", "flag": "", "flag_emoji": "", "eez": "Australian Exclusive Economic Zone", "eez_sovereign": "Australia", "eez_foreign": null, "authorization": "", "authorities": "", "iuu_listed": false, "iuu_label": "", "imo": "", "next_port": null, "evidence_hash": "2c939fb2c9f497b6842031fbfe26c2eacab7dbca3b9a208e220100c1d86bfaa0", "evidence_schema": "seavigil-evidence-1.0", "why": "inside MPA: Great Barrier Reef Marine Park \u00b7 not broadcasting AIS (dark vessel) \u00b7 satellite detections in window: 2", "why_full": "inside MPA: Great Barrier Reef Marine Park \u00b7 not broadcasting AIS (dark vessel) \u00b7 satellite detections in window: 2", "baseline": "", "caveats": "Dark vessel: detected by satellite SAR but not broadcasting AIS. | Not SHAP-explainable -- a SAR detection has no movement track to attribute. | length_m and fishing_score are GFW model estimates from imagery, not ground truth. | MPA boundary may be approximate; verify against official WDPA limits. | An inspection lead, not courtroom evidence.", "caveat": "Dark vessel: detected by satellite SAR but not broadcasting AIS.", "innocent": "A radar contact with no AIS may be a vessel not required to broadcast, sea clutter, or fixed infrastructure; treat as a lead to confirm."}}, {"type": "Feature", "geometry": {"type": "Point", "coordinates": [152.3300018310547, -24.05]}, "properties": {"id": "sar__great_barrier_reef_marine_park_0068", "kind": "dark_vessel_sar", "mpa": "Great Barrier Reef Marine Park", "severity": "low", "severity_reason": "multi-use protected area", "when": "2024-01-01T08:29:59Z", "score": null, "vessel": "(dark -- no AIS identity)", "ship_name": "", "ship_type": "", "destination": "", "gear": "SAR (dark)", "flag": "", "flag_emoji": "", "eez": "Australian Exclusive Economic Zone", "eez_sovereign": "Australia", "eez_foreign": null, "authorization": "", "authorities": "", "iuu_listed": false, "iuu_label": "", "imo": "", "next_port": null, "evidence_hash": "41296922ffbb50fa8427f5ebab5c4a46195b38c8423ca0370e73ba5efb56051b", "evidence_schema": "seavigil-evidence-1.0", "why": "inside MPA: Great Barrier Reef Marine Park \u00b7 not broadcasting AIS (dark vessel) \u00b7 satellite detections in window: 2", "why_full": "inside MPA: Great Barrier Reef Marine Park \u00b7 not broadcasting AIS (dark vessel) \u00b7 satellite detections in window: 2", "baseline": "", "caveats": "Dark vessel: detected by satellite SAR but not broadcasting AIS. | Not SHAP-explainable -- a SAR detection has no movement track to attribute. | length_m and fishing_score are GFW model estimates from imagery, not ground truth. | MPA boundary may be approximate; verify against official WDPA limits. | An inspection lead, not courtroom evidence.", "caveat": "Dark vessel: detected by satellite SAR but not broadcasting AIS.", "innocent": "A radar contact with no AIS may be a vessel not required to broadcast, sea clutter, or fixed infrastructure; treat as a lead to confirm."}}, {"type": "Feature", "geometry": {"type": "Point", "coordinates": [143.97999572753906, -14.25]}, "properties": {"id": "sar__great_barrier_reef_marine_park_0069", "kind": "dark_vessel_sar", "mpa": "Great Barrier Reef Marine Park", "severity": "low", "severity_reason": "multi-use protected area", "when": "2024-01-01T08:29:59Z", "score": null, "vessel": "(dark -- no AIS identity)", "ship_name": "", "ship_type": "", "destination": "", "gear": "SAR (dark)", "flag": "", "flag_emoji": "", "eez": "Australian Exclusive Economic Zone", "eez_sovereign": "Australia", "eez_foreign": null, "authorization": "", "authorities": "", "iuu_listed": false, "iuu_label": "", "imo": "", "next_port": null, "evidence_hash": "0c52424db2c545f2f8263170fa84684f56339e77c7e8fb93c325227a7474739c", "evidence_schema": "seavigil-evidence-1.0", "why": "inside MPA: Great Barrier Reef Marine Park \u00b7 not broadcasting AIS (dark vessel) \u00b7 satellite detections in window: 2", "why_full": "inside MPA: Great Barrier Reef Marine Park \u00b7 not broadcasting AIS (dark vessel) \u00b7 satellite detections in window: 2", "baseline": "", "caveats": "Dark vessel: detected by satellite SAR but not broadcasting AIS. | Not SHAP-explainable -- a SAR detection has no movement track to attribute. | length_m and fishing_score are GFW model estimates from imagery, not ground truth. | MPA boundary may be approximate; verify against official WDPA limits. | An inspection lead, not courtroom evidence.", "caveat": "Dark vessel: detected by satellite SAR but not broadcasting AIS.", "innocent": "A radar contact with no AIS may be a vessel not required to broadcast, sea clutter, or fixed infrastructure; treat as a lead to confirm."}}, {"type": "Feature", "geometry": {"type": "Point", "coordinates": [146.8000030517578, -17.39]}, "properties": {"id": "sar__great_barrier_reef_marine_park_0070", "kind": "dark_vessel_sar", "mpa": "Great Barrier Reef Marine Park", "severity": "low", "severity_reason": "multi-use protected area", "when": "2024-01-01T08:29:59Z", "score": null, "vessel": "(dark -- no AIS identity)", "ship_name": "", "ship_type": "", "destination": "", "gear": "SAR (dark)", "flag": "", "flag_emoji": "", "eez": "Australian Exclusive Economic Zone", "eez_sovereign": "Australia", "eez_foreign": null, "authorization": "", "authorities": "", "iuu_listed": false, "iuu_label": "", "imo": "", "next_port": null, "evidence_hash": "df92dfbfbb1350729439f69c95ef1f7963fda3b7121dcf2efbac0beef9872a4b", "evidence_schema": "seavigil-evidence-1.0", "why": "inside MPA: Great Barrier Reef Marine Park \u00b7 not broadcasting AIS (dark vessel) \u00b7 satellite detections in window: 2", "why_full": "inside MPA: Great Barrier Reef Marine Park \u00b7 not broadcasting AIS (dark vessel) \u00b7 satellite detections in window: 2", "baseline": "", "caveats": "Dark vessel: detected by satellite SAR but not broadcasting AIS. | Not SHAP-explainable -- a SAR detection has no movement track to attribute. | length_m and fishing_score are GFW model estimates from imagery, not ground truth. | MPA boundary may be approximate; verify against official WDPA limits. | An inspection lead, not courtroom evidence.", "caveat": "Dark vessel: detected by satellite SAR but not broadcasting AIS.", "innocent": "A radar contact with no AIS may be a vessel not required to broadcast, sea clutter, or fixed infrastructure; treat as a lead to confirm."}}, {"type": "Feature", "geometry": {"type": "Point", "coordinates": [143.85000610351562, -13.28]}, "properties": {"id": "sar__great_barrier_reef_marine_park_0071", "kind": "dark_vessel_sar", "mpa": "Great Barrier Reef Marine Park", "severity": "low", "severity_reason": "multi-use protected area", "when": "2024-01-01T08:29:59Z", "score": null, "vessel": "(dark -- no AIS identity)", "ship_name": "", "ship_type": "", "destination": "", "gear": "SAR (dark)", "flag": "", "flag_emoji": "", "eez": "Australian Exclusive Economic Zone", "eez_sovereign": "Australia", "eez_foreign": null, "authorization": "", "authorities": "", "iuu_listed": false, "iuu_label": "", "imo": "", "next_port": null, "evidence_hash": "b26345116bb13e19f7d4df71525ad4e8ead12963a182e37dab0f317aad949fcc", "evidence_schema": "seavigil-evidence-1.0", "why": "inside MPA: Great Barrier Reef Marine Park \u00b7 not broadcasting AIS (dark vessel) \u00b7 satellite detections in window: 2", "why_full": "inside MPA: Great Barrier Reef Marine Park \u00b7 not broadcasting AIS (dark vessel) \u00b7 satellite detections in window: 2", "baseline": "", "caveats": "Dark vessel: detected by satellite SAR but not broadcasting AIS. | Not SHAP-explainable -- a SAR detection has no movement track to attribute. | length_m and fishing_score are GFW model estimates from imagery, not ground truth. | MPA boundary may be approximate; verify against official WDPA limits. | An inspection lead, not courtroom evidence.", "caveat": "Dark vessel: detected by satellite SAR but not broadcasting AIS.", "innocent": "A radar contact with no AIS may be a vessel not required to broadcast, sea clutter, or fixed infrastructure; treat as a lead to confirm."}}, {"type": "Feature", "geometry": {"type": "Point", "coordinates": [149.58999633789062, -21.21]}, "properties": {"id": "sar__great_barrier_reef_marine_park_0072", "kind": "dark_vessel_sar", "mpa": "Great Barrier Reef Marine Park", "severity": "low", "severity_reason": "multi-use protected area", "when": "2024-01-01T08:29:59Z", "score": null, "vessel": "(dark -- no AIS identity)", "ship_name": "", "ship_type": "", "destination": "", "gear": "SAR (dark)", "flag": "", "flag_emoji": "", "eez": "Australian Exclusive Economic Zone", "eez_sovereign": "Australia", "eez_foreign": null, "authorization": "", "authorities": "", "iuu_listed": false, "iuu_label": "", "imo": "", "next_port": null, "evidence_hash": "ab4a8de3a77cea28994a37fe879dd8e9abfa1845dc4016fec07147f18e71810b", "evidence_schema": "seavigil-evidence-1.0", "why": "inside MPA: Great Barrier Reef Marine Park \u00b7 not broadcasting AIS (dark vessel) \u00b7 satellite detections in window: 2", "why_full": "inside MPA: Great Barrier Reef Marine Park \u00b7 not broadcasting AIS (dark vessel) \u00b7 satellite detections in window: 2", "baseline": "", "caveats": "Dark vessel: detected by satellite SAR but not broadcasting AIS. | Not SHAP-explainable -- a SAR detection has no movement track to attribute. | length_m and fishing_score are GFW model estimates from imagery, not ground truth. | MPA boundary may be approximate; verify against official WDPA limits. | An inspection lead, not courtroom evidence.", "caveat": "Dark vessel: detected by satellite SAR but not broadcasting AIS.", "innocent": "A radar contact with no AIS may be a vessel not required to broadcast, sea clutter, or fixed infrastructure; treat as a lead to confirm."}}, {"type": "Feature", "geometry": {"type": "Point", "coordinates": [152.38999938964844, -24.11]}, "properties": {"id": "sar__great_barrier_reef_marine_park_0073", "kind": "dark_vessel_sar", "mpa": "Great Barrier Reef Marine Park", "severity": "low", "severity_reason": "multi-use protected area", "when": "2024-01-01T08:29:59Z", "score": null, "vessel": "(dark -- no AIS identity)", "ship_name": "", "ship_type": "", "destination": "", "gear": "SAR (dark)", "flag": "", "flag_emoji": "", "eez": "Australian Exclusive Economic Zone", "eez_sovereign": "Australia", "eez_foreign": null, "authorization": "", "authorities": "", "iuu_listed": false, "iuu_label": "", "imo": "", "next_port": null, "evidence_hash": "f86ee8ea1a6fc1cb00702e8f713a6b9482dcfe84889272415d6eec565b18bd75", "evidence_schema": "seavigil-evidence-1.0", "why": "inside MPA: Great Barrier Reef Marine Park \u00b7 not broadcasting AIS (dark vessel) \u00b7 satellite detections in window: 2", "why_full": "inside MPA: Great Barrier Reef Marine Park \u00b7 not broadcasting AIS (dark vessel) \u00b7 satellite detections in window: 2", "baseline": "", "caveats": "Dark vessel: detected by satellite SAR but not broadcasting AIS. | Not SHAP-explainable -- a SAR detection has no movement track to attribute. | length_m and fishing_score are GFW model estimates from imagery, not ground truth. | MPA boundary may be approximate; verify against official WDPA limits. | An inspection lead, not courtroom evidence.", "caveat": "Dark vessel: detected by satellite SAR but not broadcasting AIS.", "innocent": "A radar contact with no AIS may be a vessel not required to broadcast, sea clutter, or fixed infrastructure; treat as a lead to confirm."}}, {"type": "Feature", "geometry": {"type": "Point", "coordinates": [146.35000610351562, -18.52]}, "properties": {"id": "sar__great_barrier_reef_marine_park_0074", "kind": "dark_vessel_sar", "mpa": "Great Barrier Reef Marine Park", "severity": "low", "severity_reason": "multi-use protected area", "when": "2024-01-01T08:29:59Z", "score": null, "vessel": "(dark -- no AIS identity)", "ship_name": "", "ship_type": "", "destination": "", "gear": "SAR (dark)", "flag": "", "flag_emoji": "", "eez": "Australian Exclusive Economic Zone", "eez_sovereign": "Australia", "eez_foreign": null, "authorization": "", "authorities": "", "iuu_listed": false, "iuu_label": "", "imo": "", "next_port": null, "evidence_hash": "ec06c77bdeb9d779ba64321d454395bc9a221179cdc18ecf63b94f4c508c6c45", "evidence_schema": "seavigil-evidence-1.0", "why": "inside MPA: Great Barrier Reef Marine Park \u00b7 not broadcasting AIS (dark vessel) \u00b7 satellite detections in window: 2", "why_full": "inside MPA: Great Barrier Reef Marine Park \u00b7 not broadcasting AIS (dark vessel) \u00b7 satellite detections in window: 2", "baseline": "", "caveats": "Dark vessel: detected by satellite SAR but not broadcasting AIS. | Not SHAP-explainable -- a SAR detection has no movement track to attribute. | length_m and fishing_score are GFW model estimates from imagery, not ground truth. | MPA boundary may be approximate; verify against official WDPA limits. | An inspection lead, not courtroom evidence.", "caveat": "Dark vessel: detected by satellite SAR but not broadcasting AIS.", "innocent": "A radar contact with no AIS may be a vessel not required to broadcast, sea clutter, or fixed infrastructure; treat as a lead to confirm."}}, {"type": "Feature", "geometry": {"type": "Point", "coordinates": [148.19000244140625, -19.6]}, "properties": {"id": "sar__great_barrier_reef_marine_park_0075", "kind": "dark_vessel_sar", "mpa": "Great Barrier Reef Marine Park", "severity": "low", "severity_reason": "multi-use protected area", "when": "2024-01-01T08:29:59Z", "score": null, "vessel": "(dark -- no AIS identity)", "ship_name": "", "ship_type": "", "destination": "", "gear": "SAR (dark)", "flag": "", "flag_emoji": "", "eez": "Australian Exclusive Economic Zone", "eez_sovereign": "Australia", "eez_foreign": null, "authorization": "", "authorities": "", "iuu_listed": false, "iuu_label": "", "imo": "", "next_port": null, "evidence_hash": "63667f2c65692e6815ead79a4046a1245664cbb468f2724cb9bb14bca0298db0", "evidence_schema": "seavigil-evidence-1.0", "why": "inside MPA: Great Barrier Reef Marine Park \u00b7 not broadcasting AIS (dark vessel) \u00b7 satellite detections in window: 2", "why_full": "inside MPA: Great Barrier Reef Marine Park \u00b7 not broadcasting AIS (dark vessel) \u00b7 satellite detections in window: 2", "baseline": "", "caveats": "Dark vessel: detected by satellite SAR but not broadcasting AIS. | Not SHAP-explainable -- a SAR detection has no movement track to attribute. | length_m and fishing_score are GFW model estimates from imagery, not ground truth. | MPA boundary may be approximate; verify against official WDPA limits. | An inspection lead, not courtroom evidence.", "caveat": "Dark vessel: detected by satellite SAR but not broadcasting AIS.", "innocent": "A radar contact with no AIS may be a vessel not required to broadcast, sea clutter, or fixed infrastructure; treat as a lead to confirm."}}, {"type": "Feature", "geometry": {"type": "Point", "coordinates": [148.16000366210938, -19.65]}, "properties": {"id": "sar__great_barrier_reef_marine_park_0076", "kind": "dark_vessel_sar", "mpa": "Great Barrier Reef Marine Park", "severity": "low", "severity_reason": "multi-use protected area", "when": "2024-01-01T08:29:59Z", "score": null, "vessel": "(dark -- no AIS identity)", "ship_name": "", "ship_type": "", "destination": "", "gear": "SAR (dark)", "flag": "", "flag_emoji": "", "eez": "Australian Exclusive Economic Zone", "eez_sovereign": "Australia", "eez_foreign": null, "authorization": "", "authorities": "", "iuu_listed": false, "iuu_label": "", "imo": "", "next_port": null, "evidence_hash": "68636b9f64ac26f8a2e1fdd2d1a30b5db7ae87338f175d29d5de51255957c3cb", "evidence_schema": "seavigil-evidence-1.0", "why": "inside MPA: Great Barrier Reef Marine Park \u00b7 not broadcasting AIS (dark vessel) \u00b7 satellite detections in window: 2", "why_full": "inside MPA: Great Barrier Reef Marine Park \u00b7 not broadcasting AIS (dark vessel) \u00b7 satellite detections in window: 2", "baseline": "", "caveats": "Dark vessel: detected by satellite SAR but not broadcasting AIS. | Not SHAP-explainable -- a SAR detection has no movement track to attribute. | length_m and fishing_score are GFW model estimates from imagery, not ground truth. | MPA boundary may be approximate; verify against official WDPA limits. | An inspection lead, not courtroom evidence.", "caveat": "Dark vessel: detected by satellite SAR but not broadcasting AIS.", "innocent": "A radar contact with no AIS may be a vessel not required to broadcast, sea clutter, or fixed infrastructure; treat as a lead to confirm."}}, {"type": "Feature", "geometry": {"type": "Point", "coordinates": [147.24000549316406, -18.91]}, "properties": {"id": "sar__great_barrier_reef_marine_park_0077", "kind": "dark_vessel_sar", "mpa": "Great Barrier Reef Marine Park", "severity": "low", "severity_reason": "multi-use protected area", "when": "2024-01-01T08:29:59Z", "score": null, "vessel": "(dark -- no AIS identity)", "ship_name": "", "ship_type": "", "destination": "", "gear": "SAR (dark)", "flag": "", "flag_emoji": "", "eez": "Australian Exclusive Economic Zone", "eez_sovereign": "Australia", "eez_foreign": null, "authorization": "", "authorities": "", "iuu_listed": false, "iuu_label": "", "imo": "", "next_port": null, "evidence_hash": "a19a7d0b9f00f26b66cf6c54372761da0ef1127fe1893d5ba1f606dded9c0d63", "evidence_schema": "seavigil-evidence-1.0", "why": "inside MPA: Great Barrier Reef Marine Park \u00b7 not broadcasting AIS (dark vessel) \u00b7 satellite detections in window: 2", "why_full": "inside MPA: Great Barrier Reef Marine Park \u00b7 not broadcasting AIS (dark vessel) \u00b7 satellite detections in window: 2", "baseline": "", "caveats": "Dark vessel: detected by satellite SAR but not broadcasting AIS. | Not SHAP-explainable -- a SAR detection has no movement track to attribute. | length_m and fishing_score are GFW model estimates from imagery, not ground truth. | MPA boundary may be approximate; verify against official WDPA limits. | An inspection lead, not courtroom evidence.", "caveat": "Dark vessel: detected by satellite SAR but not broadcasting AIS.", "innocent": "A radar contact with no AIS may be a vessel not required to broadcast, sea clutter, or fixed infrastructure; treat as a lead to confirm."}}, {"type": "Feature", "geometry": {"type": "Point", "coordinates": [151.30999755859375, -23.84]}, "properties": {"id": "sar__great_barrier_reef_marine_park_0078", "kind": "dark_vessel_sar", "mpa": "Great Barrier Reef Marine Park", "severity": "low", "severity_reason": "multi-use protected area", "when": "2024-01-01T08:29:59Z", "score": null, "vessel": "(dark -- no AIS identity)", "ship_name": "", "ship_type": "", "destination": "", "gear": "SAR (dark)", "flag": "", "flag_emoji": "", "eez": "Australian Exclusive Economic Zone", "eez_sovereign": "Australia", "eez_foreign": null, "authorization": "", "authorities": "", "iuu_listed": false, "iuu_label": "", "imo": "", "next_port": null, "evidence_hash": "a39d99e7ea63e4f94d57bfc03c3ce19ecb1e358d0cc30f342a3e8b61d937b2f1", "evidence_schema": "seavigil-evidence-1.0", "why": "inside MPA: Great Barrier Reef Marine Park \u00b7 not broadcasting AIS (dark vessel) \u00b7 satellite detections in window: 2", "why_full": "inside MPA: Great Barrier Reef Marine Park \u00b7 not broadcasting AIS (dark vessel) \u00b7 satellite detections in window: 2", "baseline": "", "caveats": "Dark vessel: detected by satellite SAR but not broadcasting AIS. | Not SHAP-explainable -- a SAR detection has no movement track to attribute. | length_m and fishing_score are GFW model estimates from imagery, not ground truth. | MPA boundary may be approximate; verify against official WDPA limits. | An inspection lead, not courtroom evidence.", "caveat": "Dark vessel: detected by satellite SAR but not broadcasting AIS.", "innocent": "A radar contact with no AIS may be a vessel not required to broadcast, sea clutter, or fixed infrastructure; treat as a lead to confirm."}}, {"type": "Feature", "geometry": {"type": "Point", "coordinates": [151.4600067138672, -23.85]}, "properties": {"id": "sar__great_barrier_reef_marine_park_0079", "kind": "dark_vessel_sar", "mpa": "Great Barrier Reef Marine Park", "severity": "low", "severity_reason": "multi-use protected area", "when": "2024-02-06T19:21:47Z", "score": null, "vessel": "(dark -- no AIS identity)", "ship_name": "", "ship_type": "", "destination": "", "gear": "SAR (dark)", "flag": "", "flag_emoji": "", "eez": "Australian Exclusive Economic Zone", "eez_sovereign": "Australia", "eez_foreign": null, "authorization": "", "authorities": "", "iuu_listed": false, "iuu_label": "", "imo": "", "next_port": null, "evidence_hash": "b2f107096e6562c023c50d3054c35643027e0ebeff652a1e908375ffd1e094e7", "evidence_schema": "seavigil-evidence-1.0", "why": "inside MPA: Great Barrier Reef Marine Park \u00b7 not broadcasting AIS (dark vessel) \u00b7 satellite detections in window: 2", "why_full": "inside MPA: Great Barrier Reef Marine Park \u00b7 not broadcasting AIS (dark vessel) \u00b7 satellite detections in window: 2", "baseline": "", "caveats": "Dark vessel: detected by satellite SAR but not broadcasting AIS. | Not SHAP-explainable -- a SAR detection has no movement track to attribute. | length_m and fishing_score are GFW model estimates from imagery, not ground truth. | MPA boundary may be approximate; verify against official WDPA limits. | An inspection lead, not courtroom evidence.", "caveat": "Dark vessel: detected by satellite SAR but not broadcasting AIS.", "innocent": "A radar contact with no AIS may be a vessel not required to broadcast, sea clutter, or fixed infrastructure; treat as a lead to confirm."}}, {"type": "Feature", "geometry": {"type": "Point", "coordinates": [149.6199951171875, -22.0]}, "properties": {"id": "sar__great_barrier_reef_marine_park_0080", "kind": "dark_vessel_sar", "mpa": "Great Barrier Reef Marine Park", "severity": "low", "severity_reason": "multi-use protected area", "when": "2024-01-01T08:29:59Z", "score": null, "vessel": "(dark -- no AIS identity)", "ship_name": "", "ship_type": "", "destination": "", "gear": "SAR (dark)", "flag": "", "flag_emoji": "", "eez": "Australian Exclusive Economic Zone", "eez_sovereign": "Australia", "eez_foreign": null, "authorization": "", "authorities": "", "iuu_listed": false, "iuu_label": "", "imo": "", "next_port": null, "evidence_hash": "0d6fe76bc6139397b9a399572009489f9a0fc5fcf59044e4cfb2b97e71ccd7ed", "evidence_schema": "seavigil-evidence-1.0", "why": "inside MPA: Great Barrier Reef Marine Park \u00b7 not broadcasting AIS (dark vessel) \u00b7 satellite detections in window: 2", "why_full": "inside MPA: Great Barrier Reef Marine Park \u00b7 not broadcasting AIS (dark vessel) \u00b7 satellite detections in window: 2", "baseline": "", "caveats": "Dark vessel: detected by satellite SAR but not broadcasting AIS. | Not SHAP-explainable -- a SAR detection has no movement track to attribute. | length_m and fishing_score are GFW model estimates from imagery, not ground truth. | MPA boundary may be approximate; verify against official WDPA limits. | An inspection lead, not courtroom evidence.", "caveat": "Dark vessel: detected by satellite SAR but not broadcasting AIS.", "innocent": "A radar contact with no AIS may be a vessel not required to broadcast, sea clutter, or fixed infrastructure; treat as a lead to confirm."}}, {"type": "Feature", "geometry": {"type": "Point", "coordinates": [149.6199951171875, -22.01]}, "properties": {"id": "sar__great_barrier_reef_marine_park_0081", "kind": "dark_vessel_sar", "mpa": "Great Barrier Reef Marine Park", "severity": "low", "severity_reason": "multi-use protected area", "when": "2024-01-01T08:29:59Z", "score": null, "vessel": "(dark -- no AIS identity)", "ship_name": "", "ship_type": "", "destination": "", "gear": "SAR (dark)", "flag": "", "flag_emoji": "", "eez": "Australian Exclusive Economic Zone", "eez_sovereign": "Australia", "eez_foreign": null, "authorization": "", "authorities": "", "iuu_listed": false, "iuu_label": "", "imo": "", "next_port": null, "evidence_hash": "92b407b57a1465aa7bcc5b508f7aa149b1a41b44a1bd082c4de9091524a8baf9", "evidence_schema": "seavigil-evidence-1.0", "why": "inside MPA: Great Barrier Reef Marine Park \u00b7 not broadcasting AIS (dark vessel) \u00b7 satellite detections in window: 2", "why_full": "inside MPA: Great Barrier Reef Marine Park \u00b7 not broadcasting AIS (dark vessel) \u00b7 satellite detections in window: 2", "baseline": "", "caveats": "Dark vessel: detected by satellite SAR but not broadcasting AIS. | Not SHAP-explainable -- a SAR detection has no movement track to attribute. | length_m and fishing_score are GFW model estimates from imagery, not ground truth. | MPA boundary may be approximate; verify against official WDPA limits. | An inspection lead, not courtroom evidence.", "caveat": "Dark vessel: detected by satellite SAR but not broadcasting AIS.", "innocent": "A radar contact with no AIS may be a vessel not required to broadcast, sea clutter, or fixed infrastructure; treat as a lead to confirm."}}, {"type": "Feature", "geometry": {"type": "Point", "coordinates": [149.3800048828125, -21.15]}, "properties": {"id": "sar__great_barrier_reef_marine_park_0082", "kind": "dark_vessel_sar", "mpa": "Great Barrier Reef Marine Park", "severity": "low", "severity_reason": "multi-use protected area", "when": "2024-01-01T08:29:59Z", "score": null, "vessel": "(dark -- no AIS identity)", "ship_name": "", "ship_type": "", "destination": "", "gear": "SAR (dark)", "flag": "", "flag_emoji": "", "eez": "Australian Exclusive Economic Zone", "eez_sovereign": "Australia", "eez_foreign": null, "authorization": "", "authorities": "", "iuu_listed": false, "iuu_label": "", "imo": "", "next_port": null, "evidence_hash": "ff06f9302869ba7b813f6ca38c1e8c4cded0915c1d4d8657439d82db9665b354", "evidence_schema": "seavigil-evidence-1.0", "why": "inside MPA: Great Barrier Reef Marine Park \u00b7 not broadcasting AIS (dark vessel) \u00b7 satellite detections in window: 2", "why_full": "inside MPA: Great Barrier Reef Marine Park \u00b7 not broadcasting AIS (dark vessel) \u00b7 satellite detections in window: 2", "baseline": "", "caveats": "Dark vessel: detected by satellite SAR but not broadcasting AIS. | Not SHAP-explainable -- a SAR detection has no movement track to attribute. | length_m and fishing_score are GFW model estimates from imagery, not ground truth. | MPA boundary may be approximate; verify against official WDPA limits. | An inspection lead, not courtroom evidence.", "caveat": "Dark vessel: detected by satellite SAR but not broadcasting AIS.", "innocent": "A radar contact with no AIS may be a vessel not required to broadcast, sea clutter, or fixed infrastructure; treat as a lead to confirm."}}, {"type": "Feature", "geometry": {"type": "Point", "coordinates": [149.3000030517578, -20.83]}, "properties": {"id": "sar__great_barrier_reef_marine_park_0083", "kind": "dark_vessel_sar", "mpa": "Great Barrier Reef Marine Park", "severity": "low", "severity_reason": "multi-use protected area", "when": "2024-01-01T08:29:59Z", "score": null, "vessel": "(dark -- no AIS identity)", "ship_name": "", "ship_type": "", "destination": "", "gear": "SAR (dark)", "flag": "", "flag_emoji": "", "eez": "Australian Exclusive Economic Zone", "eez_sovereign": "Australia", "eez_foreign": null, "authorization": "", "authorities": "", "iuu_listed": false, "iuu_label": "", "imo": "", "next_port": null, "evidence_hash": "233ec5f26f2d9e518f0d0d83f65041a831c214b7e8e3eba84280dc7c728e8d8a", "evidence_schema": "seavigil-evidence-1.0", "why": "inside MPA: Great Barrier Reef Marine Park \u00b7 not broadcasting AIS (dark vessel) \u00b7 satellite detections in window: 2", "why_full": "inside MPA: Great Barrier Reef Marine Park \u00b7 not broadcasting AIS (dark vessel) \u00b7 satellite detections in window: 2", "baseline": "", "caveats": "Dark vessel: detected by satellite SAR but not broadcasting AIS. | Not SHAP-explainable -- a SAR detection has no movement track to attribute. | length_m and fishing_score are GFW model estimates from imagery, not ground truth. | MPA boundary may be approximate; verify against official WDPA limits. | An inspection lead, not courtroom evidence.", "caveat": "Dark vessel: detected by satellite SAR but not broadcasting AIS.", "innocent": "A radar contact with no AIS may be a vessel not required to broadcast, sea clutter, or fixed infrastructure; treat as a lead to confirm."}}, {"type": "Feature", "geometry": {"type": "Point", "coordinates": [151.42999267578125, -23.92]}, "properties": {"id": "sar__great_barrier_reef_marine_park_0084", "kind": "dark_vessel_sar", "mpa": "Great Barrier Reef Marine Park", "severity": "low", "severity_reason": "multi-use protected area", "when": "2024-01-01T08:29:59Z", "score": null, "vessel": "(dark -- no AIS identity)", "ship_name": "", "ship_type": "", "destination": "", "gear": "SAR (dark)", "flag": "", "flag_emoji": "", "eez": "Australian Exclusive Economic Zone", "eez_sovereign": "Australia", "eez_foreign": null, "authorization": "", "authorities": "", "iuu_listed": false, "iuu_label": "", "imo": "", "next_port": null, "evidence_hash": "e3ea1dcf4e9637ad000110053a08f8e107e4c94a6358a3dbebca860f38d75c31", "evidence_schema": "seavigil-evidence-1.0", "why": "inside MPA: Great Barrier Reef Marine Park \u00b7 not broadcasting AIS (dark vessel) \u00b7 satellite detections in window: 2", "why_full": "inside MPA: Great Barrier Reef Marine Park \u00b7 not broadcasting AIS (dark vessel) \u00b7 satellite detections in window: 2", "baseline": "", "caveats": "Dark vessel: detected by satellite SAR but not broadcasting AIS. | Not SHAP-explainable -- a SAR detection has no movement track to attribute. | length_m and fishing_score are GFW model estimates from imagery, not ground truth. | MPA boundary may be approximate; verify against official WDPA limits. | An inspection lead, not courtroom evidence.", "caveat": "Dark vessel: detected by satellite SAR but not broadcasting AIS.", "innocent": "A radar contact with no AIS may be a vessel not required to broadcast, sea clutter, or fixed infrastructure; treat as a lead to confirm."}}, {"type": "Feature", "geometry": {"type": "Point", "coordinates": [147.47000122070312, -19.22]}, "properties": {"id": "sar__great_barrier_reef_marine_park_0085", "kind": "dark_vessel_sar", "mpa": "Great Barrier Reef Marine Park", "severity": "low", "severity_reason": "multi-use protected area", "when": "2024-01-01T08:29:59Z", "score": null, "vessel": "(dark -- no AIS identity)", "ship_name": "", "ship_type": "", "destination": "", "gear": "SAR (dark)", "flag": "", "flag_emoji": "", "eez": "Australian Exclusive Economic Zone", "eez_sovereign": "Australia", "eez_foreign": null, "authorization": "", "authorities": "", "iuu_listed": false, "iuu_label": "", "imo": "", "next_port": null, "evidence_hash": "0864b5cb42f829a0591edced96667b732a73ee5cd49d5d0e76bcec88f9a52425", "evidence_schema": "seavigil-evidence-1.0", "why": "inside MPA: Great Barrier Reef Marine Park \u00b7 not broadcasting AIS (dark vessel) \u00b7 satellite detections in window: 2", "why_full": "inside MPA: Great Barrier Reef Marine Park \u00b7 not broadcasting AIS (dark vessel) \u00b7 satellite detections in window: 2", "baseline": "", "caveats": "Dark vessel: detected by satellite SAR but not broadcasting AIS. | Not SHAP-explainable -- a SAR detection has no movement track to attribute. | length_m and fishing_score are GFW model estimates from imagery, not ground truth. | MPA boundary may be approximate; verify against official WDPA limits. | An inspection lead, not courtroom evidence.", "caveat": "Dark vessel: detected by satellite SAR but not broadcasting AIS.", "innocent": "A radar contact with no AIS may be a vessel not required to broadcast, sea clutter, or fixed infrastructure; treat as a lead to confirm."}}, {"type": "Feature", "geometry": {"type": "Point", "coordinates": [-90.80000305175781, -0.47]}, "properties": {"id": "sar__galapagos_marine_reserve_0004", "kind": "dark_vessel_sar", "mpa": "Gal\u00e1pagos Marine Reserve", "severity": "high", "severity_reason": "no-take / national-park protection", "when": "2024-01-02T11:42:31Z", "score": null, "vessel": "(dark -- no AIS identity)", "ship_name": "", "ship_type": "", "destination": "", "gear": "SAR (dark)", "flag": "", "flag_emoji": "", "eez": "Ecuadorian Exclusive Economic Zone (Galapagos)", "eez_sovereign": "Ecuador", "eez_foreign": null, "authorization": "", "authorities": "", "iuu_listed": false, "iuu_label": "", "imo": "", "next_port": null, "evidence_hash": "1b403b3b5689273e194cca146bd4cc7b13c4f36088ecb97c2d7c7e01e54c966c", "evidence_schema": "seavigil-evidence-1.0", "why": "inside MPA: Gal\u00e1pagos Marine Reserve \u00b7 not broadcasting AIS (dark vessel) \u00b7 satellite detections in window: 1", "why_full": "inside MPA: Gal\u00e1pagos Marine Reserve \u00b7 not broadcasting AIS (dark vessel) \u00b7 satellite detections in window: 1", "baseline": "", "caveats": "Dark vessel: detected by satellite SAR but not broadcasting AIS. | Not SHAP-explainable -- a SAR detection has no movement track to attribute. | length_m and fishing_score are GFW model estimates from imagery, not ground truth. | MPA boundary may be approximate; verify against official WDPA limits. | An inspection lead, not courtroom evidence.", "caveat": "Dark vessel: detected by satellite SAR but not broadcasting AIS.", "innocent": "A radar contact with no AIS may be a vessel not required to broadcast, sea clutter, or fixed infrastructure; treat as a lead to confirm."}}, {"type": "Feature", "geometry": {"type": "Point", "coordinates": [-90.52999877929688, -0.39]}, "properties": {"id": "sar__galapagos_marine_reserve_0005", "kind": "dark_vessel_sar", "mpa": "Gal\u00e1pagos Marine Reserve", "severity": "high", "severity_reason": "no-take / national-park protection", "when": "2024-01-02T11:42:31Z", "score": null, "vessel": "(dark -- no AIS identity)", "ship_name": "", "ship_type": "", "destination": "", "gear": "SAR (dark)", "flag": "", "flag_emoji": "", "eez": "Ecuadorian Exclusive Economic Zone (Galapagos)", "eez_sovereign": "Ecuador", "eez_foreign": null, "authorization": "", "authorities": "", "iuu_listed": false, "iuu_label": "", "imo": "", "next_port": null, "evidence_hash": "8bcd0ba2331e71c13ddd783de6a7eb832835a8580691a18f3a47c435a82a323f", "evidence_schema": "seavigil-evidence-1.0", "why": "inside MPA: Gal\u00e1pagos Marine Reserve \u00b7 not broadcasting AIS (dark vessel) \u00b7 satellite detections in window: 1", "why_full": "inside MPA: Gal\u00e1pagos Marine Reserve \u00b7 not broadcasting AIS (dark vessel) \u00b7 satellite detections in window: 1", "baseline": "", "caveats": "Dark vessel: detected by satellite SAR but not broadcasting AIS. | Not SHAP-explainable -- a SAR detection has no movement track to attribute. | length_m and fishing_score are GFW model estimates from imagery, not ground truth. | MPA boundary may be approximate; verify against official WDPA limits. | An inspection lead, not courtroom evidence.", "caveat": "Dark vessel: detected by satellite SAR but not broadcasting AIS.", "innocent": "A radar contact with no AIS may be a vessel not required to broadcast, sea clutter, or fixed infrastructure; treat as a lead to confirm."}}, {"type": "Feature", "geometry": {"type": "Point", "coordinates": [-90.23999786376953, -0.45]}, "properties": {"id": "sar__galapagos_marine_reserve_0006", "kind": "dark_vessel_sar", "mpa": "Gal\u00e1pagos Marine Reserve", "severity": "high", "severity_reason": "no-take / national-park protection", "when": "2024-01-02T11:42:31Z", "score": null, "vessel": "(dark -- no AIS identity)", "ship_name": "", "ship_type": "", "destination": "", "gear": "SAR (dark)", "flag": "", "flag_emoji": "", "eez": "Ecuadorian Exclusive Economic Zone (Galapagos)", "eez_sovereign": "Ecuador", "eez_foreign": null, "authorization": "", "authorities": "", "iuu_listed": false, "iuu_label": "", "imo": "", "next_port": null, "evidence_hash": "50703c7b89ff38e6f5f04b3785412dffbea908e00fc98cc268096035f2db423e", "evidence_schema": "seavigil-evidence-1.0", "why": "inside MPA: Gal\u00e1pagos Marine Reserve \u00b7 not broadcasting AIS (dark vessel) \u00b7 satellite detections in window: 1", "why_full": "inside MPA: Gal\u00e1pagos Marine Reserve \u00b7 not broadcasting AIS (dark vessel) \u00b7 satellite detections in window: 1", "baseline": "", "caveats": "Dark vessel: detected by satellite SAR but not broadcasting AIS. | Not SHAP-explainable -- a SAR detection has no movement track to attribute. | length_m and fishing_score are GFW model estimates from imagery, not ground truth. | MPA boundary may be approximate; verify against official WDPA limits. | An inspection lead, not courtroom evidence.", "caveat": "Dark vessel: detected by satellite SAR but not broadcasting AIS.", "innocent": "A radar contact with no AIS may be a vessel not required to broadcast, sea clutter, or fixed infrastructure; treat as a lead to confirm."}}, {"type": "Feature", "geometry": {"type": "Point", "coordinates": [-91.23999786376953, -0.43]}, "properties": {"id": "sar__galapagos_marine_reserve_0007", "kind": "dark_vessel_sar", "mpa": "Gal\u00e1pagos Marine Reserve", "severity": "high", "severity_reason": "no-take / national-park protection", "when": "2024-01-02T11:42:31Z", "score": null, "vessel": "(dark -- no AIS identity)", "ship_name": "", "ship_type": "", "destination": "", "gear": "SAR (dark)", "flag": "", "flag_emoji": "", "eez": "Ecuadorian Exclusive Economic Zone (Galapagos)", "eez_sovereign": "Ecuador", "eez_foreign": null, "authorization": "", "authorities": "", "iuu_listed": false, "iuu_label": "", "imo": "", "next_port": null, "evidence_hash": "67c73aea68337f3d5cb9ea94024f94286a8efbbb82c087aa09115b07eb6ac4e4", "evidence_schema": "seavigil-evidence-1.0", "why": "inside MPA: Gal\u00e1pagos Marine Reserve \u00b7 not broadcasting AIS (dark vessel) \u00b7 satellite detections in window: 1", "why_full": "inside MPA: Gal\u00e1pagos Marine Reserve \u00b7 not broadcasting AIS (dark vessel) \u00b7 satellite detections in window: 1", "baseline": "", "caveats": "Dark vessel: detected by satellite SAR but not broadcasting AIS. | Not SHAP-explainable -- a SAR detection has no movement track to attribute. | length_m and fishing_score are GFW model estimates from imagery, not ground truth. | MPA boundary may be approximate; verify against official WDPA limits. | An inspection lead, not courtroom evidence.", "caveat": "Dark vessel: detected by satellite SAR but not broadcasting AIS.", "innocent": "A radar contact with no AIS may be a vessel not required to broadcast, sea clutter, or fixed infrastructure; treat as a lead to confirm."}}, {"type": "Feature", "geometry": {"type": "Point", "coordinates": [-91.41000366210938, -0.27]}, "properties": {"id": "sar__galapagos_marine_reserve_0008", "kind": "dark_vessel_sar", "mpa": "Gal\u00e1pagos Marine Reserve", "severity": "high", "severity_reason": "no-take / national-park protection", "when": "2024-01-02T11:42:31Z", "score": null, "vessel": "(dark -- no AIS identity)", "ship_name": "", "ship_type": "", "destination": "", "gear": "SAR (dark)", "flag": "", "flag_emoji": "", "eez": "Ecuadorian Exclusive Economic Zone (Galapagos)", "eez_sovereign": "Ecuador", "eez_foreign": null, "authorization": "", "authorities": "", "iuu_listed": false, "iuu_label": "", "imo": "", "next_port": null, "evidence_hash": "e3d1175b9b2962305f456a9bd27c8df2ebb9378cecbb376ffd4349a169254962", "evidence_schema": "seavigil-evidence-1.0", "why": "inside MPA: Gal\u00e1pagos Marine Reserve \u00b7 not broadcasting AIS (dark vessel) \u00b7 satellite detections in window: 1", "why_full": "inside MPA: Gal\u00e1pagos Marine Reserve \u00b7 not broadcasting AIS (dark vessel) \u00b7 satellite detections in window: 1", "baseline": "", "caveats": "Dark vessel: detected by satellite SAR but not broadcasting AIS. | Not SHAP-explainable -- a SAR detection has no movement track to attribute. | length_m and fishing_score are GFW model estimates from imagery, not ground truth. | MPA boundary may be approximate; verify against official WDPA limits. | An inspection lead, not courtroom evidence.", "caveat": "Dark vessel: detected by satellite SAR but not broadcasting AIS.", "innocent": "A radar contact with no AIS may be a vessel not required to broadcast, sea clutter, or fixed infrastructure; treat as a lead to confirm."}}, {"type": "Feature", "geometry": {"type": "Point", "coordinates": [-90.66000366210938, -0.39]}, "properties": {"id": "sar__galapagos_marine_reserve_0009", "kind": "dark_vessel_sar", "mpa": "Gal\u00e1pagos Marine Reserve", "severity": "high", "severity_reason": "no-take / national-park protection", "when": "2024-03-31T11:51:02Z", "score": null, "vessel": "(dark -- no AIS identity)", "ship_name": "", "ship_type": "", "destination": "", "gear": "SAR (dark)", "flag": "", "flag_emoji": "", "eez": "Ecuadorian Exclusive Economic Zone (Galapagos)", "eez_sovereign": "Ecuador", "eez_foreign": null, "authorization": "", "authorities": "", "iuu_listed": false, "iuu_label": "", "imo": "", "next_port": null, "evidence_hash": "bcbea58d638a8b382f82212d4afc822d19fbe12fe8970c76d2f89e15c728f2e4", "evidence_schema": "seavigil-evidence-1.0", "why": "inside MPA: Gal\u00e1pagos Marine Reserve \u00b7 not broadcasting AIS (dark vessel) \u00b7 satellite detections in window: 1", "why_full": "inside MPA: Gal\u00e1pagos Marine Reserve \u00b7 not broadcasting AIS (dark vessel) \u00b7 satellite detections in window: 1", "baseline": "", "caveats": "Dark vessel: detected by satellite SAR but not broadcasting AIS. | Not SHAP-explainable -- a SAR detection has no movement track to attribute. | length_m and fishing_score are GFW model estimates from imagery, not ground truth. | MPA boundary may be approximate; verify against official WDPA limits. | An inspection lead, not courtroom evidence.", "caveat": "Dark vessel: detected by satellite SAR but not broadcasting AIS.", "innocent": "A radar contact with no AIS may be a vessel not required to broadcast, sea clutter, or fixed infrastructure; treat as a lead to confirm."}}, {"type": "Feature", "geometry": {"type": "Point", "coordinates": [-91.69000244140625, 0.06]}, "properties": {"id": "sar__galapagos_marine_reserve_0010", "kind": "dark_vessel_sar", "mpa": "Gal\u00e1pagos Marine Reserve", "severity": "high", "severity_reason": "no-take / national-park protection", "when": "2024-01-02T11:42:31Z", "score": null, "vessel": "(dark -- no AIS identity)", "ship_name": "", "ship_type": "", "destination": "", "gear": "SAR (dark)", "flag": "", "flag_emoji": "", "eez": "Ecuadorian Exclusive Economic Zone (Galapagos)", "eez_sovereign": "Ecuador", "eez_foreign": null, "authorization": "", "authorities": "", "iuu_listed": false, "iuu_label": "", "imo": "", "next_port": null, "evidence_hash": "b3bb5c0001bcc2487189f7078a833964cb52618d04229ad716112c6872eff4d9", "evidence_schema": "seavigil-evidence-1.0", "why": "inside MPA: Gal\u00e1pagos Marine Reserve \u00b7 not broadcasting AIS (dark vessel) \u00b7 satellite detections in window: 1", "why_full": "inside MPA: Gal\u00e1pagos Marine Reserve \u00b7 not broadcasting AIS (dark vessel) \u00b7 satellite detections in window: 1", "baseline": "", "caveats": "Dark vessel: detected by satellite SAR but not broadcasting AIS. | Not SHAP-explainable -- a SAR detection has no movement track to attribute. | length_m and fishing_score are GFW model estimates from imagery, not ground truth. | MPA boundary may be approximate; verify against official WDPA limits. | An inspection lead, not courtroom evidence.", "caveat": "Dark vessel: detected by satellite SAR but not broadcasting AIS.", "innocent": "A radar contact with no AIS may be a vessel not required to broadcast, sea clutter, or fixed infrastructure; treat as a lead to confirm."}}, {"type": "Feature", "geometry": {"type": "Point", "coordinates": [-91.2699966430664, 0.08]}, "properties": {"id": "sar__galapagos_marine_reserve_0011", "kind": "dark_vessel_sar", "mpa": "Gal\u00e1pagos Marine Reserve", "severity": "high", "severity_reason": "no-take / national-park protection", "when": "2024-01-02T11:42:31Z", "score": null, "vessel": "(dark -- no AIS identity)", "ship_name": "", "ship_type": "", "destination": "", "gear": "SAR (dark)", "flag": "", "flag_emoji": "", "eez": "Ecuadorian Exclusive Economic Zone (Galapagos)", "eez_sovereign": "Ecuador", "eez_foreign": null, "authorization": "", "authorities": "", "iuu_listed": false, "iuu_label": "", "imo": "", "next_port": null, "evidence_hash": "4bebbaff3e5bcab122f4e735c9ab1547cdc7a8a67cac5be8bcf1d7fe6b122f51", "evidence_schema": "seavigil-evidence-1.0", "why": "inside MPA: Gal\u00e1pagos Marine Reserve \u00b7 not broadcasting AIS (dark vessel) \u00b7 satellite detections in window: 1", "why_full": "inside MPA: Gal\u00e1pagos Marine Reserve \u00b7 not broadcasting AIS (dark vessel) \u00b7 satellite detections in window: 1", "baseline": "", "caveats": "Dark vessel: detected by satellite SAR but not broadcasting AIS. | Not SHAP-explainable -- a SAR detection has no movement track to attribute. | length_m and fishing_score are GFW model estimates from imagery, not ground truth. | MPA boundary may be approximate; verify against official WDPA limits. | An inspection lead, not courtroom evidence.", "caveat": "Dark vessel: detected by satellite SAR but not broadcasting AIS.", "innocent": "A radar contact with no AIS may be a vessel not required to broadcast, sea clutter, or fixed infrastructure; treat as a lead to confirm."}}, {"type": "Feature", "geometry": {"type": "Point", "coordinates": [-90.80000305175781, 0.56]}, "properties": {"id": "sar__galapagos_marine_reserve_0012", "kind": "dark_vessel_sar", "mpa": "Gal\u00e1pagos Marine Reserve", "severity": "high", "severity_reason": "no-take / national-park protection", "when": "2024-01-02T11:42:31Z", "score": null, "vessel": "(dark -- no AIS identity)", "ship_name": "", "ship_type": "", "destination": "", "gear": "SAR (dark)", "flag": "", "flag_emoji": "", "eez": "Ecuadorian Exclusive Economic Zone (Galapagos)", "eez_sovereign": "Ecuador", "eez_foreign": null, "authorization": "", "authorities": "", "iuu_listed": false, "iuu_label": "", "imo": "", "next_port": null, "evidence_hash": "1551ad398ba279854ce661a90653d7b706362ea74de6eca11642d455f7f3f7ce", "evidence_schema": "seavigil-evidence-1.0", "why": "inside MPA: Gal\u00e1pagos Marine Reserve \u00b7 not broadcasting AIS (dark vessel) \u00b7 satellite detections in window: 1", "why_full": "inside MPA: Gal\u00e1pagos Marine Reserve \u00b7 not broadcasting AIS (dark vessel) \u00b7 satellite detections in window: 1", "baseline": "", "caveats": "Dark vessel: detected by satellite SAR but not broadcasting AIS. | Not SHAP-explainable -- a SAR detection has no movement track to attribute. | length_m and fishing_score are GFW model estimates from imagery, not ground truth. | MPA boundary may be approximate; verify against official WDPA limits. | An inspection lead, not courtroom evidence.", "caveat": "Dark vessel: detected by satellite SAR but not broadcasting AIS.", "innocent": "A radar contact with no AIS may be a vessel not required to broadcast, sea clutter, or fixed infrastructure; treat as a lead to confirm."}}, {"type": "Feature", "geometry": {"type": "Point", "coordinates": [-90.81999969482422, -0.43]}, "properties": {"id": "sar__galapagos_marine_reserve_0013", "kind": "dark_vessel_sar", "mpa": "Gal\u00e1pagos Marine Reserve", "severity": "high", "severity_reason": "no-take / national-park protection", "when": "2024-01-02T11:42:31Z", "score": null, "vessel": "(dark -- no AIS identity)", "ship_name": "", "ship_type": "", "destination": "", "gear": "SAR (dark)", "flag": "", "flag_emoji": "", "eez": "Ecuadorian Exclusive Economic Zone (Galapagos)", "eez_sovereign": "Ecuador", "eez_foreign": null, "authorization": "", "authorities": "", "iuu_listed": false, "iuu_label": "", "imo": "", "next_port": null, "evidence_hash": "a96178559a9f934a2ea0c787cf331b8bf97af5372ff11daa1cb1fbb0f09ee44c", "evidence_schema": "seavigil-evidence-1.0", "why": "inside MPA: Gal\u00e1pagos Marine Reserve \u00b7 not broadcasting AIS (dark vessel) \u00b7 satellite detections in window: 1", "why_full": "inside MPA: Gal\u00e1pagos Marine Reserve \u00b7 not broadcasting AIS (dark vessel) \u00b7 satellite detections in window: 1", "baseline": "", "caveats": "Dark vessel: detected by satellite SAR but not broadcasting AIS. | Not SHAP-explainable -- a SAR detection has no movement track to attribute. | length_m and fishing_score are GFW model estimates from imagery, not ground truth. | MPA boundary may be approximate; verify against official WDPA limits. | An inspection lead, not courtroom evidence.", "caveat": "Dark vessel: detected by satellite SAR but not broadcasting AIS.", "innocent": "A radar contact with no AIS may be a vessel not required to broadcast, sea clutter, or fixed infrastructure; treat as a lead to confirm."}}, {"type": "Feature", "geometry": {"type": "Point", "coordinates": [-91.5, -0.14]}, "properties": {"id": "sar__galapagos_marine_reserve_0014", "kind": "dark_vessel_sar", "mpa": "Gal\u00e1pagos Marine Reserve", "severity": "high", "severity_reason": "no-take / national-park protection", "when": "2024-01-02T11:42:31Z", "score": null, "vessel": "(dark -- no AIS identity)", "ship_name": "", "ship_type": "", "destination": "", "gear": "SAR (dark)", "flag": "", "flag_emoji": "", "eez": "Ecuadorian Exclusive Economic Zone (Galapagos)", "eez_sovereign": "Ecuador", "eez_foreign": null, "authorization": "", "authorities": "", "iuu_listed": false, "iuu_label": "", "imo": "", "next_port": null, "evidence_hash": "a682f5dc9c5b3b9b9161ddfc42d75d859444975b761dccde3fb5bc02f6f0f114", "evidence_schema": "seavigil-evidence-1.0", "why": "inside MPA: Gal\u00e1pagos Marine Reserve \u00b7 not broadcasting AIS (dark vessel) \u00b7 satellite detections in window: 1", "why_full": "inside MPA: Gal\u00e1pagos Marine Reserve \u00b7 not broadcasting AIS (dark vessel) \u00b7 satellite detections in window: 1", "baseline": "", "caveats": "Dark vessel: detected by satellite SAR but not broadcasting AIS. | Not SHAP-explainable -- a SAR detection has no movement track to attribute. | length_m and fishing_score are GFW model estimates from imagery, not ground truth. | MPA boundary may be approximate; verify against official WDPA limits. | An inspection lead, not courtroom evidence.", "caveat": "Dark vessel: detected by satellite SAR but not broadcasting AIS.", "innocent": "A radar contact with no AIS may be a vessel not required to broadcast, sea clutter, or fixed infrastructure; treat as a lead to confirm."}}, {"type": "Feature", "geometry": {"type": "Point", "coordinates": [-90.41000366210938, -0.43]}, "properties": {"id": "sar__galapagos_marine_reserve_0015", "kind": "dark_vessel_sar", "mpa": "Gal\u00e1pagos Marine Reserve", "severity": "high", "severity_reason": "no-take / national-park protection", "when": "2024-03-31T11:51:02Z", "score": null, "vessel": "(dark -- no AIS identity)", "ship_name": "", "ship_type": "", "destination": "", "gear": "SAR (dark)", "flag": "", "flag_emoji": "", "eez": "Ecuadorian Exclusive Economic Zone (Galapagos)", "eez_sovereign": "Ecuador", "eez_foreign": null, "authorization": "", "authorities": "", "iuu_listed": false, "iuu_label": "", "imo": "", "next_port": null, "evidence_hash": "371d20825a66464cf7e62c017871722133a69c6cdae945bae86a4404159cb3c9", "evidence_schema": "seavigil-evidence-1.0", "why": "inside MPA: Gal\u00e1pagos Marine Reserve \u00b7 not broadcasting AIS (dark vessel) \u00b7 satellite detections in window: 1", "why_full": "inside MPA: Gal\u00e1pagos Marine Reserve \u00b7 not broadcasting AIS (dark vessel) \u00b7 satellite detections in window: 1", "baseline": "", "caveats": "Dark vessel: detected by satellite SAR but not broadcasting AIS. | Not SHAP-explainable -- a SAR detection has no movement track to attribute. | length_m and fishing_score are GFW model estimates from imagery, not ground truth. | MPA boundary may be approximate; verify against official WDPA limits. | An inspection lead, not courtroom evidence.", "caveat": "Dark vessel: detected by satellite SAR but not broadcasting AIS.", "innocent": "A radar contact with no AIS may be a vessel not required to broadcast, sea clutter, or fixed infrastructure; treat as a lead to confirm."}}, {"type": "Feature", "geometry": {"type": "Point", "coordinates": [-90.97000122070312, 0.32]}, "properties": {"id": "sar__galapagos_marine_reserve_0016", "kind": "dark_vessel_sar", "mpa": "Gal\u00e1pagos Marine Reserve", "severity": "high", "severity_reason": "no-take / national-park protection", "when": "2024-01-02T11:42:31Z", "score": null, "vessel": "(dark -- no AIS identity)", "ship_name": "", "ship_type": "", "destination": "", "gear": "SAR (dark)", "flag": "", "flag_emoji": "", "eez": "Ecuadorian Exclusive Economic Zone (Galapagos)", "eez_sovereign": "Ecuador", "eez_foreign": null, "authorization": "", "authorities": "", "iuu_listed": false, "iuu_label": "", "imo": "", "next_port": null, "evidence_hash": "f38745273669ec75d3ac12ad3f8ee038dd27536e26152ec8c2d05f50057d7960", "evidence_schema": "seavigil-evidence-1.0", "why": "inside MPA: Gal\u00e1pagos Marine Reserve \u00b7 not broadcasting AIS (dark vessel) \u00b7 satellite detections in window: 1", "why_full": "inside MPA: Gal\u00e1pagos Marine Reserve \u00b7 not broadcasting AIS (dark vessel) \u00b7 satellite detections in window: 1", "baseline": "", "caveats": "Dark vessel: detected by satellite SAR but not broadcasting AIS. | Not SHAP-explainable -- a SAR detection has no movement track to attribute. | length_m and fishing_score are GFW model estimates from imagery, not ground truth. | MPA boundary may be approximate; verify against official WDPA limits. | An inspection lead, not courtroom evidence.", "caveat": "Dark vessel: detected by satellite SAR but not broadcasting AIS.", "innocent": "A radar contact with no AIS may be a vessel not required to broadcast, sea clutter, or fixed infrastructure; treat as a lead to confirm."}}, {"type": "Feature", "geometry": {"type": "Point", "coordinates": [-92.37000274658203, -0.65]}, "properties": {"id": "sar__galapagos_marine_reserve_0017", "kind": "dark_vessel_sar", "mpa": "Gal\u00e1pagos Marine Reserve", "severity": "high", "severity_reason": "no-take / national-park protection", "when": "2024-01-02T11:42:31Z", "score": null, "vessel": "(dark -- no AIS identity)", "ship_name": "", "ship_type": "", "destination": "", "gear": "SAR (dark)", "flag": "", "flag_emoji": "", "eez": "Ecuadorian Exclusive Economic Zone (Galapagos)", "eez_sovereign": "Ecuador", "eez_foreign": null, "authorization": "", "authorities": "", "iuu_listed": false, "iuu_label": "", "imo": "", "next_port": null, "evidence_hash": "abcf61cc2886715229c4c822c027ce83aa4f2aa050b528c21182d60124cc33ea", "evidence_schema": "seavigil-evidence-1.0", "why": "inside MPA: Gal\u00e1pagos Marine Reserve \u00b7 not broadcasting AIS (dark vessel) \u00b7 satellite detections in window: 1", "why_full": "inside MPA: Gal\u00e1pagos Marine Reserve \u00b7 not broadcasting AIS (dark vessel) \u00b7 satellite detections in window: 1", "baseline": "", "caveats": "Dark vessel: detected by satellite SAR but not broadcasting AIS. | Not SHAP-explainable -- a SAR detection has no movement track to attribute. | length_m and fishing_score are GFW model estimates from imagery, not ground truth. | MPA boundary may be approximate; verify against official WDPA limits. | An inspection lead, not courtroom evidence.", "caveat": "Dark vessel: detected by satellite SAR but not broadcasting AIS.", "innocent": "A radar contact with no AIS may be a vessel not required to broadcast, sea clutter, or fixed infrastructure; treat as a lead to confirm."}}, {"type": "Feature", "geometry": {"type": "Point", "coordinates": [-92.2300033569336, -0.44]}, "properties": {"id": "sar__galapagos_marine_reserve_0018", "kind": "dark_vessel_sar", "mpa": "Gal\u00e1pagos Marine Reserve", "severity": "high", "severity_reason": "no-take / national-park protection", "when": "2024-01-02T11:42:31Z", "score": null, "vessel": "(dark -- no AIS identity)", "ship_name": "", "ship_type": "", "destination": "", "gear": "SAR (dark)", "flag": "", "flag_emoji": "", "eez": "Ecuadorian Exclusive Economic Zone (Galapagos)", "eez_sovereign": "Ecuador", "eez_foreign": null, "authorization": "", "authorities": "", "iuu_listed": false, "iuu_label": "", "imo": "", "next_port": null, "evidence_hash": "af969624493dd8c90c2a9d4e088c3390bcbc8ad8b82e5935795e0b1d5a04352c", "evidence_schema": "seavigil-evidence-1.0", "why": "inside MPA: Gal\u00e1pagos Marine Reserve \u00b7 not broadcasting AIS (dark vessel) \u00b7 satellite detections in window: 1", "why_full": "inside MPA: Gal\u00e1pagos Marine Reserve \u00b7 not broadcasting AIS (dark vessel) \u00b7 satellite detections in window: 1", "baseline": "", "caveats": "Dark vessel: detected by satellite SAR but not broadcasting AIS. | Not SHAP-explainable -- a SAR detection has no movement track to attribute. | length_m and fishing_score are GFW model estimates from imagery, not ground truth. | MPA boundary may be approximate; verify against official WDPA limits. | An inspection lead, not courtroom evidence.", "caveat": "Dark vessel: detected by satellite SAR but not broadcasting AIS.", "innocent": "A radar contact with no AIS may be a vessel not required to broadcast, sea clutter, or fixed infrastructure; treat as a lead to confirm."}}, {"type": "Feature", "geometry": {"type": "Point", "coordinates": [-90.7300033569336, -1.3]}, "properties": {"id": "sar__galapagos_marine_reserve_0019", "kind": "dark_vessel_sar", "mpa": "Gal\u00e1pagos Marine Reserve", "severity": "high", "severity_reason": "no-take / national-park protection", "when": "2024-01-02T11:42:31Z", "score": null, "vessel": "(dark -- no AIS identity)", "ship_name": "", "ship_type": "", "destination": "", "gear": "SAR (dark)", "flag": "", "flag_emoji": "", "eez": "Ecuadorian Exclusive Economic Zone (Galapagos)", "eez_sovereign": "Ecuador", "eez_foreign": null, "authorization": "", "authorities": "", "iuu_listed": false, "iuu_label": "", "imo": "", "next_port": null, "evidence_hash": "6327f03d226751310970382d6922609167ce13aa4f53d47d2ebb75e4eabf7f31", "evidence_schema": "seavigil-evidence-1.0", "why": "inside MPA: Gal\u00e1pagos Marine Reserve \u00b7 not broadcasting AIS (dark vessel) \u00b7 satellite detections in window: 1", "why_full": "inside MPA: Gal\u00e1pagos Marine Reserve \u00b7 not broadcasting AIS (dark vessel) \u00b7 satellite detections in window: 1", "baseline": "", "caveats": "Dark vessel: detected by satellite SAR but not broadcasting AIS. | Not SHAP-explainable -- a SAR detection has no movement track to attribute. | length_m and fishing_score are GFW model estimates from imagery, not ground truth. | MPA boundary may be approximate; verify against official WDPA limits. | An inspection lead, not courtroom evidence.", "caveat": "Dark vessel: detected by satellite SAR but not broadcasting AIS.", "innocent": "A radar contact with no AIS may be a vessel not required to broadcast, sea clutter, or fixed infrastructure; treat as a lead to confirm."}}, {"type": "Feature", "geometry": {"type": "Point", "coordinates": [-90.47000122070312, -0.5]}, "properties": {"id": "sar__galapagos_marine_reserve_0020", "kind": "dark_vessel_sar", "mpa": "Gal\u00e1pagos Marine Reserve", "severity": "high", "severity_reason": "no-take / national-park protection", "when": "2024-01-02T11:42:31Z", "score": null, "vessel": "(dark -- no AIS identity)", "ship_name": "", "ship_type": "", "destination": "", "gear": "SAR (dark)", "flag": "", "flag_emoji": "", "eez": "Ecuadorian Exclusive Economic Zone (Galapagos)", "eez_sovereign": "Ecuador", "eez_foreign": null, "authorization": "", "authorities": "", "iuu_listed": false, "iuu_label": "", "imo": "", "next_port": null, "evidence_hash": "50d4d9330c8564efd0dc7e96a1d714fcf02affa3ad3b67e5169aa75a0f4b1a50", "evidence_schema": "seavigil-evidence-1.0", "why": "inside MPA: Gal\u00e1pagos Marine Reserve \u00b7 not broadcasting AIS (dark vessel) \u00b7 satellite detections in window: 1", "why_full": "inside MPA: Gal\u00e1pagos Marine Reserve \u00b7 not broadcasting AIS (dark vessel) \u00b7 satellite detections in window: 1", "baseline": "", "caveats": "Dark vessel: detected by satellite SAR but not broadcasting AIS. | Not SHAP-explainable -- a SAR detection has no movement track to attribute. | length_m and fishing_score are GFW model estimates from imagery, not ground truth. | MPA boundary may be approximate; verify against official WDPA limits. | An inspection lead, not courtroom evidence.", "caveat": "Dark vessel: detected by satellite SAR but not broadcasting AIS.", "innocent": "A radar contact with no AIS may be a vessel not required to broadcast, sea clutter, or fixed infrastructure; treat as a lead to confirm."}}, {"type": "Feature", "geometry": {"type": "Point", "coordinates": [-91.5, -1.36]}, "properties": {"id": "sar__galapagos_marine_reserve_0021", "kind": "dark_vessel_sar", "mpa": "Gal\u00e1pagos Marine Reserve", "severity": "high", "severity_reason": "no-take / national-park protection", "when": "2024-01-02T11:42:31Z", "score": null, "vessel": "(dark -- no AIS identity)", "ship_name": "", "ship_type": "", "destination": "", "gear": "SAR (dark)", "flag": "", "flag_emoji": "", "eez": "Ecuadorian Exclusive Economic Zone (Galapagos)", "eez_sovereign": "Ecuador", "eez_foreign": null, "authorization": "", "authorities": "", "iuu_listed": false, "iuu_label": "", "imo": "", "next_port": null, "evidence_hash": "b1c82cf1cc5e95bc2a70974f6d5dd41dda5dfae28edd2184f125acd6fa3e9a3e", "evidence_schema": "seavigil-evidence-1.0", "why": "inside MPA: Gal\u00e1pagos Marine Reserve \u00b7 not broadcasting AIS (dark vessel) \u00b7 satellite detections in window: 1", "why_full": "inside MPA: Gal\u00e1pagos Marine Reserve \u00b7 not broadcasting AIS (dark vessel) \u00b7 satellite detections in window: 1", "baseline": "", "caveats": "Dark vessel: detected by satellite SAR but not broadcasting AIS. | Not SHAP-explainable -- a SAR detection has no movement track to attribute. | length_m and fishing_score are GFW model estimates from imagery, not ground truth. | MPA boundary may be approximate; verify against official WDPA limits. | An inspection lead, not courtroom evidence.", "caveat": "Dark vessel: detected by satellite SAR but not broadcasting AIS.", "innocent": "A radar contact with no AIS may be a vessel not required to broadcast, sea clutter, or fixed infrastructure; treat as a lead to confirm."}}, {"type": "Feature", "geometry": {"type": "Point", "coordinates": [-90.87999725341797, -0.34]}, "properties": {"id": "sar__galapagos_marine_reserve_0022", "kind": "dark_vessel_sar", "mpa": "Gal\u00e1pagos Marine Reserve", "severity": "high", "severity_reason": "no-take / national-park protection", "when": "2024-01-02T11:42:31Z", "score": null, "vessel": "(dark -- no AIS identity)", "ship_name": "", "ship_type": "", "destination": "", "gear": "SAR (dark)", "flag": "", "flag_emoji": "", "eez": "Ecuadorian Exclusive Economic Zone (Galapagos)", "eez_sovereign": "Ecuador", "eez_foreign": null, "authorization": "", "authorities": "", "iuu_listed": false, "iuu_label": "", "imo": "", "next_port": null, "evidence_hash": "24031e16a28d63dffe5016e32555f3d0391d50b3a9a9202ae810fee4cf8693bc", "evidence_schema": "seavigil-evidence-1.0", "why": "inside MPA: Gal\u00e1pagos Marine Reserve \u00b7 not broadcasting AIS (dark vessel) \u00b7 satellite detections in window: 1", "why_full": "inside MPA: Gal\u00e1pagos Marine Reserve \u00b7 not broadcasting AIS (dark vessel) \u00b7 satellite detections in window: 1", "baseline": "", "caveats": "Dark vessel: detected by satellite SAR but not broadcasting AIS. | Not SHAP-explainable -- a SAR detection has no movement track to attribute. | length_m and fishing_score are GFW model estimates from imagery, not ground truth. | MPA boundary may be approximate; verify against official WDPA limits. | An inspection lead, not courtroom evidence.", "caveat": "Dark vessel: detected by satellite SAR but not broadcasting AIS.", "innocent": "A radar contact with no AIS may be a vessel not required to broadcast, sea clutter, or fixed infrastructure; treat as a lead to confirm."}}, {"type": "Feature", "geometry": {"type": "Point", "coordinates": [-90.58999633789062, -1.09]}, "properties": {"id": "sar__galapagos_marine_reserve_0023", "kind": "dark_vessel_sar", "mpa": "Gal\u00e1pagos Marine Reserve", "severity": "high", "severity_reason": "no-take / national-park protection", "when": "2024-01-02T11:42:31Z", "score": null, "vessel": "(dark -- no AIS identity)", "ship_name": "", "ship_type": "", "destination": "", "gear": "SAR (dark)", "flag": "", "flag_emoji": "", "eez": "Ecuadorian Exclusive Economic Zone (Galapagos)", "eez_sovereign": "Ecuador", "eez_foreign": null, "authorization": "", "authorities": "", "iuu_listed": false, "iuu_label": "", "imo": "", "next_port": null, "evidence_hash": "8b17391d0c9385b035f04fb7b948225f099fb65ab08a81aba9e486648bc27f3d", "evidence_schema": "seavigil-evidence-1.0", "why": "inside MPA: Gal\u00e1pagos Marine Reserve \u00b7 not broadcasting AIS (dark vessel) \u00b7 satellite detections in window: 1", "why_full": "inside MPA: Gal\u00e1pagos Marine Reserve \u00b7 not broadcasting AIS (dark vessel) \u00b7 satellite detections in window: 1", "baseline": "", "caveats": "Dark vessel: detected by satellite SAR but not broadcasting AIS. | Not SHAP-explainable -- a SAR detection has no movement track to attribute. | length_m and fishing_score are GFW model estimates from imagery, not ground truth. | MPA boundary may be approximate; verify against official WDPA limits. | An inspection lead, not courtroom evidence.", "caveat": "Dark vessel: detected by satellite SAR but not broadcasting AIS.", "innocent": "A radar contact with no AIS may be a vessel not required to broadcast, sea clutter, or fixed infrastructure; treat as a lead to confirm."}}, {"type": "Feature", "geometry": {"type": "Point", "coordinates": [-90.05999755859375, -1.29]}, "properties": {"id": "sar__galapagos_marine_reserve_0024", "kind": "dark_vessel_sar", "mpa": "Gal\u00e1pagos Marine Reserve", "severity": "high", "severity_reason": "no-take / national-park protection", "when": "2024-01-02T11:42:31Z", "score": null, "vessel": "(dark -- no AIS identity)", "ship_name": "", "ship_type": "", "destination": "", "gear": "SAR (dark)", "flag": "", "flag_emoji": "", "eez": "Ecuadorian Exclusive Economic Zone (Galapagos)", "eez_sovereign": "Ecuador", "eez_foreign": null, "authorization": "", "authorities": "", "iuu_listed": false, "iuu_label": "", "imo": "", "next_port": null, "evidence_hash": "872bbdb3fc6f9421d46190aaab1014eda4abe1731fdc0a44efce0ba5587feb9d", "evidence_schema": "seavigil-evidence-1.0", "why": "inside MPA: Gal\u00e1pagos Marine Reserve \u00b7 not broadcasting AIS (dark vessel) \u00b7 satellite detections in window: 1", "why_full": "inside MPA: Gal\u00e1pagos Marine Reserve \u00b7 not broadcasting AIS (dark vessel) \u00b7 satellite detections in window: 1", "baseline": "", "caveats": "Dark vessel: detected by satellite SAR but not broadcasting AIS. | Not SHAP-explainable -- a SAR detection has no movement track to attribute. | length_m and fishing_score are GFW model estimates from imagery, not ground truth. | MPA boundary may be approximate; verify against official WDPA limits. | An inspection lead, not courtroom evidence.", "caveat": "Dark vessel: detected by satellite SAR but not broadcasting AIS.", "innocent": "A radar contact with no AIS may be a vessel not required to broadcast, sea clutter, or fixed infrastructure; treat as a lead to confirm."}}, {"type": "Feature", "geometry": {"type": "Point", "coordinates": [-91.05000305175781, -0.22]}, "properties": {"id": "sar__galapagos_marine_reserve_0025", "kind": "dark_vessel_sar", "mpa": "Gal\u00e1pagos Marine Reserve", "severity": "high", "severity_reason": "no-take / national-park protection", "when": "2024-01-02T11:42:31Z", "score": null, "vessel": "(dark -- no AIS identity)", "ship_name": "", "ship_type": "", "destination": "", "gear": "SAR (dark)", "flag": "", "flag_emoji": "", "eez": "Ecuadorian Exclusive Economic Zone (Galapagos)", "eez_sovereign": "Ecuador", "eez_foreign": null, "authorization": "", "authorities": "", "iuu_listed": false, "iuu_label": "", "imo": "", "next_port": null, "evidence_hash": "f67241cf55e0094c86a67d55d860fea1b2ef6379d0ce4219fa5e0fc1d44c260f", "evidence_schema": "seavigil-evidence-1.0", "why": "inside MPA: Gal\u00e1pagos Marine Reserve \u00b7 not broadcasting AIS (dark vessel) \u00b7 satellite detections in window: 1", "why_full": "inside MPA: Gal\u00e1pagos Marine Reserve \u00b7 not broadcasting AIS (dark vessel) \u00b7 satellite detections in window: 1", "baseline": "", "caveats": "Dark vessel: detected by satellite SAR but not broadcasting AIS. | Not SHAP-explainable -- a SAR detection has no movement track to attribute. | length_m and fishing_score are GFW model estimates from imagery, not ground truth. | MPA boundary may be approximate; verify against official WDPA limits. | An inspection lead, not courtroom evidence.", "caveat": "Dark vessel: detected by satellite SAR but not broadcasting AIS.", "innocent": "A radar contact with no AIS may be a vessel not required to broadcast, sea clutter, or fixed infrastructure; treat as a lead to confirm."}}, {"type": "Feature", "geometry": {"type": "Point", "coordinates": [-92.47000122070312, -1.46]}, "properties": {"id": "sar__galapagos_marine_reserve_0026", "kind": "dark_vessel_sar", "mpa": "Gal\u00e1pagos Marine Reserve", "severity": "high", "severity_reason": "no-take / national-park protection", "when": "2024-01-02T11:42:31Z", "score": null, "vessel": "(dark -- no AIS identity)", "ship_name": "", "ship_type": "", "destination": "", "gear": "SAR (dark)", "flag": "", "flag_emoji": "", "eez": "Ecuadorian Exclusive Economic Zone (Galapagos)", "eez_sovereign": "Ecuador", "eez_foreign": null, "authorization": "", "authorities": "", "iuu_listed": false, "iuu_label": "", "imo": "", "next_port": null, "evidence_hash": "5e3599cca125296cf030c8b6509a7104a6c0a88f6c6baef59de45a17ef842e4b", "evidence_schema": "seavigil-evidence-1.0", "why": "inside MPA: Gal\u00e1pagos Marine Reserve \u00b7 not broadcasting AIS (dark vessel) \u00b7 satellite detections in window: 1", "why_full": "inside MPA: Gal\u00e1pagos Marine Reserve \u00b7 not broadcasting AIS (dark vessel) \u00b7 satellite detections in window: 1", "baseline": "", "caveats": "Dark vessel: detected by satellite SAR but not broadcasting AIS. | Not SHAP-explainable -- a SAR detection has no movement track to attribute. | length_m and fishing_score are GFW model estimates from imagery, not ground truth. | MPA boundary may be approximate; verify against official WDPA limits. | An inspection lead, not courtroom evidence.", "caveat": "Dark vessel: detected by satellite SAR but not broadcasting AIS.", "innocent": "A radar contact with no AIS may be a vessel not required to broadcast, sea clutter, or fixed infrastructure; treat as a lead to confirm."}}, {"type": "Feature", "geometry": {"type": "Point", "coordinates": [-92.37999725341797, -0.81]}, "properties": {"id": "sar__galapagos_marine_reserve_0027", "kind": "dark_vessel_sar", "mpa": "Gal\u00e1pagos Marine Reserve", "severity": "high", "severity_reason": "no-take / national-park protection", "when": "2024-01-02T11:42:31Z", "score": null, "vessel": "(dark -- no AIS identity)", "ship_name": "", "ship_type": "", "destination": "", "gear": "SAR (dark)", "flag": "", "flag_emoji": "", "eez": "Ecuadorian Exclusive Economic Zone (Galapagos)", "eez_sovereign": "Ecuador", "eez_foreign": null, "authorization": "", "authorities": "", "iuu_listed": false, "iuu_label": "", "imo": "", "next_port": null, "evidence_hash": "59590be4a8be98ba8da07e0d32f7d393399786326e81b7e7acdb65f9205cfed3", "evidence_schema": "seavigil-evidence-1.0", "why": "inside MPA: Gal\u00e1pagos Marine Reserve \u00b7 not broadcasting AIS (dark vessel) \u00b7 satellite detections in window: 1", "why_full": "inside MPA: Gal\u00e1pagos Marine Reserve \u00b7 not broadcasting AIS (dark vessel) \u00b7 satellite detections in window: 1", "baseline": "", "caveats": "Dark vessel: detected by satellite SAR but not broadcasting AIS. | Not SHAP-explainable -- a SAR detection has no movement track to attribute. | length_m and fishing_score are GFW model estimates from imagery, not ground truth. | MPA boundary may be approximate; verify against official WDPA limits. | An inspection lead, not courtroom evidence.", "caveat": "Dark vessel: detected by satellite SAR but not broadcasting AIS.", "innocent": "A radar contact with no AIS may be a vessel not required to broadcast, sea clutter, or fixed infrastructure; treat as a lead to confirm."}}, {"type": "Feature", "geometry": {"type": "Point", "coordinates": [-89.98999786376953, -0.88]}, "properties": {"id": "sar__galapagos_marine_reserve_0028", "kind": "dark_vessel_sar", "mpa": "Gal\u00e1pagos Marine Reserve", "severity": "high", "severity_reason": "no-take / national-park protection", "when": "2024-01-02T11:42:31Z", "score": null, "vessel": "(dark -- no AIS identity)", "ship_name": "", "ship_type": "", "destination": "", "gear": "SAR (dark)", "flag": "", "flag_emoji": "", "eez": "Ecuadorian Exclusive Economic Zone (Galapagos)", "eez_sovereign": "Ecuador", "eez_foreign": null, "authorization": "", "authorities": "", "iuu_listed": false, "iuu_label": "", "imo": "", "next_port": null, "evidence_hash": "505c5187c000b31f6d149d99e8e1ee1a2480a16018463fce827a415b8a92f204", "evidence_schema": "seavigil-evidence-1.0", "why": "inside MPA: Gal\u00e1pagos Marine Reserve \u00b7 not broadcasting AIS (dark vessel) \u00b7 satellite detections in window: 1", "why_full": "inside MPA: Gal\u00e1pagos Marine Reserve \u00b7 not broadcasting AIS (dark vessel) \u00b7 satellite detections in window: 1", "baseline": "", "caveats": "Dark vessel: detected by satellite SAR but not broadcasting AIS. | Not SHAP-explainable -- a SAR detection has no movement track to attribute. | length_m and fishing_score are GFW model estimates from imagery, not ground truth. | MPA boundary may be approximate; verify against official WDPA limits. | An inspection lead, not courtroom evidence.", "caveat": "Dark vessel: detected by satellite SAR but not broadcasting AIS.", "innocent": "A radar contact with no AIS may be a vessel not required to broadcast, sea clutter, or fixed infrastructure; treat as a lead to confirm."}}, {"type": "Feature", "geometry": {"type": "Point", "coordinates": [-90.37000274658203, -0.39]}, "properties": {"id": "sar__galapagos_marine_reserve_0029", "kind": "dark_vessel_sar", "mpa": "Gal\u00e1pagos Marine Reserve", "severity": "high", "severity_reason": "no-take / national-park protection", "when": "2024-01-02T11:42:31Z", "score": null, "vessel": "(dark -- no AIS identity)", "ship_name": "", "ship_type": "", "destination": "", "gear": "SAR (dark)", "flag": "", "flag_emoji": "", "eez": "Ecuadorian Exclusive Economic Zone (Galapagos)", "eez_sovereign": "Ecuador", "eez_foreign": null, "authorization": "", "authorities": "", "iuu_listed": false, "iuu_label": "", "imo": "", "next_port": null, "evidence_hash": "a40b78b847e67a02200ffc0aedb0c5548515db188223f92a70b913c75bbb6e9a", "evidence_schema": "seavigil-evidence-1.0", "why": "inside MPA: Gal\u00e1pagos Marine Reserve \u00b7 not broadcasting AIS (dark vessel) \u00b7 satellite detections in window: 1", "why_full": "inside MPA: Gal\u00e1pagos Marine Reserve \u00b7 not broadcasting AIS (dark vessel) \u00b7 satellite detections in window: 1", "baseline": "", "caveats": "Dark vessel: detected by satellite SAR but not broadcasting AIS. | Not SHAP-explainable -- a SAR detection has no movement track to attribute. | length_m and fishing_score are GFW model estimates from imagery, not ground truth. | MPA boundary may be approximate; verify against official WDPA limits. | An inspection lead, not courtroom evidence.", "caveat": "Dark vessel: detected by satellite SAR but not broadcasting AIS.", "innocent": "A radar contact with no AIS may be a vessel not required to broadcast, sea clutter, or fixed infrastructure; treat as a lead to confirm."}}, {"type": "Feature", "geometry": {"type": "Point", "coordinates": [-92.38999938964844, -0.46]}, "properties": {"id": "sar__galapagos_marine_reserve_0030", "kind": "dark_vessel_sar", "mpa": "Gal\u00e1pagos Marine Reserve", "severity": "high", "severity_reason": "no-take / national-park protection", "when": "2024-01-02T11:42:31Z", "score": null, "vessel": "(dark -- no AIS identity)", "ship_name": "", "ship_type": "", "destination": "", "gear": "SAR (dark)", "flag": "", "flag_emoji": "", "eez": "Ecuadorian Exclusive Economic Zone (Galapagos)", "eez_sovereign": "Ecuador", "eez_foreign": null, "authorization": "", "authorities": "", "iuu_listed": false, "iuu_label": "", "imo": "", "next_port": null, "evidence_hash": "bc4182974f790d52f963968ca24bdd38b278de8699efc705f1929c97761c820c", "evidence_schema": "seavigil-evidence-1.0", "why": "inside MPA: Gal\u00e1pagos Marine Reserve \u00b7 not broadcasting AIS (dark vessel) \u00b7 satellite detections in window: 1", "why_full": "inside MPA: Gal\u00e1pagos Marine Reserve \u00b7 not broadcasting AIS (dark vessel) \u00b7 satellite detections in window: 1", "baseline": "", "caveats": "Dark vessel: detected by satellite SAR but not broadcasting AIS. | Not SHAP-explainable -- a SAR detection has no movement track to attribute. | length_m and fishing_score are GFW model estimates from imagery, not ground truth. | MPA boundary may be approximate; verify against official WDPA limits. | An inspection lead, not courtroom evidence.", "caveat": "Dark vessel: detected by satellite SAR but not broadcasting AIS.", "innocent": "A radar contact with no AIS may be a vessel not required to broadcast, sea clutter, or fixed infrastructure; treat as a lead to confirm."}}, {"type": "Feature", "geometry": {"type": "Point", "coordinates": [-90.62999725341797, -0.15]}, "properties": {"id": "sar__galapagos_marine_reserve_0031", "kind": "dark_vessel_sar", "mpa": "Gal\u00e1pagos Marine Reserve", "severity": "high", "severity_reason": "no-take / national-park protection", "when": "2024-01-02T11:42:31Z", "score": null, "vessel": "(dark -- no AIS identity)", "ship_name": "", "ship_type": "", "destination": "", "gear": "SAR (dark)", "flag": "", "flag_emoji": "", "eez": "Ecuadorian Exclusive Economic Zone (Galapagos)", "eez_sovereign": "Ecuador", "eez_foreign": null, "authorization": "", "authorities": "", "iuu_listed": false, "iuu_label": "", "imo": "", "next_port": null, "evidence_hash": "77ef7c4a1e2d56cdd4d3e9b8de9dd2ebbaa4b794c9b52f52de08ea0b0d3abc39", "evidence_schema": "seavigil-evidence-1.0", "why": "inside MPA: Gal\u00e1pagos Marine Reserve \u00b7 not broadcasting AIS (dark vessel) \u00b7 satellite detections in window: 1", "why_full": "inside MPA: Gal\u00e1pagos Marine Reserve \u00b7 not broadcasting AIS (dark vessel) \u00b7 satellite detections in window: 1", "baseline": "", "caveats": "Dark vessel: detected by satellite SAR but not broadcasting AIS. | Not SHAP-explainable -- a SAR detection has no movement track to attribute. | length_m and fishing_score are GFW model estimates from imagery, not ground truth. | MPA boundary may be approximate; verify against official WDPA limits. | An inspection lead, not courtroom evidence.", "caveat": "Dark vessel: detected by satellite SAR but not broadcasting AIS.", "innocent": "A radar contact with no AIS may be a vessel not required to broadcast, sea clutter, or fixed infrastructure; treat as a lead to confirm."}}, {"type": "Feature", "geometry": {"type": "Point", "coordinates": [-90.31999969482422, -0.47]}, "properties": {"id": "sar__galapagos_marine_reserve_0032", "kind": "dark_vessel_sar", "mpa": "Gal\u00e1pagos Marine Reserve", "severity": "high", "severity_reason": "no-take / national-park protection", "when": "2024-10-27T00:18:49Z", "score": null, "vessel": "(dark -- no AIS identity)", "ship_name": "", "ship_type": "", "destination": "", "gear": "SAR (dark)", "flag": "", "flag_emoji": "", "eez": "Ecuadorian Exclusive Economic Zone (Galapagos)", "eez_sovereign": "Ecuador", "eez_foreign": null, "authorization": "", "authorities": "", "iuu_listed": false, "iuu_label": "", "imo": "", "next_port": null, "evidence_hash": "041f7db0ad067d82410b189b3e5eeba5317104929001f04b0112a6467678549c", "evidence_schema": "seavigil-evidence-1.0", "why": "inside MPA: Gal\u00e1pagos Marine Reserve \u00b7 not broadcasting AIS (dark vessel) \u00b7 satellite detections in window: 1", "why_full": "inside MPA: Gal\u00e1pagos Marine Reserve \u00b7 not broadcasting AIS (dark vessel) \u00b7 satellite detections in window: 1", "baseline": "", "caveats": "Dark vessel: detected by satellite SAR but not broadcasting AIS. | Not SHAP-explainable -- a SAR detection has no movement track to attribute. | length_m and fishing_score are GFW model estimates from imagery, not ground truth. | MPA boundary may be approximate; verify against official WDPA limits. | An inspection lead, not courtroom evidence.", "caveat": "Dark vessel: detected by satellite SAR but not broadcasting AIS.", "innocent": "A radar contact with no AIS may be a vessel not required to broadcast, sea clutter, or fixed infrastructure; treat as a lead to confirm."}}, {"type": "Feature", "geometry": {"type": "Point", "coordinates": [-92.36000061035156, -1.08]}, "properties": {"id": "sar__galapagos_marine_reserve_0033", "kind": "dark_vessel_sar", "mpa": "Gal\u00e1pagos Marine Reserve", "severity": "high", "severity_reason": "no-take / national-park protection", "when": "2024-01-02T11:42:31Z", "score": null, "vessel": "(dark -- no AIS identity)", "ship_name": "", "ship_type": "", "destination": "", "gear": "SAR (dark)", "flag": "", "flag_emoji": "", "eez": "Ecuadorian Exclusive Economic Zone (Galapagos)", "eez_sovereign": "Ecuador", "eez_foreign": null, "authorization": "", "authorities": "", "iuu_listed": false, "iuu_label": "", "imo": "", "next_port": null, "evidence_hash": "1584e5481398ae6a54478178ffde73a5e8d7095a94d893195e9019432023f3bb", "evidence_schema": "seavigil-evidence-1.0", "why": "inside MPA: Gal\u00e1pagos Marine Reserve \u00b7 not broadcasting AIS (dark vessel) \u00b7 satellite detections in window: 1", "why_full": "inside MPA: Gal\u00e1pagos Marine Reserve \u00b7 not broadcasting AIS (dark vessel) \u00b7 satellite detections in window: 1", "baseline": "", "caveats": "Dark vessel: detected by satellite SAR but not broadcasting AIS. | Not SHAP-explainable -- a SAR detection has no movement track to attribute. | length_m and fishing_score are GFW model estimates from imagery, not ground truth. | MPA boundary may be approximate; verify against official WDPA limits. | An inspection lead, not courtroom evidence.", "caveat": "Dark vessel: detected by satellite SAR but not broadcasting AIS.", "innocent": "A radar contact with no AIS may be a vessel not required to broadcast, sea clutter, or fixed infrastructure; treat as a lead to confirm."}}, {"type": "Feature", "geometry": {"type": "Point", "coordinates": [-92.25, -1.39]}, "properties": {"id": "sar__galapagos_marine_reserve_0034", "kind": "dark_vessel_sar", "mpa": "Gal\u00e1pagos Marine Reserve", "severity": "high", "severity_reason": "no-take / national-park protection", "when": "2024-01-02T11:42:31Z", "score": null, "vessel": "(dark -- no AIS identity)", "ship_name": "", "ship_type": "", "destination": "", "gear": "SAR (dark)", "flag": "", "flag_emoji": "", "eez": "Ecuadorian Exclusive Economic Zone (Galapagos)", "eez_sovereign": "Ecuador", "eez_foreign": null, "authorization": "", "authorities": "", "iuu_listed": false, "iuu_label": "", "imo": "", "next_port": null, "evidence_hash": "becc7b6605645ab604d9766a459915d92f81ec9afefecd17b4c04baa3f9d7614", "evidence_schema": "seavigil-evidence-1.0", "why": "inside MPA: Gal\u00e1pagos Marine Reserve \u00b7 not broadcasting AIS (dark vessel) \u00b7 satellite detections in window: 1", "why_full": "inside MPA: Gal\u00e1pagos Marine Reserve \u00b7 not broadcasting AIS (dark vessel) \u00b7 satellite detections in window: 1", "baseline": "", "caveats": "Dark vessel: detected by satellite SAR but not broadcasting AIS. | Not SHAP-explainable -- a SAR detection has no movement track to attribute. | length_m and fishing_score are GFW model estimates from imagery, not ground truth. | MPA boundary may be approximate; verify against official WDPA limits. | An inspection lead, not courtroom evidence.", "caveat": "Dark vessel: detected by satellite SAR but not broadcasting AIS.", "innocent": "A radar contact with no AIS may be a vessel not required to broadcast, sea clutter, or fixed infrastructure; treat as a lead to confirm."}}, {"type": "Feature", "geometry": {"type": "Point", "coordinates": [-89.7300033569336, -0.58]}, "properties": {"id": "sar__galapagos_marine_reserve_0035", "kind": "dark_vessel_sar", "mpa": "Gal\u00e1pagos Marine Reserve", "severity": "high", "severity_reason": "no-take / national-park protection", "when": "2024-01-02T11:42:31Z", "score": null, "vessel": "(dark -- no AIS identity)", "ship_name": "", "ship_type": "", "destination": "", "gear": "SAR (dark)", "flag": "", "flag_emoji": "", "eez": "Ecuadorian Exclusive Economic Zone (Galapagos)", "eez_sovereign": "Ecuador", "eez_foreign": null, "authorization": "", "authorities": "", "iuu_listed": false, "iuu_label": "", "imo": "", "next_port": null, "evidence_hash": "338c000cb322ba61321ffd2f6290cdee13216fe01f368012b5a4f7203ca16449", "evidence_schema": "seavigil-evidence-1.0", "why": "inside MPA: Gal\u00e1pagos Marine Reserve \u00b7 not broadcasting AIS (dark vessel) \u00b7 satellite detections in window: 1", "why_full": "inside MPA: Gal\u00e1pagos Marine Reserve \u00b7 not broadcasting AIS (dark vessel) \u00b7 satellite detections in window: 1", "baseline": "", "caveats": "Dark vessel: detected by satellite SAR but not broadcasting AIS. | Not SHAP-explainable -- a SAR detection has no movement track to attribute. | length_m and fishing_score are GFW model estimates from imagery, not ground truth. | MPA boundary may be approximate; verify against official WDPA limits. | An inspection lead, not courtroom evidence.", "caveat": "Dark vessel: detected by satellite SAR but not broadcasting AIS.", "innocent": "A radar contact with no AIS may be a vessel not required to broadcast, sea clutter, or fixed infrastructure; treat as a lead to confirm."}}, {"type": "Feature", "geometry": {"type": "Point", "coordinates": [-91.51000213623047, -0.85]}, "properties": {"id": "sar__galapagos_marine_reserve_0036", "kind": "dark_vessel_sar", "mpa": "Gal\u00e1pagos Marine Reserve", "severity": "high", "severity_reason": "no-take / national-park protection", "when": "2024-03-31T11:51:02Z", "score": null, "vessel": "(dark -- no AIS identity)", "ship_name": "", "ship_type": "", "destination": "", "gear": "SAR (dark)", "flag": "", "flag_emoji": "", "eez": "Ecuadorian Exclusive Economic Zone (Galapagos)", "eez_sovereign": "Ecuador", "eez_foreign": null, "authorization": "", "authorities": "", "iuu_listed": false, "iuu_label": "", "imo": "", "next_port": null, "evidence_hash": "f59dd82a39106490afe3080ca9f792030a4d6ec34327aee4e84d2462dffd0077", "evidence_schema": "seavigil-evidence-1.0", "why": "inside MPA: Gal\u00e1pagos Marine Reserve \u00b7 not broadcasting AIS (dark vessel) \u00b7 satellite detections in window: 1", "why_full": "inside MPA: Gal\u00e1pagos Marine Reserve \u00b7 not broadcasting AIS (dark vessel) \u00b7 satellite detections in window: 1", "baseline": "", "caveats": "Dark vessel: detected by satellite SAR but not broadcasting AIS. | Not SHAP-explainable -- a SAR detection has no movement track to attribute. | length_m and fishing_score are GFW model estimates from imagery, not ground truth. | MPA boundary may be approximate; verify against official WDPA limits. | An inspection lead, not courtroom evidence.", "caveat": "Dark vessel: detected by satellite SAR but not broadcasting AIS.", "innocent": "A radar contact with no AIS may be a vessel not required to broadcast, sea clutter, or fixed infrastructure; treat as a lead to confirm."}}, {"type": "Feature", "geometry": {"type": "Point", "coordinates": [-91.44000244140625, 0.33]}, "properties": {"id": "sar__galapagos_marine_reserve_0037", "kind": "dark_vessel_sar", "mpa": "Gal\u00e1pagos Marine Reserve", "severity": "high", "severity_reason": "no-take / national-park protection", "when": "2024-01-02T11:42:31Z", "score": null, "vessel": "(dark -- no AIS identity)", "ship_name": "", "ship_type": "", "destination": "", "gear": "SAR (dark)", "flag": "", "flag_emoji": "", "eez": "Ecuadorian Exclusive Economic Zone (Galapagos)", "eez_sovereign": "Ecuador", "eez_foreign": null, "authorization": "", "authorities": "", "iuu_listed": false, "iuu_label": "", "imo": "", "next_port": null, "evidence_hash": "320182cc61a04a669e8c70c3e67f7153edf4a1aadcccd901e4ef5ba189792b42", "evidence_schema": "seavigil-evidence-1.0", "why": "inside MPA: Gal\u00e1pagos Marine Reserve \u00b7 not broadcasting AIS (dark vessel) \u00b7 satellite detections in window: 1", "why_full": "inside MPA: Gal\u00e1pagos Marine Reserve \u00b7 not broadcasting AIS (dark vessel) \u00b7 satellite detections in window: 1", "baseline": "", "caveats": "Dark vessel: detected by satellite SAR but not broadcasting AIS. | Not SHAP-explainable -- a SAR detection has no movement track to attribute. | length_m and fishing_score are GFW model estimates from imagery, not ground truth. | MPA boundary may be approximate; verify against official WDPA limits. | An inspection lead, not courtroom evidence.", "caveat": "Dark vessel: detected by satellite SAR but not broadcasting AIS.", "innocent": "A radar contact with no AIS may be a vessel not required to broadcast, sea clutter, or fixed infrastructure; treat as a lead to confirm."}}, {"type": "Feature", "geometry": {"type": "Point", "coordinates": [-89.44000244140625, -1.64]}, "properties": {"id": "sar__galapagos_marine_reserve_0038", "kind": "dark_vessel_sar", "mpa": "Gal\u00e1pagos Marine Reserve", "severity": "high", "severity_reason": "no-take / national-park protection", "when": "2024-01-02T11:42:31Z", "score": null, "vessel": "(dark -- no AIS identity)", "ship_name": "", "ship_type": "", "destination": "", "gear": "SAR (dark)", "flag": "", "flag_emoji": "", "eez": "Ecuadorian Exclusive Economic Zone (Galapagos)", "eez_sovereign": "Ecuador", "eez_foreign": null, "authorization": "", "authorities": "", "iuu_listed": false, "iuu_label": "", "imo": "", "next_port": null, "evidence_hash": "a26997a48e1d8b64dfb1ec46a0d20606830dd68032d2f3bb93272799d1b86cfd", "evidence_schema": "seavigil-evidence-1.0", "why": "inside MPA: Gal\u00e1pagos Marine Reserve \u00b7 not broadcasting AIS (dark vessel) \u00b7 satellite detections in window: 1", "why_full": "inside MPA: Gal\u00e1pagos Marine Reserve \u00b7 not broadcasting AIS (dark vessel) \u00b7 satellite detections in window: 1", "baseline": "", "caveats": "Dark vessel: detected by satellite SAR but not broadcasting AIS. | Not SHAP-explainable -- a SAR detection has no movement track to attribute. | length_m and fishing_score are GFW model estimates from imagery, not ground truth. | MPA boundary may be approximate; verify against official WDPA limits. | An inspection lead, not courtroom evidence.", "caveat": "Dark vessel: detected by satellite SAR but not broadcasting AIS.", "innocent": "A radar contact with no AIS may be a vessel not required to broadcast, sea clutter, or fixed infrastructure; treat as a lead to confirm."}}, {"type": "Feature", "geometry": {"type": "Point", "coordinates": [-91.3499984741211, 0.18]}, "properties": {"id": "sar__galapagos_marine_reserve_0039", "kind": "dark_vessel_sar", "mpa": "Gal\u00e1pagos Marine Reserve", "severity": "high", "severity_reason": "no-take / national-park protection", "when": "2024-03-31T11:51:02Z", "score": null, "vessel": "(dark -- no AIS identity)", "ship_name": "", "ship_type": "", "destination": "", "gear": "SAR (dark)", "flag": "", "flag_emoji": "", "eez": "Ecuadorian Exclusive Economic Zone (Galapagos)", "eez_sovereign": "Ecuador", "eez_foreign": null, "authorization": "", "authorities": "", "iuu_listed": false, "iuu_label": "", "imo": "", "next_port": null, "evidence_hash": "4af8d5d9a5655c955aee50690b94cb4edcd6d1542bb4b0f561e72bd1548cfc3d", "evidence_schema": "seavigil-evidence-1.0", "why": "inside MPA: Gal\u00e1pagos Marine Reserve \u00b7 not broadcasting AIS (dark vessel) \u00b7 satellite detections in window: 1", "why_full": "inside MPA: Gal\u00e1pagos Marine Reserve \u00b7 not broadcasting AIS (dark vessel) \u00b7 satellite detections in window: 1", "baseline": "", "caveats": "Dark vessel: detected by satellite SAR but not broadcasting AIS. | Not SHAP-explainable -- a SAR detection has no movement track to attribute. | length_m and fishing_score are GFW model estimates from imagery, not ground truth. | MPA boundary may be approximate; verify against official WDPA limits. | An inspection lead, not courtroom evidence.", "caveat": "Dark vessel: detected by satellite SAR but not broadcasting AIS.", "innocent": "A radar contact with no AIS may be a vessel not required to broadcast, sea clutter, or fixed infrastructure; treat as a lead to confirm."}}, {"type": "Feature", "geometry": {"type": "Point", "coordinates": [-91.48999786376953, -0.17]}, "properties": {"id": "sar__galapagos_marine_reserve_0040", "kind": "dark_vessel_sar", "mpa": "Gal\u00e1pagos Marine Reserve", "severity": "high", "severity_reason": "no-take / national-park protection", "when": "2024-01-02T11:42:31Z", "score": null, "vessel": "(dark -- no AIS identity)", "ship_name": "", "ship_type": "", "destination": "", "gear": "SAR (dark)", "flag": "", "flag_emoji": "", "eez": "Ecuadorian Exclusive Economic Zone (Galapagos)", "eez_sovereign": "Ecuador", "eez_foreign": null, "authorization": "", "authorities": "", "iuu_listed": false, "iuu_label": "", "imo": "", "next_port": null, "evidence_hash": "447ae2fd005b991627f8099bc763b04102c3c5525d29fcd1979c98be5beefe5d", "evidence_schema": "seavigil-evidence-1.0", "why": "inside MPA: Gal\u00e1pagos Marine Reserve \u00b7 not broadcasting AIS (dark vessel) \u00b7 satellite detections in window: 1", "why_full": "inside MPA: Gal\u00e1pagos Marine Reserve \u00b7 not broadcasting AIS (dark vessel) \u00b7 satellite detections in window: 1", "baseline": "", "caveats": "Dark vessel: detected by satellite SAR but not broadcasting AIS. | Not SHAP-explainable -- a SAR detection has no movement track to attribute. | length_m and fishing_score are GFW model estimates from imagery, not ground truth. | MPA boundary may be approximate; verify against official WDPA limits. | An inspection lead, not courtroom evidence.", "caveat": "Dark vessel: detected by satellite SAR but not broadcasting AIS.", "innocent": "A radar contact with no AIS may be a vessel not required to broadcast, sea clutter, or fixed infrastructure; treat as a lead to confirm."}}, {"type": "Feature", "geometry": {"type": "Point", "coordinates": [-91.68000030517578, -0.12]}, "properties": {"id": "sar__galapagos_marine_reserve_0041", "kind": "dark_vessel_sar", "mpa": "Gal\u00e1pagos Marine Reserve", "severity": "high", "severity_reason": "no-take / national-park protection", "when": "2024-01-02T11:42:31Z", "score": null, "vessel": "(dark -- no AIS identity)", "ship_name": "", "ship_type": "", "destination": "", "gear": "SAR (dark)", "flag": "", "flag_emoji": "", "eez": "Ecuadorian Exclusive Economic Zone (Galapagos)", "eez_sovereign": "Ecuador", "eez_foreign": null, "authorization": "", "authorities": "", "iuu_listed": false, "iuu_label": "", "imo": "", "next_port": null, "evidence_hash": "75830a4638342c93b91595b6c8855f6938a17f413188577892c1c5af141b3d09", "evidence_schema": "seavigil-evidence-1.0", "why": "inside MPA: Gal\u00e1pagos Marine Reserve \u00b7 not broadcasting AIS (dark vessel) \u00b7 satellite detections in window: 1", "why_full": "inside MPA: Gal\u00e1pagos Marine Reserve \u00b7 not broadcasting AIS (dark vessel) \u00b7 satellite detections in window: 1", "baseline": "", "caveats": "Dark vessel: detected by satellite SAR but not broadcasting AIS. | Not SHAP-explainable -- a SAR detection has no movement track to attribute. | length_m and fishing_score are GFW model estimates from imagery, not ground truth. | MPA boundary may be approximate; verify against official WDPA limits. | An inspection lead, not courtroom evidence.", "caveat": "Dark vessel: detected by satellite SAR but not broadcasting AIS.", "innocent": "A radar contact with no AIS may be a vessel not required to broadcast, sea clutter, or fixed infrastructure; treat as a lead to confirm."}}, {"type": "Feature", "geometry": {"type": "Point", "coordinates": [-90.33999633789062, -0.38]}, "properties": {"id": "sar__galapagos_marine_reserve_0042", "kind": "dark_vessel_sar", "mpa": "Gal\u00e1pagos Marine Reserve", "severity": "high", "severity_reason": "no-take / national-park protection", "when": "2024-01-02T11:42:31Z", "score": null, "vessel": "(dark -- no AIS identity)", "ship_name": "", "ship_type": "", "destination": "", "gear": "SAR (dark)", "flag": "", "flag_emoji": "", "eez": "Ecuadorian Exclusive Economic Zone (Galapagos)", "eez_sovereign": "Ecuador", "eez_foreign": null, "authorization": "", "authorities": "", "iuu_listed": false, "iuu_label": "", "imo": "", "next_port": null, "evidence_hash": "dc194d411d7026514d11a3b41031bbdc730c941e63288104a53f59786f5e65ee", "evidence_schema": "seavigil-evidence-1.0", "why": "inside MPA: Gal\u00e1pagos Marine Reserve \u00b7 not broadcasting AIS (dark vessel) \u00b7 satellite detections in window: 1", "why_full": "inside MPA: Gal\u00e1pagos Marine Reserve \u00b7 not broadcasting AIS (dark vessel) \u00b7 satellite detections in window: 1", "baseline": "", "caveats": "Dark vessel: detected by satellite SAR but not broadcasting AIS. | Not SHAP-explainable -- a SAR detection has no movement track to attribute. | length_m and fishing_score are GFW model estimates from imagery, not ground truth. | MPA boundary may be approximate; verify against official WDPA limits. | An inspection lead, not courtroom evidence.", "caveat": "Dark vessel: detected by satellite SAR but not broadcasting AIS.", "innocent": "A radar contact with no AIS may be a vessel not required to broadcast, sea clutter, or fixed infrastructure; treat as a lead to confirm."}}, {"type": "Feature", "geometry": {"type": "Point", "coordinates": [-92.31999969482422, -1.5]}, "properties": {"id": "sar__galapagos_marine_reserve_0043", "kind": "dark_vessel_sar", "mpa": "Gal\u00e1pagos Marine Reserve", "severity": "high", "severity_reason": "no-take / national-park protection", "when": "2024-01-02T11:42:31Z", "score": null, "vessel": "(dark -- no AIS identity)", "ship_name": "", "ship_type": "", "destination": "", "gear": "SAR (dark)", "flag": "", "flag_emoji": "", "eez": "Ecuadorian Exclusive Economic Zone (Galapagos)", "eez_sovereign": "Ecuador", "eez_foreign": null, "authorization": "", "authorities": "", "iuu_listed": false, "iuu_label": "", "imo": "", "next_port": null, "evidence_hash": "196acbe9565614cbf030676dc90ef14f3351f9cd416b57aabf9e2276a98eea9c", "evidence_schema": "seavigil-evidence-1.0", "why": "inside MPA: Gal\u00e1pagos Marine Reserve \u00b7 not broadcasting AIS (dark vessel) \u00b7 satellite detections in window: 1", "why_full": "inside MPA: Gal\u00e1pagos Marine Reserve \u00b7 not broadcasting AIS (dark vessel) \u00b7 satellite detections in window: 1", "baseline": "", "caveats": "Dark vessel: detected by satellite SAR but not broadcasting AIS. | Not SHAP-explainable -- a SAR detection has no movement track to attribute. | length_m and fishing_score are GFW model estimates from imagery, not ground truth. | MPA boundary may be approximate; verify against official WDPA limits. | An inspection lead, not courtroom evidence.", "caveat": "Dark vessel: detected by satellite SAR but not broadcasting AIS.", "innocent": "A radar contact with no AIS may be a vessel not required to broadcast, sea clutter, or fixed infrastructure; treat as a lead to confirm."}}, {"type": "Feature", "geometry": {"type": "Point", "coordinates": [-90.04000091552734, -0.63]}, "properties": {"id": "sar__galapagos_marine_reserve_0044", "kind": "dark_vessel_sar", "mpa": "Gal\u00e1pagos Marine Reserve", "severity": "high", "severity_reason": "no-take / national-park protection", "when": "2024-01-02T11:42:31Z", "score": null, "vessel": "(dark -- no AIS identity)", "ship_name": "", "ship_type": "", "destination": "", "gear": "SAR (dark)", "flag": "", "flag_emoji": "", "eez": "Ecuadorian Exclusive Economic Zone (Galapagos)", "eez_sovereign": "Ecuador", "eez_foreign": null, "authorization": "", "authorities": "", "iuu_listed": false, "iuu_label": "", "imo": "", "next_port": null, "evidence_hash": "98fbdf2fc4cbc0ecd9b3da0fd19bf0d574cbdee6e9b8120ca028ade70d1383b2", "evidence_schema": "seavigil-evidence-1.0", "why": "inside MPA: Gal\u00e1pagos Marine Reserve \u00b7 not broadcasting AIS (dark vessel) \u00b7 satellite detections in window: 1", "why_full": "inside MPA: Gal\u00e1pagos Marine Reserve \u00b7 not broadcasting AIS (dark vessel) \u00b7 satellite detections in window: 1", "baseline": "", "caveats": "Dark vessel: detected by satellite SAR but not broadcasting AIS. | Not SHAP-explainable -- a SAR detection has no movement track to attribute. | length_m and fishing_score are GFW model estimates from imagery, not ground truth. | MPA boundary may be approximate; verify against official WDPA limits. | An inspection lead, not courtroom evidence.", "caveat": "Dark vessel: detected by satellite SAR but not broadcasting AIS.", "innocent": "A radar contact with no AIS may be a vessel not required to broadcast, sea clutter, or fixed infrastructure; treat as a lead to confirm."}}, {"type": "Feature", "geometry": {"type": "Point", "coordinates": [-90.1500015258789, -0.63]}, "properties": {"id": "sar__galapagos_marine_reserve_0045", "kind": "dark_vessel_sar", "mpa": "Gal\u00e1pagos Marine Reserve", "severity": "high", "severity_reason": "no-take / national-park protection", "when": "2024-01-02T11:42:31Z", "score": null, "vessel": "(dark -- no AIS identity)", "ship_name": "", "ship_type": "", "destination": "", "gear": "SAR (dark)", "flag": "", "flag_emoji": "", "eez": "Ecuadorian Exclusive Economic Zone (Galapagos)", "eez_sovereign": "Ecuador", "eez_foreign": null, "authorization": "", "authorities": "", "iuu_listed": false, "iuu_label": "", "imo": "", "next_port": null, "evidence_hash": "45672ef64365f682cf183c0c8f592d9587caabeeb6ff267f73bbe738c8d5d19a", "evidence_schema": "seavigil-evidence-1.0", "why": "inside MPA: Gal\u00e1pagos Marine Reserve \u00b7 not broadcasting AIS (dark vessel) \u00b7 satellite detections in window: 1", "why_full": "inside MPA: Gal\u00e1pagos Marine Reserve \u00b7 not broadcasting AIS (dark vessel) \u00b7 satellite detections in window: 1", "baseline": "", "caveats": "Dark vessel: detected by satellite SAR but not broadcasting AIS. | Not SHAP-explainable -- a SAR detection has no movement track to attribute. | length_m and fishing_score are GFW model estimates from imagery, not ground truth. | MPA boundary may be approximate; verify against official WDPA limits. | An inspection lead, not courtroom evidence.", "caveat": "Dark vessel: detected by satellite SAR but not broadcasting AIS.", "innocent": "A radar contact with no AIS may be a vessel not required to broadcast, sea clutter, or fixed infrastructure; treat as a lead to confirm."}}, {"type": "Feature", "geometry": {"type": "Point", "coordinates": [-90.80000305175781, -0.44]}, "properties": {"id": "sar__galapagos_marine_reserve_0046", "kind": "dark_vessel_sar", "mpa": "Gal\u00e1pagos Marine Reserve", "severity": "high", "severity_reason": "no-take / national-park protection", "when": "2024-01-02T11:42:31Z", "score": null, "vessel": "(dark -- no AIS identity)", "ship_name": "", "ship_type": "", "destination": "", "gear": "SAR (dark)", "flag": "", "flag_emoji": "", "eez": "Ecuadorian Exclusive Economic Zone (Galapagos)", "eez_sovereign": "Ecuador", "eez_foreign": null, "authorization": "", "authorities": "", "iuu_listed": false, "iuu_label": "", "imo": "", "next_port": null, "evidence_hash": "adea9d41b527b428feca9599083cd3722cfc4e44513c31dbb44e5d6e3be0ae67", "evidence_schema": "seavigil-evidence-1.0", "why": "inside MPA: Gal\u00e1pagos Marine Reserve \u00b7 not broadcasting AIS (dark vessel) \u00b7 satellite detections in window: 1", "why_full": "inside MPA: Gal\u00e1pagos Marine Reserve \u00b7 not broadcasting AIS (dark vessel) \u00b7 satellite detections in window: 1", "baseline": "", "caveats": "Dark vessel: detected by satellite SAR but not broadcasting AIS. | Not SHAP-explainable -- a SAR detection has no movement track to attribute. | length_m and fishing_score are GFW model estimates from imagery, not ground truth. | MPA boundary may be approximate; verify against official WDPA limits. | An inspection lead, not courtroom evidence.", "caveat": "Dark vessel: detected by satellite SAR but not broadcasting AIS.", "innocent": "A radar contact with no AIS may be a vessel not required to broadcast, sea clutter, or fixed infrastructure; treat as a lead to confirm."}}, {"type": "Feature", "geometry": {"type": "Point", "coordinates": [-90.51000213623047, -0.29]}, "properties": {"id": "sar__galapagos_marine_reserve_0047", "kind": "dark_vessel_sar", "mpa": "Gal\u00e1pagos Marine Reserve", "severity": "high", "severity_reason": "no-take / national-park protection", "when": "2024-03-31T11:51:02Z", "score": null, "vessel": "(dark -- no AIS identity)", "ship_name": "", "ship_type": "", "destination": "", "gear": "SAR (dark)", "flag": "", "flag_emoji": "", "eez": "Ecuadorian Exclusive Economic Zone (Galapagos)", "eez_sovereign": "Ecuador", "eez_foreign": null, "authorization": "", "authorities": "", "iuu_listed": false, "iuu_label": "", "imo": "", "next_port": null, "evidence_hash": "f97780173ec42dc6596ae34b5775f85ec0b1eba676eb8b8b411982b2b5a7eb71", "evidence_schema": "seavigil-evidence-1.0", "why": "inside MPA: Gal\u00e1pagos Marine Reserve \u00b7 not broadcasting AIS (dark vessel) \u00b7 satellite detections in window: 1", "why_full": "inside MPA: Gal\u00e1pagos Marine Reserve \u00b7 not broadcasting AIS (dark vessel) \u00b7 satellite detections in window: 1", "baseline": "", "caveats": "Dark vessel: detected by satellite SAR but not broadcasting AIS. | Not SHAP-explainable -- a SAR detection has no movement track to attribute. | length_m and fishing_score are GFW model estimates from imagery, not ground truth. | MPA boundary may be approximate; verify against official WDPA limits. | An inspection lead, not courtroom evidence.", "caveat": "Dark vessel: detected by satellite SAR but not broadcasting AIS.", "innocent": "A radar contact with no AIS may be a vessel not required to broadcast, sea clutter, or fixed infrastructure; treat as a lead to confirm."}}, {"type": "Feature", "geometry": {"type": "Point", "coordinates": [-90.45999908447266, -0.36]}, "properties": {"id": "sar__galapagos_marine_reserve_0048", "kind": "dark_vessel_sar", "mpa": "Gal\u00e1pagos Marine Reserve", "severity": "high", "severity_reason": "no-take / national-park protection", "when": "2024-01-02T11:42:31Z", "score": null, "vessel": "(dark -- no AIS identity)", "ship_name": "", "ship_type": "", "destination": "", "gear": "SAR (dark)", "flag": "", "flag_emoji": "", "eez": "Ecuadorian Exclusive Economic Zone (Galapagos)", "eez_sovereign": "Ecuador", "eez_foreign": null, "authorization": "", "authorities": "", "iuu_listed": false, "iuu_label": "", "imo": "", "next_port": null, "evidence_hash": "ab896266a09b37e0e9116a0f861d7c3455b22fe548a96ebae04505ff0e98daaa", "evidence_schema": "seavigil-evidence-1.0", "why": "inside MPA: Gal\u00e1pagos Marine Reserve \u00b7 not broadcasting AIS (dark vessel) \u00b7 satellite detections in window: 1", "why_full": "inside MPA: Gal\u00e1pagos Marine Reserve \u00b7 not broadcasting AIS (dark vessel) \u00b7 satellite detections in window: 1", "baseline": "", "caveats": "Dark vessel: detected by satellite SAR but not broadcasting AIS. | Not SHAP-explainable -- a SAR detection has no movement track to attribute. | length_m and fishing_score are GFW model estimates from imagery, not ground truth. | MPA boundary may be approximate; verify against official WDPA limits. | An inspection lead, not courtroom evidence.", "caveat": "Dark vessel: detected by satellite SAR but not broadcasting AIS.", "innocent": "A radar contact with no AIS may be a vessel not required to broadcast, sea clutter, or fixed infrastructure; treat as a lead to confirm."}}, {"type": "Feature", "geometry": {"type": "Point", "coordinates": [-90.69999694824219, -0.09]}, "properties": {"id": "sar__galapagos_marine_reserve_0049", "kind": "dark_vessel_sar", "mpa": "Gal\u00e1pagos Marine Reserve", "severity": "high", "severity_reason": "no-take / national-park protection", "when": "2024-01-02T11:42:31Z", "score": null, "vessel": "(dark -- no AIS identity)", "ship_name": "", "ship_type": "", "destination": "", "gear": "SAR (dark)", "flag": "", "flag_emoji": "", "eez": "Ecuadorian Exclusive Economic Zone (Galapagos)", "eez_sovereign": "Ecuador", "eez_foreign": null, "authorization": "", "authorities": "", "iuu_listed": false, "iuu_label": "", "imo": "", "next_port": null, "evidence_hash": "b28652c9b43d9ceff6f7ce96aff9eeb50c96d8c8caea1782a7fa01ab3fd2f4f7", "evidence_schema": "seavigil-evidence-1.0", "why": "inside MPA: Gal\u00e1pagos Marine Reserve \u00b7 not broadcasting AIS (dark vessel) \u00b7 satellite detections in window: 1", "why_full": "inside MPA: Gal\u00e1pagos Marine Reserve \u00b7 not broadcasting AIS (dark vessel) \u00b7 satellite detections in window: 1", "baseline": "", "caveats": "Dark vessel: detected by satellite SAR but not broadcasting AIS. | Not SHAP-explainable -- a SAR detection has no movement track to attribute. | length_m and fishing_score are GFW model estimates from imagery, not ground truth. | MPA boundary may be approximate; verify against official WDPA limits. | An inspection lead, not courtroom evidence.", "caveat": "Dark vessel: detected by satellite SAR but not broadcasting AIS.", "innocent": "A radar contact with no AIS may be a vessel not required to broadcast, sea clutter, or fixed infrastructure; treat as a lead to confirm."}}, {"type": "Feature", "geometry": {"type": "Point", "coordinates": [-90.72000122070312, 0.53]}, "properties": {"id": "sar__galapagos_marine_reserve_0050", "kind": "dark_vessel_sar", "mpa": "Gal\u00e1pagos Marine Reserve", "severity": "high", "severity_reason": "no-take / national-park protection", "when": "2024-01-02T11:42:31Z", "score": null, "vessel": "(dark -- no AIS identity)", "ship_name": "", "ship_type": "", "destination": "", "gear": "SAR (dark)", "flag": "", "flag_emoji": "", "eez": "Ecuadorian Exclusive Economic Zone (Galapagos)", "eez_sovereign": "Ecuador", "eez_foreign": null, "authorization": "", "authorities": "", "iuu_listed": false, "iuu_label": "", "imo": "", "next_port": null, "evidence_hash": "559dbd4a894a8dfa571862de44f6b04401f9c3f72d2478685b1df4f3f322ceee", "evidence_schema": "seavigil-evidence-1.0", "why": "inside MPA: Gal\u00e1pagos Marine Reserve \u00b7 not broadcasting AIS (dark vessel) \u00b7 satellite detections in window: 1", "why_full": "inside MPA: Gal\u00e1pagos Marine Reserve \u00b7 not broadcasting AIS (dark vessel) \u00b7 satellite detections in window: 1", "baseline": "", "caveats": "Dark vessel: detected by satellite SAR but not broadcasting AIS. | Not SHAP-explainable -- a SAR detection has no movement track to attribute. | length_m and fishing_score are GFW model estimates from imagery, not ground truth. | MPA boundary may be approximate; verify against official WDPA limits. | An inspection lead, not courtroom evidence.", "caveat": "Dark vessel: detected by satellite SAR but not broadcasting AIS.", "innocent": "A radar contact with no AIS may be a vessel not required to broadcast, sea clutter, or fixed infrastructure; treat as a lead to confirm."}}, {"type": "Feature", "geometry": {"type": "Point", "coordinates": [-91.47000122070312, -0.2]}, "properties": {"id": "sar__galapagos_marine_reserve_0051", "kind": "dark_vessel_sar", "mpa": "Gal\u00e1pagos Marine Reserve", "severity": "high", "severity_reason": "no-take / national-park protection", "when": "2024-01-02T11:42:31Z", "score": null, "vessel": "(dark -- no AIS identity)", "ship_name": "", "ship_type": "", "destination": "", "gear": "SAR (dark)", "flag": "", "flag_emoji": "", "eez": "Ecuadorian Exclusive Economic Zone (Galapagos)", "eez_sovereign": "Ecuador", "eez_foreign": null, "authorization": "", "authorities": "", "iuu_listed": false, "iuu_label": "", "imo": "", "next_port": null, "evidence_hash": "4544e88f96db0e3ae7a3124a98f120316fa36a1d0057bb3a494b35b517fbfd17", "evidence_schema": "seavigil-evidence-1.0", "why": "inside MPA: Gal\u00e1pagos Marine Reserve \u00b7 not broadcasting AIS (dark vessel) \u00b7 satellite detections in window: 1", "why_full": "inside MPA: Gal\u00e1pagos Marine Reserve \u00b7 not broadcasting AIS (dark vessel) \u00b7 satellite detections in window: 1", "baseline": "", "caveats": "Dark vessel: detected by satellite SAR but not broadcasting AIS. | Not SHAP-explainable -- a SAR detection has no movement track to attribute. | length_m and fishing_score are GFW model estimates from imagery, not ground truth. | MPA boundary may be approximate; verify against official WDPA limits. | An inspection lead, not courtroom evidence.", "caveat": "Dark vessel: detected by satellite SAR but not broadcasting AIS.", "innocent": "A radar contact with no AIS may be a vessel not required to broadcast, sea clutter, or fixed infrastructure; treat as a lead to confirm."}}, {"type": "Feature", "geometry": {"type": "Point", "coordinates": [-91.12999725341797, -0.57]}, "properties": {"id": "sar__galapagos_marine_reserve_0052", "kind": "dark_vessel_sar", "mpa": "Gal\u00e1pagos Marine Reserve", "severity": "high", "severity_reason": "no-take / national-park protection", "when": "2024-01-02T11:42:31Z", "score": null, "vessel": "(dark -- no AIS identity)", "ship_name": "", "ship_type": "", "destination": "", "gear": "SAR (dark)", "flag": "", "flag_emoji": "", "eez": "Ecuadorian Exclusive Economic Zone (Galapagos)", "eez_sovereign": "Ecuador", "eez_foreign": null, "authorization": "", "authorities": "", "iuu_listed": false, "iuu_label": "", "imo": "", "next_port": null, "evidence_hash": "9e60d4e57dfde4173eb12c3db6f67609a0a903af6d3e2fb10621965bb7a81171", "evidence_schema": "seavigil-evidence-1.0", "why": "inside MPA: Gal\u00e1pagos Marine Reserve \u00b7 not broadcasting AIS (dark vessel) \u00b7 satellite detections in window: 1", "why_full": "inside MPA: Gal\u00e1pagos Marine Reserve \u00b7 not broadcasting AIS (dark vessel) \u00b7 satellite detections in window: 1", "baseline": "", "caveats": "Dark vessel: detected by satellite SAR but not broadcasting AIS. | Not SHAP-explainable -- a SAR detection has no movement track to attribute. | length_m and fishing_score are GFW model estimates from imagery, not ground truth. | MPA boundary may be approximate; verify against official WDPA limits. | An inspection lead, not courtroom evidence.", "caveat": "Dark vessel: detected by satellite SAR but not broadcasting AIS.", "innocent": "A radar contact with no AIS may be a vessel not required to broadcast, sea clutter, or fixed infrastructure; treat as a lead to confirm."}}, {"type": "Feature", "geometry": {"type": "Point", "coordinates": [-89.88999938964844, 0.41]}, "properties": {"id": "sar__galapagos_marine_reserve_0053", "kind": "dark_vessel_sar", "mpa": "Gal\u00e1pagos Marine Reserve", "severity": "high", "severity_reason": "no-take / national-park protection", "when": "2024-01-02T11:42:31Z", "score": null, "vessel": "(dark -- no AIS identity)", "ship_name": "", "ship_type": "", "destination": "", "gear": "SAR (dark)", "flag": "", "flag_emoji": "", "eez": "Ecuadorian Exclusive Economic Zone (Galapagos)", "eez_sovereign": "Ecuador", "eez_foreign": null, "authorization": "", "authorities": "", "iuu_listed": false, "iuu_label": "", "imo": "", "next_port": null, "evidence_hash": "fffb3a705e370b8a04f41a9bb549dc28e34b274e5ad38c2108105f425c4fd1d4", "evidence_schema": "seavigil-evidence-1.0", "why": "inside MPA: Gal\u00e1pagos Marine Reserve \u00b7 not broadcasting AIS (dark vessel) \u00b7 satellite detections in window: 1", "why_full": "inside MPA: Gal\u00e1pagos Marine Reserve \u00b7 not broadcasting AIS (dark vessel) \u00b7 satellite detections in window: 1", "baseline": "", "caveats": "Dark vessel: detected by satellite SAR but not broadcasting AIS. | Not SHAP-explainable -- a SAR detection has no movement track to attribute. | length_m and fishing_score are GFW model estimates from imagery, not ground truth. | MPA boundary may be approximate; verify against official WDPA limits. | An inspection lead, not courtroom evidence.", "caveat": "Dark vessel: detected by satellite SAR but not broadcasting AIS.", "innocent": "A radar contact with no AIS may be a vessel not required to broadcast, sea clutter, or fixed infrastructure; treat as a lead to confirm."}}, {"type": "Feature", "geometry": {"type": "Point", "coordinates": [-91.33999633789062, 0.25]}, "properties": {"id": "sar__galapagos_marine_reserve_0054", "kind": "dark_vessel_sar", "mpa": "Gal\u00e1pagos Marine Reserve", "severity": "high", "severity_reason": "no-take / national-park protection", "when": "2024-01-02T11:42:31Z", "score": null, "vessel": "(dark -- no AIS identity)", "ship_name": "", "ship_type": "", "destination": "", "gear": "SAR (dark)", "flag": "", "flag_emoji": "", "eez": "Ecuadorian Exclusive Economic Zone (Galapagos)", "eez_sovereign": "Ecuador", "eez_foreign": null, "authorization": "", "authorities": "", "iuu_listed": false, "iuu_label": "", "imo": "", "next_port": null, "evidence_hash": "10c8511642c44c040044c28d14a788b4dff910ac299627b2902392bae53821e3", "evidence_schema": "seavigil-evidence-1.0", "why": "inside MPA: Gal\u00e1pagos Marine Reserve \u00b7 not broadcasting AIS (dark vessel) \u00b7 satellite detections in window: 1", "why_full": "inside MPA: Gal\u00e1pagos Marine Reserve \u00b7 not broadcasting AIS (dark vessel) \u00b7 satellite detections in window: 1", "baseline": "", "caveats": "Dark vessel: detected by satellite SAR but not broadcasting AIS. | Not SHAP-explainable -- a SAR detection has no movement track to attribute. | length_m and fishing_score are GFW model estimates from imagery, not ground truth. | MPA boundary may be approximate; verify against official WDPA limits. | An inspection lead, not courtroom evidence.", "caveat": "Dark vessel: detected by satellite SAR but not broadcasting AIS.", "innocent": "A radar contact with no AIS may be a vessel not required to broadcast, sea clutter, or fixed infrastructure; treat as a lead to confirm."}}, {"type": "Feature", "geometry": {"type": "Point", "coordinates": [-90.86000061035156, -0.97]}, "properties": {"id": "sar__galapagos_marine_reserve_0055", "kind": "dark_vessel_sar", "mpa": "Gal\u00e1pagos Marine Reserve", "severity": "high", "severity_reason": "no-take / national-park protection", "when": "2024-01-02T11:42:31Z", "score": null, "vessel": "(dark -- no AIS identity)", "ship_name": "", "ship_type": "", "destination": "", "gear": "SAR (dark)", "flag": "", "flag_emoji": "", "eez": "Ecuadorian Exclusive Economic Zone (Galapagos)", "eez_sovereign": "Ecuador", "eez_foreign": null, "authorization": "", "authorities": "", "iuu_listed": false, "iuu_label": "", "imo": "", "next_port": null, "evidence_hash": "5089c1a0e852b71327cd165268ef434e3ab79f23ec71ab4a0f8f91e9579f6494", "evidence_schema": "seavigil-evidence-1.0", "why": "inside MPA: Gal\u00e1pagos Marine Reserve \u00b7 not broadcasting AIS (dark vessel) \u00b7 satellite detections in window: 1", "why_full": "inside MPA: Gal\u00e1pagos Marine Reserve \u00b7 not broadcasting AIS (dark vessel) \u00b7 satellite detections in window: 1", "baseline": "", "caveats": "Dark vessel: detected by satellite SAR but not broadcasting AIS. | Not SHAP-explainable -- a SAR detection has no movement track to attribute. | length_m and fishing_score are GFW model estimates from imagery, not ground truth. | MPA boundary may be approximate; verify against official WDPA limits. | An inspection lead, not courtroom evidence.", "caveat": "Dark vessel: detected by satellite SAR but not broadcasting AIS.", "innocent": "A radar contact with no AIS may be a vessel not required to broadcast, sea clutter, or fixed infrastructure; treat as a lead to confirm."}}, {"type": "Feature", "geometry": {"type": "Point", "coordinates": [-91.20999908447266, -0.5]}, "properties": {"id": "sar__galapagos_marine_reserve_0056", "kind": "dark_vessel_sar", "mpa": "Gal\u00e1pagos Marine Reserve", "severity": "high", "severity_reason": "no-take / national-park protection", "when": "2024-01-02T11:42:31Z", "score": null, "vessel": "(dark -- no AIS identity)", "ship_name": "", "ship_type": "", "destination": "", "gear": "SAR (dark)", "flag": "", "flag_emoji": "", "eez": "Ecuadorian Exclusive Economic Zone (Galapagos)", "eez_sovereign": "Ecuador", "eez_foreign": null, "authorization": "", "authorities": "", "iuu_listed": false, "iuu_label": "", "imo": "", "next_port": null, "evidence_hash": "a9f3a79bc2569a7b7f7550f037651a1f3b03326ba7b83b2bf2e835f6b112b359", "evidence_schema": "seavigil-evidence-1.0", "why": "inside MPA: Gal\u00e1pagos Marine Reserve \u00b7 not broadcasting AIS (dark vessel) \u00b7 satellite detections in window: 1", "why_full": "inside MPA: Gal\u00e1pagos Marine Reserve \u00b7 not broadcasting AIS (dark vessel) \u00b7 satellite detections in window: 1", "baseline": "", "caveats": "Dark vessel: detected by satellite SAR but not broadcasting AIS. | Not SHAP-explainable -- a SAR detection has no movement track to attribute. | length_m and fishing_score are GFW model estimates from imagery, not ground truth. | MPA boundary may be approximate; verify against official WDPA limits. | An inspection lead, not courtroom evidence.", "caveat": "Dark vessel: detected by satellite SAR but not broadcasting AIS.", "innocent": "A radar contact with no AIS may be a vessel not required to broadcast, sea clutter, or fixed infrastructure; treat as a lead to confirm."}}, {"type": "Feature", "geometry": {"type": "Point", "coordinates": [-91.41000366210938, -0.75]}, "properties": {"id": "sar__galapagos_marine_reserve_0057", "kind": "dark_vessel_sar", "mpa": "Gal\u00e1pagos Marine Reserve", "severity": "high", "severity_reason": "no-take / national-park protection", "when": "2024-03-31T11:51:02Z", "score": null, "vessel": "(dark -- no AIS identity)", "ship_name": "", "ship_type": "", "destination": "", "gear": "SAR (dark)", "flag": "", "flag_emoji": "", "eez": "Ecuadorian Exclusive Economic Zone (Galapagos)", "eez_sovereign": "Ecuador", "eez_foreign": null, "authorization": "", "authorities": "", "iuu_listed": false, "iuu_label": "", "imo": "", "next_port": null, "evidence_hash": "b0747039a0fd94b7ed63283b8cb54c8f2e7931a46e45e0da4ebfd718b108b9a7", "evidence_schema": "seavigil-evidence-1.0", "why": "inside MPA: Gal\u00e1pagos Marine Reserve \u00b7 not broadcasting AIS (dark vessel) \u00b7 satellite detections in window: 1", "why_full": "inside MPA: Gal\u00e1pagos Marine Reserve \u00b7 not broadcasting AIS (dark vessel) \u00b7 satellite detections in window: 1", "baseline": "", "caveats": "Dark vessel: detected by satellite SAR but not broadcasting AIS. | Not SHAP-explainable -- a SAR detection has no movement track to attribute. | length_m and fishing_score are GFW model estimates from imagery, not ground truth. | MPA boundary may be approximate; verify against official WDPA limits. | An inspection lead, not courtroom evidence.", "caveat": "Dark vessel: detected by satellite SAR but not broadcasting AIS.", "innocent": "A radar contact with no AIS may be a vessel not required to broadcast, sea clutter, or fixed infrastructure; treat as a lead to confirm."}}, {"type": "Feature", "geometry": {"type": "Point", "coordinates": [-91.48999786376953, -0.18]}, "properties": {"id": "sar__galapagos_marine_reserve_0058", "kind": "dark_vessel_sar", "mpa": "Gal\u00e1pagos Marine Reserve", "severity": "high", "severity_reason": "no-take / national-park protection", "when": "2024-01-02T11:42:31Z", "score": null, "vessel": "(dark -- no AIS identity)", "ship_name": "", "ship_type": "", "destination": "", "gear": "SAR (dark)", "flag": "", "flag_emoji": "", "eez": "Ecuadorian Exclusive Economic Zone (Galapagos)", "eez_sovereign": "Ecuador", "eez_foreign": null, "authorization": "", "authorities": "", "iuu_listed": false, "iuu_label": "", "imo": "", "next_port": null, "evidence_hash": "503f1ead2270ec905ae0e1ee0af745e3250eac0d84c16144c9a0806cfac68529", "evidence_schema": "seavigil-evidence-1.0", "why": "inside MPA: Gal\u00e1pagos Marine Reserve \u00b7 not broadcasting AIS (dark vessel) \u00b7 satellite detections in window: 1", "why_full": "inside MPA: Gal\u00e1pagos Marine Reserve \u00b7 not broadcasting AIS (dark vessel) \u00b7 satellite detections in window: 1", "baseline": "", "caveats": "Dark vessel: detected by satellite SAR but not broadcasting AIS. | Not SHAP-explainable -- a SAR detection has no movement track to attribute. | length_m and fishing_score are GFW model estimates from imagery, not ground truth. | MPA boundary may be approximate; verify against official WDPA limits. | An inspection lead, not courtroom evidence.", "caveat": "Dark vessel: detected by satellite SAR but not broadcasting AIS.", "innocent": "A radar contact with no AIS may be a vessel not required to broadcast, sea clutter, or fixed infrastructure; treat as a lead to confirm."}}, {"type": "Feature", "geometry": {"type": "Point", "coordinates": [-90.7699966430664, -0.49]}, "properties": {"id": "sar__galapagos_marine_reserve_0059", "kind": "dark_vessel_sar", "mpa": "Gal\u00e1pagos Marine Reserve", "severity": "high", "severity_reason": "no-take / national-park protection", "when": "2024-01-02T11:42:31Z", "score": null, "vessel": "(dark -- no AIS identity)", "ship_name": "", "ship_type": "", "destination": "", "gear": "SAR (dark)", "flag": "", "flag_emoji": "", "eez": "Ecuadorian Exclusive Economic Zone (Galapagos)", "eez_sovereign": "Ecuador", "eez_foreign": null, "authorization": "", "authorities": "", "iuu_listed": false, "iuu_label": "", "imo": "", "next_port": null, "evidence_hash": "caed26a46bdfa3acdac88ce44b8eabdc2e8fdc805d5bd0b0a9aef312550ed9d0", "evidence_schema": "seavigil-evidence-1.0", "why": "inside MPA: Gal\u00e1pagos Marine Reserve \u00b7 not broadcasting AIS (dark vessel) \u00b7 satellite detections in window: 1", "why_full": "inside MPA: Gal\u00e1pagos Marine Reserve \u00b7 not broadcasting AIS (dark vessel) \u00b7 satellite detections in window: 1", "baseline": "", "caveats": "Dark vessel: detected by satellite SAR but not broadcasting AIS. | Not SHAP-explainable -- a SAR detection has no movement track to attribute. | length_m and fishing_score are GFW model estimates from imagery, not ground truth. | MPA boundary may be approximate; verify against official WDPA limits. | An inspection lead, not courtroom evidence.", "caveat": "Dark vessel: detected by satellite SAR but not broadcasting AIS.", "innocent": "A radar contact with no AIS may be a vessel not required to broadcast, sea clutter, or fixed infrastructure; treat as a lead to confirm."}}, {"type": "Feature", "geometry": {"type": "Point", "coordinates": [-92.33000183105469, -0.96]}, "properties": {"id": "sar__galapagos_marine_reserve_0060", "kind": "dark_vessel_sar", "mpa": "Gal\u00e1pagos Marine Reserve", "severity": "high", "severity_reason": "no-take / national-park protection", "when": "2024-01-02T11:42:31Z", "score": null, "vessel": "(dark -- no AIS identity)", "ship_name": "", "ship_type": "", "destination": "", "gear": "SAR (dark)", "flag": "", "flag_emoji": "", "eez": "Ecuadorian Exclusive Economic Zone (Galapagos)", "eez_sovereign": "Ecuador", "eez_foreign": null, "authorization": "", "authorities": "", "iuu_listed": false, "iuu_label": "", "imo": "", "next_port": null, "evidence_hash": "140a940cbeb81b96fef633c448d26e940ab5fa3efdcba8ee9ab462410d2adde3", "evidence_schema": "seavigil-evidence-1.0", "why": "inside MPA: Gal\u00e1pagos Marine Reserve \u00b7 not broadcasting AIS (dark vessel) \u00b7 satellite detections in window: 1", "why_full": "inside MPA: Gal\u00e1pagos Marine Reserve \u00b7 not broadcasting AIS (dark vessel) \u00b7 satellite detections in window: 1", "baseline": "", "caveats": "Dark vessel: detected by satellite SAR but not broadcasting AIS. | Not SHAP-explainable -- a SAR detection has no movement track to attribute. | length_m and fishing_score are GFW model estimates from imagery, not ground truth. | MPA boundary may be approximate; verify against official WDPA limits. | An inspection lead, not courtroom evidence.", "caveat": "Dark vessel: detected by satellite SAR but not broadcasting AIS.", "innocent": "A radar contact with no AIS may be a vessel not required to broadcast, sea clutter, or fixed infrastructure; treat as a lead to confirm."}}, {"type": "Feature", "geometry": {"type": "Point", "coordinates": [152.49000549316406, -22.32]}, "properties": {"id": "sar__great_barrier_reef_marine_park_0086", "kind": "dark_vessel_sar", "mpa": "Great Barrier Reef Marine Park", "severity": "low", "severity_reason": "multi-use protected area", "when": "2024-01-01T08:29:59Z", "score": null, "vessel": "(dark -- no AIS identity)", "ship_name": "", "ship_type": "", "destination": "", "gear": "SAR (dark)", "flag": "", "flag_emoji": "", "eez": "Australian Exclusive Economic Zone", "eez_sovereign": "Australia", "eez_foreign": null, "authorization": "", "authorities": "", "iuu_listed": false, "iuu_label": "", "imo": "", "next_port": null, "evidence_hash": "e10a3823f4796bf17643086d6a70324f519b47a138998935e7347058d736f7ca", "evidence_schema": "seavigil-evidence-1.0", "why": "inside MPA: Great Barrier Reef Marine Park \u00b7 not broadcasting AIS (dark vessel) \u00b7 satellite detections in window: 1", "why_full": "inside MPA: Great Barrier Reef Marine Park \u00b7 not broadcasting AIS (dark vessel) \u00b7 satellite detections in window: 1", "baseline": "", "caveats": "Dark vessel: detected by satellite SAR but not broadcasting AIS. | Not SHAP-explainable -- a SAR detection has no movement track to attribute. | length_m and fishing_score are GFW model estimates from imagery, not ground truth. | MPA boundary may be approximate; verify against official WDPA limits. | An inspection lead, not courtroom evidence.", "caveat": "Dark vessel: detected by satellite SAR but not broadcasting AIS.", "innocent": "A radar contact with no AIS may be a vessel not required to broadcast, sea clutter, or fixed infrastructure; treat as a lead to confirm."}}, {"type": "Feature", "geometry": {"type": "Point", "coordinates": [144.6699981689453, -14.31]}, "properties": {"id": "sar__great_barrier_reef_marine_park_0087", "kind": "dark_vessel_sar", "mpa": "Great Barrier Reef Marine Park", "severity": "low", "severity_reason": "multi-use protected area", "when": "2024-05-01T20:00:15Z", "score": null, "vessel": "(dark -- no AIS identity)", "ship_name": "", "ship_type": "", "destination": "", "gear": "SAR (dark)", "flag": "", "flag_emoji": "", "eez": "Australian Exclusive Economic Zone", "eez_sovereign": "Australia", "eez_foreign": null, "authorization": "", "authorities": "", "iuu_listed": false, "iuu_label": "", "imo": "", "next_port": null, "evidence_hash": "914d7b18a3f7a295a07e023cf0b0ccf0ce09abea2939e353b552c9e86943d190", "evidence_schema": "seavigil-evidence-1.0", "why": "inside MPA: Great Barrier Reef Marine Park \u00b7 not broadcasting AIS (dark vessel) \u00b7 satellite detections in window: 1", "why_full": "inside MPA: Great Barrier Reef Marine Park \u00b7 not broadcasting AIS (dark vessel) \u00b7 satellite detections in window: 1", "baseline": "", "caveats": "Dark vessel: detected by satellite SAR but not broadcasting AIS. | Not SHAP-explainable -- a SAR detection has no movement track to attribute. | length_m and fishing_score are GFW model estimates from imagery, not ground truth. | MPA boundary may be approximate; verify against official WDPA limits. | An inspection lead, not courtroom evidence.", "caveat": "Dark vessel: detected by satellite SAR but not broadcasting AIS.", "innocent": "A radar contact with no AIS may be a vessel not required to broadcast, sea clutter, or fixed infrastructure; treat as a lead to confirm."}}, {"type": "Feature", "geometry": {"type": "Point", "coordinates": [149.36000061035156, -20.34]}, "properties": {"id": "sar__great_barrier_reef_marine_park_0088", "kind": "dark_vessel_sar", "mpa": "Great Barrier Reef Marine Park", "severity": "low", "severity_reason": "multi-use protected area", "when": "2024-01-01T08:29:59Z", "score": null, "vessel": "(dark -- no AIS identity)", "ship_name": "", "ship_type": "", "destination": "", "gear": "SAR (dark)", "flag": "", "flag_emoji": "", "eez": "Australian Exclusive Economic Zone", "eez_sovereign": "Australia", "eez_foreign": null, "authorization": "", "authorities": "", "iuu_listed": false, "iuu_label": "", "imo": "", "next_port": null, "evidence_hash": "747c69337ddec4f743053f14e04732b50ce2d7acffb067738e48d33066ee1c05", "evidence_schema": "seavigil-evidence-1.0", "why": "inside MPA: Great Barrier Reef Marine Park \u00b7 not broadcasting AIS (dark vessel) \u00b7 satellite detections in window: 1", "why_full": "inside MPA: Great Barrier Reef Marine Park \u00b7 not broadcasting AIS (dark vessel) \u00b7 satellite detections in window: 1", "baseline": "", "caveats": "Dark vessel: detected by satellite SAR but not broadcasting AIS. | Not SHAP-explainable -- a SAR detection has no movement track to attribute. | length_m and fishing_score are GFW model estimates from imagery, not ground truth. | MPA boundary may be approximate; verify against official WDPA limits. | An inspection lead, not courtroom evidence.", "caveat": "Dark vessel: detected by satellite SAR but not broadcasting AIS.", "innocent": "A radar contact with no AIS may be a vessel not required to broadcast, sea clutter, or fixed infrastructure; treat as a lead to confirm."}}]}