{
  "model": {
    "name": "RandomForest",
    "test_metrics": {
      "precision": 0.8828458994777126,
      "recall": 0.8604035941970785,
      "f1": 0.8714802875766481,
      "n": 408194.0,
      "positive_rate": 0.48802775151031125,
      "roc_auc": 0.9462033104586952,
      "pr_auc": 0.9282208830363352
    }
  },
  "baseline": {
    "name": "speed threshold",
    "test_metrics": {
      "precision": 0.5159135601915185,
      "recall": 0.9692886903267908,
      "f1": 0.6734021294478292,
      "n": 408194.0,
      "positive_rate": 0.48802775151031125,
      "roc_auc": 0.39211802844487265,
      "pr_auc": 0.40052998466853734,
      "threshold_knots": 10.6999998093
    }
  },
  "n_train": 1122490,
  "n_test": 408194
}